Timestamp,What is your gender : ,In which year of your studies are you currently enrolled:,What was your BAC specialty :,How many hours per week do you spend studying (personnal efforts):,Where do you prefer to study:,You prefer to study: ,What learning methods do help you understand better: ,What types of resources do you use most:_x,Do you use a planer or a schedule in your revisions :_x,"For the next 8 questions you will have a list of problems (obstacles) classify them according to how much they influence your studies:
1. First :_x",2. Second :,3. Third :,4. Fourth :,5. Fifth :,6. Sixth :,7. Seventh :,8. Eighth :,Other problems that you face:,Rate your satisfaction  with the school's program: ,Do you engage in any external activities (not related to the study field): ,Your level of motivation for joining ENSIA:,How much do you like the field of Artificial Intelligence :_x,How do other's feedback influence you:,How many hours do you sleep :,How well do you handle stress and pressure : ,"In a scale of 1 to 10 how do you rate your level in the following fields:
1. English:_x",2. Programming:_x,3. Computer science: ,4. Mathematics:,1Y_Average S1_x,1Y_Average S2_x,1Y_Average_x,2Y_Average S1_x,2Y_Average S2_x,2Y_Average_x,3Y_Average S1,3Y_Average S2,3Y_Average,1Y_Foundational Mathematics,1Y_DSA1,1Y_Digital Systems,1Y_Information Technology Essentials,1Y_English 1,1Y_CPSCT_x,1Y_OOP_x,1Y_Introduction to Linux,1Y_Linear Algebra_x,1Y_Mathematical Analysis 1,1Y_Introduction to Statistics,1Y_English 2,2Y_DSA 2,2Y_Logic_x,2Y_Mathematical Analysis 2,2Y_Databases,2Y_Probability,2Y_Web Development,2Y_Introduction to Business,2Y_Theory of Computing,2Y_Operating Systems,2Y_Computer Architecture,2Y_Statistical Inference,2Y_Introduction to AI,2Y_Mathematical Analysis 3,2Y_Electronic Circuits Labs,3Y_Data Mining,3Y_Operations Research,3Y_Stochastic,3Y_Software Engineering,3Y_Networks and Protocols,3Y_Mobile Development,3Y_Entrepreneurship and Innovation,3Y_Machine Learning,3Y_Numerical Methods and Optimisation,3Y_Time Series,3Y_Advanced Databases,3Y_Computer and network Security,1Y_Foundational Mathematics.1,1Y_DSA1.1,1Y_Digital Systems.1,1Y_Information Technology Essentials.1,1Y_English 1.1,1Y_CPSCT.1,1Y_OOP.1,1Y_Introduction to Linux.1,1Y_Linear Algebra.1,1Y_Mathematical Analysis 1.1,1Y_Introduction to Statistics.1,1Y_English 2.1,2Y_DSA 2.1,2Y_Logic.1,2Y_Mathematical Analysis 2.1,2Y_Databases.1,2Y_Probability.1,2Y_Web Development.1,2Y_Introduction to Business.1,2Y_Theory of Computing.1,2Y_Operating Systems.1,2Y_Computer Architecture.1,2Y_Statistical Inference.1,2Y_Introduction to AI.1,2Y_Mathematical Analysis 3.1,2Y_Electronic Circuits Labs.1,1Y_Foundational Mathematics.2,1Y_DSA1.2,1Y_Digital Systems.2,1Y_Information Technology Essentials.2,1Y_English 1.2,1Y_CPSCT.2,1Y_OOP.2,1Y_Introduction to Linux.2,1Y_Linear Algebra.2,1Y_Mathematical Analysis 1.2,1Y_Introduction to Statistics.2,1Y_English 2.2,You prefer to study:,What learning methods do help you understand better:,What types of resources do you use most:_y,Do you use a planer or a schedule in your revisions :_y,"For the next 8 questions you will have a list of problems (obstacles) classify them according to how much they influence your studies:
1. First :_y",2. Second:,3. Third:,4. Forth:,5. Fifth:,6. sixth:,7. seventh:,8. eighth,Rate your satisfaction with the school's program:,Do you engage in any external activities (not related to the study field):,Your level of motivation for joining ENSIA,How much do you like the field of Artificial Intelligence :_y,How do others' feedbacks influence you:,How many hours do you sleep,How well do you handle stress and pressure :,"In a scale of 1 to 10 how do you rate your level in the following fields:
1. English:_y",2. Programming:_y,3. Computer science:,4. Mathematics,1Y_Intensive english,1Y_Seminar,1Y_CPSCT_y,1Y_Analysis I,1Y_Algebra,1Y_A. Com. I,1Y_Average S1_y,1Y_Intro. Prog. C++,1Y_Analysis II,1Y_A. Com. II,1Y_OOP_y,1Y_Linear Algebra_y,1Y_Proba Stat,1Y_Average S2_y,1Y_Average_y,2Y_Analysis III,2Y_DSA,2Y_Archi 1,2Y_Logic_y,2Y_Complexity,2Y_Proba Stat II,2Y_Lin. Alg II,2Y_DataBases,2Y_Average S1_y,2Y_Intro AI,2Y_Oper. res,2Y_Archi II,2Y_Oper. Syst,2Y_Soft. Eng.,2Y_Web Prog.,2Y_Intro. Busin.,2Y_Average S2_y,2Y_Average_y
2025/01/08 6:01:26 PM GMT+1,Female,Second year,Science,18-25,In your room (dorms),Alone,Lectures;Learning by practicing;Mind mapping and visualization;Online courses and tutorials,Online tutorials;YouTube videos,No,Pressure,Lack of previous knowledge or experience in the field,Lack of time,Private life problems,Teachers' teaching method,Teaching language,Bad quality of internet,Not having a good (powerful) computer,Teacher’s rating ,2,Yes,1,1,You do not care about,8 hours or more,1,9,5,6,7,12.0,12.0,12.0,,,,,,,,,,,,,,,,,,,,,,,,,,,,,,,,,,,,,,,,,,,,,,,,,,,,,,,,,,,,,,,,,,,,,,,Moderate,Low,High,Very High,Moderate,Very Low,High,Very High,Very High,High,High,Moderate,Alone,"Learning by practicing, Project-based learning, Mind mapping and visualization, Interactive workshops, Online courses and tutorials","Online tutorials, Online documents, YouTube videos",Yes,Teachers' teaching method,Lack of time,Lack of previous knowledge or experience in the field,Lack of time,Pressure,Bad quality of internet,Teaching language,Private life problems,3,No,5,5,You do not care about,5-7 hours,5,9,6,6,8,Very High,High,High,High,Moderate,High,13.0,Moderate,Moderate,Very High,Moderate,Moderate,Moderate,10.0,11.0,,,,,,,,,,,,,,,,,,
2025/01/08 6:01:26 PM GMT+1,Female,Second year,Science,18-25,In your room (dorms),Alone,Lectures;Learning by practicing;Mind mapping and visualization;Online courses and tutorials,Online tutorials;YouTube videos,No,Pressure,Lack of previous knowledge or experience in the field,Lack of time,Private life problems,Teachers' teaching method,Teaching language,Bad quality of internet,Not having a good (powerful) computer,Teacher’s rating ,2,Yes,1,1,You do not care about,8 hours or more,1,9,5,6,7,12.0,12.0,12.0,,,,,,,,,,,,,,,,,,,,,,,,,,,,,,,,,,,,,,,,,,,,,,,,,,,,,,,,,,,,,,,,,,,,,,,Moderate,Low,High,Very High,Moderate,Very Low,High,Very High,Very High,High,High,Moderate,Alone,"Lectures, Learning by practicing, Mind mapping and visualization","Books, Online tutorials, YouTube videos",No,Teaching language,Pressure,Lack of previous knowledge or experience in the field,Lack of time,Teachers' teaching method,Bad quality of internet,Not having a good (powerful) computer,Private life problems,2,No,4,5,Negatively,5-7 hours,5,6,3,2,5,High,High,High,High,Moderate,High,12.0,Low,High,High,Moderate,Low,Low,8.0,10.0,,,,,,,,,,,,,,,,,,
2025/01/08 6:01:26 PM GMT+1,Female,Second year,Science,18-25,In your room (dorms),Alone,Lectures;Learning by practicing;Mind mapping and visualization;Online courses and tutorials,Online tutorials;YouTube videos,No,Pressure,Lack of previous knowledge or experience in the field,Lack of time,Private life problems,Teachers' teaching method,Teaching language,Bad quality of internet,Not having a good (powerful) computer,Teacher’s rating ,2,Yes,1,1,You do not care about,8 hours or more,1,9,5,6,7,12.0,12.0,12.0,,,,,,,,,,,,,,,,,,,,,,,,,,,,,,,,,,,,,,,,,,,,,,,,,,,,,,,,,,,,,,,,,,,,,,,Moderate,Low,High,Very High,Moderate,Very Low,High,Very High,Very High,High,High,Moderate,Alone,"Learning by practicing, Project-based learning","Books, Online tutorials, Online documents, YouTube videos",Yes,Pressure,Lack of time,Teachers' teaching method,Bad quality of internet,Private life problems,Teaching language,Lack of previous knowledge or experience in the field,Not having a good (powerful) computer,3,Yes,4,5,You do not care about,5-7 hours,3,9,9,9,7,Very High,High,High,Very High,High,High,15.0,High,High,Very High,High,Moderate,Moderate,13.0,14.0,,,,,,,,,,,,,,,,,,
2025/01/08 6:01:26 PM GMT+1,Female,Second year,Science,18-25,In your room (dorms),Alone,Lectures;Learning by practicing;Mind mapping and visualization;Online courses and tutorials,Online tutorials;YouTube videos,No,Pressure,Lack of previous knowledge or experience in the field,Lack of time,Private life problems,Teachers' teaching method,Teaching language,Bad quality of internet,Not having a good (powerful) computer,Teacher’s rating ,2,Yes,1,1,You do not care about,8 hours or more,1,9,5,6,7,12.0,12.0,12.0,,,,,,,,,,,,,,,,,,,,,,,,,,,,,,,,,,,,,,,,,,,,,,,,,,,,,,,,,,,,,,,,,,,,,,,Moderate,Low,High,Very High,Moderate,Very Low,High,Very High,Very High,High,High,Moderate,Alone,Learning by practicing,YouTube videos,Yes,Pressure,Lack of time,Bad quality of internet,Lack of previous knowledge or experience in the field,Teachers' teaching method,Teaching language,Not having a good (powerful) computer,Private life problems,3,No,4,4,You do not care about,5-7 hours,3,7,6,6,8,High,High,High,High,Moderate,Moderate,12.0,Low,High,High,Moderate,Moderate,High,11.0,11.0,,,,,,,,,,,,,,,,,,
2025/01/08 6:01:26 PM GMT+1,Female,Second year,Science,18-25,In your room (dorms),Alone,Lectures;Learning by practicing;Mind mapping and visualization;Online courses and tutorials,Online tutorials;YouTube videos,No,Pressure,Lack of previous knowledge or experience in the field,Lack of time,Private life problems,Teachers' teaching method,Teaching language,Bad quality of internet,Not having a good (powerful) computer,Teacher’s rating ,2,Yes,1,1,You do not care about,8 hours or more,1,9,5,6,7,12.0,12.0,12.0,,,,,,,,,,,,,,,,,,,,,,,,,,,,,,,,,,,,,,,,,,,,,,,,,,,,,,,,,,,,,,,,,,,,,,,Moderate,Low,High,Very High,Moderate,Very Low,High,Very High,Very High,High,High,Moderate,Alone,"Lectures, Online courses and tutorials","Books, Online tutorials, Online documents, YouTube videos",Yes,Pressure,Lack of time,Teachers' teaching method,Lack of previous knowledge or experience in the field,Bad quality of internet,Private life problems,Teaching language,Not having a good (powerful) computer,2,No,3,3,You do not care about,5-7 hours,2,9,6,7,7,High,High,High,High,Moderate,Moderate,13.0,Moderate,High,High,High,Moderate,High,11.0,12.0,,,,,,,,,,,,,,,,,,
2025/01/08 6:01:26 PM GMT+1,Female,Second year,Science,18-25,In your room (dorms),Alone,Lectures;Learning by practicing;Mind mapping and visualization;Online courses and tutorials,Online tutorials;YouTube videos,No,Pressure,Lack of previous knowledge or experience in the field,Lack of time,Private life problems,Teachers' teaching method,Teaching language,Bad quality of internet,Not having a good (powerful) computer,Teacher’s rating ,2,Yes,1,1,You do not care about,8 hours or more,1,9,5,6,7,12.0,12.0,12.0,,,,,,,,,,,,,,,,,,,,,,,,,,,,,,,,,,,,,,,,,,,,,,,,,,,,,,,,,,,,,,,,,,,,,,,Moderate,Low,High,Very High,Moderate,Very Low,High,Very High,Very High,High,High,Moderate,Alone,"Lectures, Mind mapping and visualization, Online courses and tutorials","Books, Online tutorials, Online documents, YouTube videos",No,Pressure,Lack of time,Bad quality of internet,Private life problems,Teachers' teaching method,Lack of previous knowledge or experience in the field,Not having a good (powerful) computer,Teaching language,4,Yes,4,5,Positively,5-7 hours,3,7,6,6,6,High,Very High,Very High,Very High,Very High,High,16.0,High,Very High,Very High,Moderate,Moderate,Moderate,13.0,14.0,,,,,,,,,,,,,,,,,,
2025/01/08 6:01:26 PM GMT+1,Female,Second year,Science,18-25,In your room (dorms),Alone,Lectures;Learning by practicing;Mind mapping and visualization;Online courses and tutorials,Online tutorials;YouTube videos,No,Pressure,Lack of previous knowledge or experience in the field,Lack of time,Private life problems,Teachers' teaching method,Teaching language,Bad quality of internet,Not having a good (powerful) computer,Teacher’s rating ,2,Yes,1,1,You do not care about,8 hours or more,1,9,5,6,7,12.0,12.0,12.0,,,,,,,,,,,,,,,,,,,,,,,,,,,,,,,,,,,,,,,,,,,,,,,,,,,,,,,,,,,,,,,,,,,,,,,Moderate,Low,High,Very High,Moderate,Very Low,High,Very High,Very High,High,High,Moderate,Alone,"Lectures, Learning by practicing, Project-based learning, Mind mapping and visualization","Online tutorials, Online documents, YouTube videos, couses and slides sent by our teachers",Yes,Bad quality of internet,Lack of time,Pressure,Teachers' teaching method,Lack of previous knowledge or experience in the field,Teaching language,Not having a good (powerful) computer,Private life problems,3,Yes,4,3,Positively,5-7 hours,2,8,7,8,6,High,High,High,High,Moderate,High,13.0,Moderate,Moderate,High,High,Low,Moderate,10.0,11.0,,,,,,,,,,,,,,,,,,
2025/01/08 6:02:47 PM GMT+1,Female,Second year,Mathematics,10-17,At home,Alone,Learning by practicing,Books;Online tutorials;Online documents;YouTube videos,No,Lack of time,Pressure,Lack of previous knowledge or experience in the field,Teachers' teaching method,Private life problems,Bad quality of internet,Not having a good (powerful) computer,Teaching language,This is pretty much it ,2,Yes,2,3,You do not care about,5-7 hours,3,9,4,2,5,11.0,,,,,,,,,,,,,,,,,,,,,,,,,,,,,,,,,,,,,,,,,,,,,,,,,,,,,,,,,,,,,,,,,,,,,,,,,,,,,,,,,,,,,Alone,Online courses and tutorials,Online documents,No,Lack of time,Pressure,Lack of previous knowledge or experience in the field,Teachers' teaching method,Bad quality of internet,Not having a good (powerful) computer,Teaching language,Private life problems,2,No,4,4,Negatively,5-7 hours,2,7,6,6,5,Very High,High,High,Very High,High,High,15.0,Moderate,High,Very High,Moderate,Low,High,11.0,13.0,,,,,,,,,,,,,,,,,,
2025/01/08 6:02:47 PM GMT+1,Female,Second year,Mathematics,10-17,At home,Alone,Learning by practicing,Books;Online tutorials;Online documents;YouTube videos,No,Lack of time,Pressure,Lack of previous knowledge or experience in the field,Teachers' teaching method,Private life problems,Bad quality of internet,Not having a good (powerful) computer,Teaching language,This is pretty much it ,2,Yes,2,3,You do not care about,5-7 hours,3,9,4,2,5,11.0,,,,,,,,,,,,,,,,,,,,,,,,,,,,,,,,,,,,,,,,,,,,,,,,,,,,,,,,,,,,,,,,,,,,,,,,,,,,,,,,,,,,,Alone,"Lectures, Learning by practicing, Project-based learning","Books, YouTube videos",Yes,Lack of time,Pressure,Lack of previous knowledge or experience in the field,Private life problems,Not having a good (powerful) computer,Bad quality of internet,Lack of time,Lack of time,3,No,3,5,Positively,8 hours or more,3,7,6,6,5,High,High,High,High,Moderate,Moderate,13.0,Moderate,High,High,High,Low,Low,10.0,11.0,,,,,,,,,,,,,,,,,,
2025/01/08 6:02:47 PM GMT+1,Female,Second year,Mathematics,10-17,At home,Alone,Learning by practicing,Books;Online tutorials;Online documents;YouTube videos,No,Lack of time,Pressure,Lack of previous knowledge or experience in the field,Teachers' teaching method,Private life problems,Bad quality of internet,Not having a good (powerful) computer,Teaching language,This is pretty much it ,2,Yes,2,3,You do not care about,5-7 hours,3,9,4,2,5,11.0,,,,,,,,,,,,,,,,,,,,,,,,,,,,,,,,,,,,,,,,,,,,,,,,,,,,,,,,,,,,,,,,,,,,,,,,,,,,,,,,,,,,,Alone,"Learning by practicing, Mind mapping and visualization, Online courses and tutorials","Online tutorials, Online documents, YouTube videos, asking friends ",Yes,Private life problems,Pressure,Lack of time,Bad quality of internet,Lack of previous knowledge or experience in the field,Teachers' teaching method,Not having a good (powerful) computer,Teaching language,2,Yes,5,4,Negatively,5-7 hours,1,7,5,3,4,Very High,High,High,High,Moderate,High,13.0,Moderate,Moderate,Very High,Moderate,Low,Moderate,10.0,11.0,,,,,,,,,,,,,,,,,,
2025/01/08 6:03:49 PM GMT+1,Female,Second year,Science,18-25,In the school's library,Alone,Lectures;Learning by practicing;Mind mapping and visualization;Online courses and tutorials,Online tutorials;Online documents,Yes,Private life problems,Pressure,Lack of previous knowledge or experience in the field,Lack of time,Teachers' teaching method,Bad quality of internet,Teaching language,Not having a good (powerful) computer,Lack of energy ,3,No,4,5,You do not care about,5-7 hours,1,7,6,6,6,12.0,13.0,12.0,,,,,,,,,,,,,,,,,,,,,,,,,,,,,,,,,,,,,,,,,,,,,,,,,,,,,,,,,,,,,,,,,,,,,,,Moderate,Moderate,Moderate,Moderate,High,High,High,High,Moderate,Moderate,Moderate,High,In peer,"Learning by practicing, Mind mapping and visualization, Online courses and tutorials",YouTube videos,Yes,Lack of time,Pressure,Private life problems,Teachers' teaching method,Bad quality of internet,Lack of previous knowledge or experience in the field,Not having a good (powerful) computer,Teaching language,2,No,3,4,Negatively,5-7 hours,3,8,6,7,8,Very High,High,High,Very High,High,Very High,15.0,Moderate,High,Very High,Moderate,Moderate,Moderate,12.0,13.0,,,,,,,,,,,,,,,,,,
2025/01/08 6:03:49 PM GMT+1,Female,Second year,Science,18-25,In the school's library,Alone,Lectures;Learning by practicing;Mind mapping and visualization;Online courses and tutorials,Online tutorials;Online documents,Yes,Private life problems,Pressure,Lack of previous knowledge or experience in the field,Lack of time,Teachers' teaching method,Bad quality of internet,Teaching language,Not having a good (powerful) computer,Lack of energy ,3,No,4,5,You do not care about,5-7 hours,1,7,6,6,6,12.0,13.0,12.0,,,,,,,,,,,,,,,,,,,,,,,,,,,,,,,,,,,,,,,,,,,,,,,,,,,,,,,,,,,,,,,,,,,,,,,Moderate,Moderate,Moderate,Moderate,High,High,High,High,Moderate,Moderate,Moderate,High,Alone,"Lectures, Learning by practicing, Project-based learning, Mind mapping and visualization, Interactive workshops, Online courses and tutorials","Books, Online documents, YouTube videos",No,Lack of time,Lack of previous knowledge or experience in the field,Private life problems,Pressure,Teachers' teaching method,Bad quality of internet,Teaching language,Not having a good (powerful) computer,3,No,3,3,Negatively,5-7 hours,4,7,5,6,6,Very High,High,High,High,Moderate,Very High,14.0,Moderate,High,Very High,High,Moderate,Moderate,13.0,13.0,,,,,,,,,,,,,,,,,,
2025/01/08 6:03:49 PM GMT+1,Female,Second year,Science,18-25,In the school's library,Alone,Lectures;Learning by practicing;Mind mapping and visualization;Online courses and tutorials,Online tutorials;Online documents,Yes,Private life problems,Pressure,Lack of previous knowledge or experience in the field,Lack of time,Teachers' teaching method,Bad quality of internet,Teaching language,Not having a good (powerful) computer,Lack of energy ,3,No,4,5,You do not care about,5-7 hours,1,7,6,6,6,12.0,13.0,12.0,,,,,,,,,,,,,,,,,,,,,,,,,,,,,,,,,,,,,,,,,,,,,,,,,,,,,,,,,,,,,,,,,,,,,,,Moderate,Moderate,Moderate,Moderate,High,High,High,High,Moderate,Moderate,Moderate,High,Alone,"Learning by practicing, Mind mapping and visualization, Online courses and tutorials","Online documents, YouTube videos",Yes,Pressure,Lack of time,Teachers' teaching method,Teaching language,Bad quality of internet,Lack of previous knowledge or experience in the field,Private life problems,Not having a good (powerful) computer,3,Yes,3,5,You do not care about,8 hours or more,3,7,6,6,6,High,High,High,High,Moderate,High,13.0,Low,Moderate,High,Low,Moderate,Moderate,9.0,11.0,,,,,,,,,,,,,,,,,,
2025/01/08 6:07:25 PM GMT+1,Female,Second year,Mathematics,18-25,In your room (dorms),Alone,Online courses and tutorials,Online tutorials;YouTube videos;Private courses,No,Teachers' teaching method,Lack of time,Lack of time,Lack of previous knowledge or experience in the field,Teaching language,Teaching language,Not having a good (powerful) computer,Private life problems,,3,Yes,4,4,Negatively,5-7 hours,3,8,8,7,7,13.0,13.0,13.0,,,,,,,,,,,,,,,,,,,,,,,,,,,,,,,,,,,,,,,,,,,,,,,,,,,,,,,,,,,,,,,,,,,,,,,High,Moderate,Moderate,Moderate,High,Moderate,Moderate,Very High,High,High,High,High,Alone,"Lectures, Project-based learning, Interactive workshops, Online courses and tutorials","Books, YouTube videos",No,Teaching language,Lack of previous knowledge or experience in the field,Bad quality of internet,Lack of time,Teachers' teaching method,Not having a good (powerful) computer,Pressure,Private life problems,3,Yes,5,5,Positively,4 hours or less,2,3,5,5,5,High,High,High,High,Moderate,High,13.0,Moderate,High,High,High,Low,Moderate,11.0,12.0,,,,,,,,,,,,,,,,,,
2025/01/08 6:07:25 PM GMT+1,Female,Second year,Mathematics,18-25,In your room (dorms),Alone,Online courses and tutorials,Online tutorials;YouTube videos;Private courses,No,Teachers' teaching method,Lack of time,Lack of time,Lack of previous knowledge or experience in the field,Teaching language,Teaching language,Not having a good (powerful) computer,Private life problems,,3,Yes,4,4,Negatively,5-7 hours,3,8,8,7,7,13.0,13.0,13.0,,,,,,,,,,,,,,,,,,,,,,,,,,,,,,,,,,,,,,,,,,,,,,,,,,,,,,,,,,,,,,,,,,,,,,,High,Moderate,Moderate,Moderate,High,Moderate,Moderate,Very High,High,High,High,High,Alone,"Learning by practicing, Mind mapping and visualization, Interactive workshops","Books, Online tutorials, Online documents, YouTube videos",Yes,Teachers' teaching method,Lack of time,Bad quality of internet,Pressure,Private life problems,Teaching language,Lack of previous knowledge or experience in the field,Not having a good (powerful) computer,2,Yes,3,5,You do not care about,5-7 hours,4,8,8,7,9,Very High,Very High,High,Very High,Very High,High,17.0,Very High,Very High,Very High,Very High,Very High,Very High,18.0,17.0,,,,,,,,,,,,,,,,,,
2025/01/08 6:07:25 PM GMT+1,Female,Second year,Mathematics,18-25,In your room (dorms),Alone,Online courses and tutorials,Online tutorials;YouTube videos;Private courses,No,Teachers' teaching method,Lack of time,Lack of time,Lack of previous knowledge or experience in the field,Teaching language,Teaching language,Not having a good (powerful) computer,Private life problems,,3,Yes,4,4,Negatively,5-7 hours,3,8,8,7,7,13.0,13.0,13.0,,,,,,,,,,,,,,,,,,,,,,,,,,,,,,,,,,,,,,,,,,,,,,,,,,,,,,,,,,,,,,,,,,,,,,,High,Moderate,Moderate,Moderate,High,Moderate,Moderate,Very High,High,High,High,High,Alone,"Lectures, Learning by practicing, Project-based learning, Mind mapping and visualization, Interactive workshops","Books, Online documents, YouTube videos",Yes,Lack of time,Lack of previous knowledge or experience in the field,Teachers' teaching method,Pressure,Bad quality of internet,Teaching language,Not having a good (powerful) computer,Private life problems,2,Yes,3,3,Negatively,5-7 hours,4,6,5,3,3,High,High,Very High,High,Moderate,Moderate,12.0,Moderate,High,High,Moderate,Moderate,Low,10.0,11.0,,,,,,,,,,,,,,,,,,
2025/01/08 6:07:25 PM GMT+1,Female,Second year,Mathematics,18-25,In your room (dorms),Alone,Online courses and tutorials,Online tutorials;YouTube videos;Private courses,No,Teachers' teaching method,Lack of time,Lack of time,Lack of previous knowledge or experience in the field,Teaching language,Teaching language,Not having a good (powerful) computer,Private life problems,,3,Yes,4,4,Negatively,5-7 hours,3,8,8,7,7,13.0,13.0,13.0,,,,,,,,,,,,,,,,,,,,,,,,,,,,,,,,,,,,,,,,,,,,,,,,,,,,,,,,,,,,,,,,,,,,,,,High,Moderate,Moderate,Moderate,High,Moderate,Moderate,Very High,High,High,High,High,Alone,"Learning by practicing, Mind mapping and visualization, Online courses and tutorials","Online documents, YouTube videos",No,Teachers' teaching method,Pressure,Lack of time,Bad quality of internet,Lack of previous knowledge or experience in the field,Teaching language,Not having a good (powerful) computer,Private life problems,2,Yes,1,3,You do not care about,5-7 hours,4,10,7,7,8,,,,,,,,,,,,,,,,High,Moderate,Moderate,Moderate,Moderate,Moderate,Moderate,Moderate,Moderate,Low,Low,Low,Low,Moderate,Low,High,7.0,9.0
2025/01/08 6:07:25 PM GMT+1,Female,Second year,Mathematics,18-25,In your room (dorms),Alone,Online courses and tutorials,Online tutorials;YouTube videos;Private courses,No,Teachers' teaching method,Lack of time,Lack of time,Lack of previous knowledge or experience in the field,Teaching language,Teaching language,Not having a good (powerful) computer,Private life problems,,3,Yes,4,4,Negatively,5-7 hours,3,8,8,7,7,13.0,13.0,13.0,,,,,,,,,,,,,,,,,,,,,,,,,,,,,,,,,,,,,,,,,,,,,,,,,,,,,,,,,,,,,,,,,,,,,,,High,Moderate,Moderate,Moderate,High,Moderate,Moderate,Very High,High,High,High,High,Alone,"Learning by practicing, Interactive workshops","Books, YouTube videos",Yes,Bad quality of internet,Not having a good (powerful) computer,Lack of time,Pressure,Teachers' teaching method,Lack of previous knowledge or experience in the field,Teaching language,Private life problems,2,No,2,5,You do not care about,5-7 hours,3,7,3,2,8,High,High,High,Very High,Moderate,High,13.0,Moderate,High,Very High,Moderate,Moderate,High,11.0,12.0,,,,,,,,,,,,,,,,,,
2025/01/08 6:08:00 PM GMT+1,Female,Second year,Mathematics,18-25,At home,Alone,Learning by practicing;Project-based learning;Mind mapping and visualization;Interactive workshops;Online courses and tutorials,Books;Online tutorials;Online documents;YouTube videos,No,Lack of time,Pressure,ما,Teachers' teaching method,Bad quality of internet,Lack of previous knowledge or experience in the field,Private life problems,Lack of previous knowledge or experience in the field,Transportation ,3,Yes,4,4,You do not care about,5-7 hours,3,8,7,8,6,12.0,10.0,11.0,,,,,,,,,,,,,,,,,,,,,,,,,,,,,,,,,,,,,,,,,,,,,,,,,,,,,,,,,,,,,,,,,,,,,,,Moderate,Moderate,Moderate,High,Very High,Very High,Moderate,Moderate,Moderate,Low,High,High,Alone,"Lectures, Learning by practicing, Project-based learning, Online courses and tutorials","Books, Online documents, YouTube videos",Yes,Lack of previous knowledge or experience in the field,Pressure,Lack of time,Bad quality of internet,Not having a good (powerful) computer,Private life problems,Teachers' teaching method,Teaching language,3,No,5,5,You do not care about,5-7 hours,4,9,8,8,8,,,,,,,,,,,,,,,,High,High,Moderate,High,Moderate,Moderate,Moderate,High,High,Low,Low,Low,Moderate,High,Moderate,Very High,9.0,11.0
2025/01/08 6:08:41 PM GMT+1,Male,Second year,Mathematics,18-25,At home,Alone,Learning by practicing;Mind mapping and visualization;Online courses and tutorials,Books;Online documents;YouTube videos,Yes,Pressure,Lack of time,Teachers' teaching method,Bad quality of internet,Lack of previous knowledge or experience in the field,Not having a good (powerful) computer,Not having a good (powerful) computer,Teaching language,,3,No,4,5,Positively,5-7 hours,3,8,7,7,9,15.0,14.0,14.0,,,,,,,,,,,,,,,,,,,,,,,,,,,,,,,,,,,,,,,,,,,,,,,,,,,,,,,,,,,,,,,,,,,,,,,Very High,High,Moderate,High,Very High,High,High,High,Moderate,High,Very High,High,Alone,"Lectures, Learning by practicing, Project-based learning, Online courses and tutorials","Books, Online tutorials, Online documents, YouTube videos",No,Teachers' teaching method,Pressure,Lack of time,Lack of previous knowledge or experience in the field,Bad quality of internet,Bad quality of internet,Not having a good (powerful) computer,Private life problems,1,No,1,5,Negatively,8 hours or more,3,6,5,5,4,Very High,Very High,High,Very High,Very High,Very High,17.0,Very High,Very High,Very High,Very High,High,High,16.0,16.0,,,,,,,,,,,,,,,,,,
2025/01/08 6:08:46 PM GMT+1,Female,Second year,Science,26-33,In your room (dorms),Alone,Lectures;Learning by practicing;Mind mapping and visualization;Online courses and tutorials,Books;Online tutorials;Online documents;YouTube videos,Yes,Bad quality of internet,Lack of time,Teachers' teaching method,Private life problems,Pressure,Lack of previous knowledge or experience in the field,Teaching language,Not having a good (powerful) computer,,3,Yes,4,5,Positively,8 hours or more,3,8,8,8,6,12.0,10.0,11.0,,,,,,,,,,,,,,,,,,,,,,,,,,,,,,,,,,,,,,,,,,,,,,,,,,,,,,,,,,,,,,,,,,,,,,,Moderate,High,Low,High,High,High,Moderate,High,Low,Low,Low,High,Alone,"Lectures, Learning by practicing, Project-based learning, Online courses and tutorials","Books, Online documents, YouTube videos",Yes,Lack of previous knowledge or experience in the field,Pressure,Private life problems,Teaching language,Lack of time,Teachers' teaching method,Bad quality of internet,Not having a good (powerful) computer,4,Yes,5,5,Positively,5-7 hours,3,7,6,6,6,Very High,High,Very High,High,High,High,15.0,High,Very High,Very High,Very High,Moderate,Moderate,15.0,15.0,,,,,,,,,,,,,,,,,,
2025/01/08 6:08:46 PM GMT+1,Female,Second year,Science,26-33,In your room (dorms),Alone,Lectures;Learning by practicing;Mind mapping and visualization;Online courses and tutorials,Books;Online tutorials;Online documents;YouTube videos,Yes,Bad quality of internet,Lack of time,Teachers' teaching method,Private life problems,Pressure,Lack of previous knowledge or experience in the field,Teaching language,Not having a good (powerful) computer,,3,Yes,4,5,Positively,8 hours or more,3,8,8,8,6,12.0,10.0,11.0,,,,,,,,,,,,,,,,,,,,,,,,,,,,,,,,,,,,,,,,,,,,,,,,,,,,,,,,,,,,,,,,,,,,,,,Moderate,High,Low,High,High,High,Moderate,High,Low,Low,Low,High,Alone,"Lectures, Learning by practicing, Online courses and tutorials","Online tutorials, Online documents",Yes,Lack of time,Pressure,Bad quality of internet,Teachers' teaching method,Lack of previous knowledge or experience in the field,Private life problems,Teaching language,Not having a good (powerful) computer,2,Yes,4,2,Negatively,5-7 hours,4,8,6,7,7,High,High,Very High,High,Moderate,High,14.0,Low,Moderate,Very High,High,High,Moderate,11.0,12.0,,,,,,,,,,,,,,,,,,
2025/01/08 6:09:47 PM GMT+1,Female,Second year,Science,18-25,In your room (dorms),In peer,Lectures;Learning by practicing;Project-based learning;Mind mapping and visualization;Online courses and tutorials,Books;Online tutorials;Online documents;YouTube videos,Yes,Teachers' teaching method,Pressure,Lack of time,Pressure,Bad quality of internet,Private life problems,Not having a good (powerful) computer,Teaching language,,2,Yes,3,5,Negatively,5-7 hours,4,8,6,7,8,14.0,10.0,12.0,9.0,10.0,9.0,,,,,,,,,,,,,,,,,,,,,,,,,,,,,,,,,,,,,,,,,,,,,,,,,,,,,,,,,,,,,,,,,,,,,,,,,,,,,,,,Alone,"Learning by practicing, Project-based learning, Mind mapping and visualization, Interactive workshops, Online courses and tutorials","Online tutorials, Online documents, YouTube videos",Yes,Teachers' teaching method,Lack of time,Lack of previous knowledge or experience in the field,Lack of time,Pressure,Bad quality of internet,Teaching language,Private life problems,3,No,5,5,You do not care about,5-7 hours,5,9,6,6,8,Very High,High,High,High,Moderate,High,13.0,Moderate,Moderate,Very High,Moderate,Moderate,Moderate,10.0,11.0,,,,,,,,,,,,,,,,,,
2025/01/08 6:09:47 PM GMT+1,Female,Second year,Science,18-25,In your room (dorms),In peer,Lectures;Learning by practicing;Project-based learning;Mind mapping and visualization;Online courses and tutorials,Books;Online tutorials;Online documents;YouTube videos,Yes,Teachers' teaching method,Pressure,Lack of time,Pressure,Bad quality of internet,Private life problems,Not having a good (powerful) computer,Teaching language,,2,Yes,3,5,Negatively,5-7 hours,4,8,6,7,8,14.0,10.0,12.0,9.0,10.0,9.0,,,,,,,,,,,,,,,,,,,,,,,,,,,,,,,,,,,,,,,,,,,,,,,,,,,,,,,,,,,,,,,,,,,,,,,,,,,,,,,,Alone,"Lectures, Learning by practicing, Mind mapping and visualization","Books, Online tutorials, YouTube videos",No,Teaching language,Pressure,Lack of previous knowledge or experience in the field,Lack of time,Teachers' teaching method,Bad quality of internet,Not having a good (powerful) computer,Private life problems,2,No,4,5,Negatively,5-7 hours,5,6,3,2,5,High,High,High,High,Moderate,High,12.0,Low,High,High,Moderate,Low,Low,8.0,10.0,,,,,,,,,,,,,,,,,,
2025/01/08 6:09:47 PM GMT+1,Female,Second year,Science,18-25,In your room (dorms),In peer,Lectures;Learning by practicing;Project-based learning;Mind mapping and visualization;Online courses and tutorials,Books;Online tutorials;Online documents;YouTube videos,Yes,Teachers' teaching method,Pressure,Lack of time,Pressure,Bad quality of internet,Private life problems,Not having a good (powerful) computer,Teaching language,,2,Yes,3,5,Negatively,5-7 hours,4,8,6,7,8,14.0,10.0,12.0,9.0,10.0,9.0,,,,,,,,,,,,,,,,,,,,,,,,,,,,,,,,,,,,,,,,,,,,,,,,,,,,,,,,,,,,,,,,,,,,,,,,,,,,,,,,Alone,"Learning by practicing, Project-based learning","Books, Online tutorials, Online documents, YouTube videos",Yes,Pressure,Lack of time,Teachers' teaching method,Bad quality of internet,Private life problems,Teaching language,Lack of previous knowledge or experience in the field,Not having a good (powerful) computer,3,Yes,4,5,You do not care about,5-7 hours,3,9,9,9,7,Very High,High,High,Very High,High,High,15.0,High,High,Very High,High,Moderate,Moderate,13.0,14.0,,,,,,,,,,,,,,,,,,
2025/01/08 6:09:47 PM GMT+1,Female,Second year,Science,18-25,In your room (dorms),In peer,Lectures;Learning by practicing;Project-based learning;Mind mapping and visualization;Online courses and tutorials,Books;Online tutorials;Online documents;YouTube videos,Yes,Teachers' teaching method,Pressure,Lack of time,Pressure,Bad quality of internet,Private life problems,Not having a good (powerful) computer,Teaching language,,2,Yes,3,5,Negatively,5-7 hours,4,8,6,7,8,14.0,10.0,12.0,9.0,10.0,9.0,,,,,,,,,,,,,,,,,,,,,,,,,,,,,,,,,,,,,,,,,,,,,,,,,,,,,,,,,,,,,,,,,,,,,,,,,,,,,,,,Alone,Learning by practicing,YouTube videos,Yes,Pressure,Lack of time,Bad quality of internet,Lack of previous knowledge or experience in the field,Teachers' teaching method,Teaching language,Not having a good (powerful) computer,Private life problems,3,No,4,4,You do not care about,5-7 hours,3,7,6,6,8,High,High,High,High,Moderate,Moderate,12.0,Low,High,High,Moderate,Moderate,High,11.0,11.0,,,,,,,,,,,,,,,,,,
2025/01/08 6:09:47 PM GMT+1,Female,Second year,Science,18-25,In your room (dorms),In peer,Lectures;Learning by practicing;Project-based learning;Mind mapping and visualization;Online courses and tutorials,Books;Online tutorials;Online documents;YouTube videos,Yes,Teachers' teaching method,Pressure,Lack of time,Pressure,Bad quality of internet,Private life problems,Not having a good (powerful) computer,Teaching language,,2,Yes,3,5,Negatively,5-7 hours,4,8,6,7,8,14.0,10.0,12.0,9.0,10.0,9.0,,,,,,,,,,,,,,,,,,,,,,,,,,,,,,,,,,,,,,,,,,,,,,,,,,,,,,,,,,,,,,,,,,,,,,,,,,,,,,,,Alone,"Lectures, Online courses and tutorials","Books, Online tutorials, Online documents, YouTube videos",Yes,Pressure,Lack of time,Teachers' teaching method,Lack of previous knowledge or experience in the field,Bad quality of internet,Private life problems,Teaching language,Not having a good (powerful) computer,2,No,3,3,You do not care about,5-7 hours,2,9,6,7,7,High,High,High,High,Moderate,Moderate,13.0,Moderate,High,High,High,Moderate,High,11.0,12.0,,,,,,,,,,,,,,,,,,
2025/01/08 6:09:47 PM GMT+1,Female,Second year,Science,18-25,In your room (dorms),In peer,Lectures;Learning by practicing;Project-based learning;Mind mapping and visualization;Online courses and tutorials,Books;Online tutorials;Online documents;YouTube videos,Yes,Teachers' teaching method,Pressure,Lack of time,Pressure,Bad quality of internet,Private life problems,Not having a good (powerful) computer,Teaching language,,2,Yes,3,5,Negatively,5-7 hours,4,8,6,7,8,14.0,10.0,12.0,9.0,10.0,9.0,,,,,,,,,,,,,,,,,,,,,,,,,,,,,,,,,,,,,,,,,,,,,,,,,,,,,,,,,,,,,,,,,,,,,,,,,,,,,,,,Alone,"Lectures, Mind mapping and visualization, Online courses and tutorials","Books, Online tutorials, Online documents, YouTube videos",No,Pressure,Lack of time,Bad quality of internet,Private life problems,Teachers' teaching method,Lack of previous knowledge or experience in the field,Not having a good (powerful) computer,Teaching language,4,Yes,4,5,Positively,5-7 hours,3,7,6,6,6,High,Very High,Very High,Very High,Very High,High,16.0,High,Very High,Very High,Moderate,Moderate,Moderate,13.0,14.0,,,,,,,,,,,,,,,,,,
2025/01/08 6:09:47 PM GMT+1,Female,Second year,Science,18-25,In your room (dorms),In peer,Lectures;Learning by practicing;Project-based learning;Mind mapping and visualization;Online courses and tutorials,Books;Online tutorials;Online documents;YouTube videos,Yes,Teachers' teaching method,Pressure,Lack of time,Pressure,Bad quality of internet,Private life problems,Not having a good (powerful) computer,Teaching language,,2,Yes,3,5,Negatively,5-7 hours,4,8,6,7,8,14.0,10.0,12.0,9.0,10.0,9.0,,,,,,,,,,,,,,,,,,,,,,,,,,,,,,,,,,,,,,,,,,,,,,,,,,,,,,,,,,,,,,,,,,,,,,,,,,,,,,,,Alone,"Lectures, Learning by practicing, Project-based learning, Mind mapping and visualization","Online tutorials, Online documents, YouTube videos, couses and slides sent by our teachers",Yes,Bad quality of internet,Lack of time,Pressure,Teachers' teaching method,Lack of previous knowledge or experience in the field,Teaching language,Not having a good (powerful) computer,Private life problems,3,Yes,4,3,Positively,5-7 hours,2,8,7,8,6,High,High,High,High,Moderate,High,13.0,Moderate,Moderate,High,High,Low,Moderate,10.0,11.0,,,,,,,,,,,,,,,,,,
2025/01/08 6:11:38 PM GMT+1,Male,Second year,Technical maths,18-25,In your room (dorms),In peer,Lectures;Learning by practicing,Online tutorials;YouTube videos,No,Private life problems,Pressure,Lack of time,Lack of previous knowledge or experience in the field,Teachers' teaching method,Bad quality of internet,Teaching language,Not having a good (powerful) computer,,3,No,4,4,Positively,5-7 hours,4,8,6,7,7,11.0,12.0,,,,,,,,,,,,,,,,,,,,,,,,,,,,,,,,,,,,,,,,,,,,,,,,,,,,,,,,,,,,,,,,,,,,,,,,Moderate,Moderate,Moderate,Moderate,High,Moderate,Moderate,Moderate,Moderate,High,High,High,Alone,"Lectures, Learning by practicing, Online courses and tutorials","Online documents, YouTube videos",No,Teaching language,Lack of time,Teachers' teaching method,Lack of previous knowledge or experience in the field,Pressure,Bad quality of internet,Private life problems,Not having a good (powerful) computer,1,Yes,2,3,You do not care about,8 hours or more,3,2,6,6,8,High,High,High,Very High,High,Moderate,13.0,High,Very High,High,High,High,Moderate,13.0,13.0,,,,,,,,,,,,,,,,,,
2025/01/08 6:11:50 PM GMT+1,Female,Second year,Science,18-25,In the school's library,Alone,Learning by practicing;Mind mapping and visualization;Interactive workshops;Online courses and tutorials,Online tutorials;YouTube videos;Private courses,Yes,Bad quality of internet,Lack of previous knowledge or experience in the field,Lack of time,Private life problems,Teachers' teaching method,Not having a good (powerful) computer,Teaching language,Pressure,Health,2,Yes,4,5,Positively,5-7 hours,4,8,7,6,6,13.0,11.0,,,,,,,,,,,,,,,,,,,,,,,,,,,,,,,,,,,,,,,,,,,,,,,,,,,,,,,,,,,,,,,,,,,,,,,,High,Moderate,High,Moderate,High,High,Moderate,High,Moderate,Low,Moderate,High,In peer,"Learning by practicing, Mind mapping and visualization, Online courses and tutorials",YouTube videos,Yes,Lack of time,Pressure,Private life problems,Teachers' teaching method,Bad quality of internet,Lack of previous knowledge or experience in the field,Not having a good (powerful) computer,Teaching language,2,No,3,4,Negatively,5-7 hours,3,8,6,7,8,Very High,High,High,Very High,High,Very High,15.0,Moderate,High,Very High,Moderate,Moderate,Moderate,12.0,13.0,,,,,,,,,,,,,,,,,,
2025/01/08 6:11:50 PM GMT+1,Female,Second year,Science,18-25,In the school's library,Alone,Learning by practicing;Mind mapping and visualization;Interactive workshops;Online courses and tutorials,Online tutorials;YouTube videos;Private courses,Yes,Bad quality of internet,Lack of previous knowledge or experience in the field,Lack of time,Private life problems,Teachers' teaching method,Not having a good (powerful) computer,Teaching language,Pressure,Health,2,Yes,4,5,Positively,5-7 hours,4,8,7,6,6,13.0,11.0,,,,,,,,,,,,,,,,,,,,,,,,,,,,,,,,,,,,,,,,,,,,,,,,,,,,,,,,,,,,,,,,,,,,,,,,High,Moderate,High,Moderate,High,High,Moderate,High,Moderate,Low,Moderate,High,Alone,"Lectures, Learning by practicing, Project-based learning, Mind mapping and visualization, Interactive workshops, Online courses and tutorials","Books, Online documents, YouTube videos",No,Lack of time,Lack of previous knowledge or experience in the field,Private life problems,Pressure,Teachers' teaching method,Bad quality of internet,Teaching language,Not having a good (powerful) computer,3,No,3,3,Negatively,5-7 hours,4,7,5,6,6,Very High,High,High,High,Moderate,Very High,14.0,Moderate,High,Very High,High,Moderate,Moderate,13.0,13.0,,,,,,,,,,,,,,,,,,
2025/01/08 6:11:50 PM GMT+1,Female,Second year,Science,18-25,In the school's library,Alone,Learning by practicing;Mind mapping and visualization;Interactive workshops;Online courses and tutorials,Online tutorials;YouTube videos;Private courses,Yes,Bad quality of internet,Lack of previous knowledge or experience in the field,Lack of time,Private life problems,Teachers' teaching method,Not having a good (powerful) computer,Teaching language,Pressure,Health,2,Yes,4,5,Positively,5-7 hours,4,8,7,6,6,13.0,11.0,,,,,,,,,,,,,,,,,,,,,,,,,,,,,,,,,,,,,,,,,,,,,,,,,,,,,,,,,,,,,,,,,,,,,,,,High,Moderate,High,Moderate,High,High,Moderate,High,Moderate,Low,Moderate,High,Alone,"Learning by practicing, Mind mapping and visualization, Online courses and tutorials","Online documents, YouTube videos",Yes,Pressure,Lack of time,Teachers' teaching method,Teaching language,Bad quality of internet,Lack of previous knowledge or experience in the field,Private life problems,Not having a good (powerful) computer,3,Yes,3,5,You do not care about,8 hours or more,3,7,6,6,6,High,High,High,High,Moderate,High,13.0,Low,Moderate,High,Low,Moderate,Moderate,9.0,11.0,,,,,,,,,,,,,,,,,,
2025/01/08 6:12:39 PM GMT+1,Male,Second year,Science,10-17,In your room (dorms),In peer,Lectures;Learning by practicing,YouTube videos,Yes,Pressure,Pressure,Lack of time,Pressure,Pressure,Pressure,Pressure,Pressure,غيشي ,3,No,3,3,You do not care about,5-7 hours,5,7,6,6,7,15.0,15.0,15.0,12.0,11.0,10.0,,,,,,,,,,,,,,,,,,,,,,,,,,,,,,,,,,,,,,,,,,,,,,,,,,,,,,,,,,,,,,,,,,,,Moderate,Moderate,Moderate,Moderate,Moderate,High,Moderate,Moderate,Moderate,Moderate,Moderate,Very High,Alone,"Lectures, Learning by practicing, Online courses and tutorials",YouTube videos,No,Pressure,Lack of time,Lack of previous knowledge or experience in the field,Bad quality of internet,Teachers' teaching method,Teaching language,Not having a good (powerful) computer,Private life problems,3,Yes,4,4,You do not care about,5-7 hours,3,6,8,5,4,Very High,High,Very High,Very High,High,High,15.0,High,Very High,Very High,High,High,High,14.0,14.0,,,,,,,,,,,,,,,,,,
2025/01/08 6:12:39 PM GMT+1,Male,Second year,Science,10-17,In your room (dorms),In peer,Lectures;Learning by practicing,YouTube videos,Yes,Pressure,Pressure,Lack of time,Pressure,Pressure,Pressure,Pressure,Pressure,غيشي ,3,No,3,3,You do not care about,5-7 hours,5,7,6,6,7,15.0,15.0,15.0,12.0,11.0,10.0,,,,,,,,,,,,,,,,,,,,,,,,,,,,,,,,,,,,,,,,,,,,,,,,,,,,,,,,,,,,,,,,,,,,Moderate,Moderate,Moderate,Moderate,Moderate,High,Moderate,Moderate,Moderate,Moderate,Moderate,Very High,Alone,"Learning by practicing, Project-based learning, Online courses and tutorials","Books, Online tutorials, Online documents, YouTube videos",Yes,Teachers' teaching method,Teachers' teaching method,Teachers' teaching method,Teachers' teaching method,Teachers' teaching method,Teachers' teaching method,Pressure,Lack of time,1,Yes,1,3,You do not care about,5-7 hours,5,9,9,9,8,High,High,High,Very High,High,Moderate,14.0,High,High,High,High,High,Moderate,13.0,13.0,,,,,,,,,,,,,,,,,,
2025/01/08 6:15:12 PM GMT+1,Male,Second year,Mathematics,10-17,In your room (dorms),Alone,Lectures;Learning by practicing,"Books;YouTube videos;chatgpt, course slides",No,Lack of time,Pressure,Lack of previous knowledge or experience in the field,Teachers' teaching method,Bad quality of internet,Not having a good (powerful) computer,Teaching language,Private life problems,,4,Yes,4,4,You do not care about,8 hours or more,1,6,5,5,5,15.0,13.0,14.0,,,,,,,,,,,,,,,,,,,,,,,,,,,,,,,,,,,,,,,,,,,,,,,,,,,,,,,,,,,,,,,,,,,,,,,Moderate,High,High,High,Moderate,Moderate,High,High,Moderate,Moderate,High,Moderate,Alone,"Learning by practicing, Project-based learning","Online documents, YouTube videos",No,Teachers' teaching method,Lack of time,Pressure,Bad quality of internet,Lack of previous knowledge or experience in the field,Teaching language,Private life problems,Not having a good (powerful) computer,2,Yes,2,4,You do not care about,8 hours or more,1,5,6,5,7,Moderate,High,High,High,High,Low,12.0,High,High,Moderate,High,Moderate,Low,11.0,11.0,,,,,,,,,,,,,,,,,,
2025/01/08 6:15:12 PM GMT+1,Male,Second year,Mathematics,10-17,In your room (dorms),Alone,Lectures;Learning by practicing,"Books;YouTube videos;chatgpt, course slides",No,Lack of time,Pressure,Lack of previous knowledge or experience in the field,Teachers' teaching method,Bad quality of internet,Not having a good (powerful) computer,Teaching language,Private life problems,,4,Yes,4,4,You do not care about,8 hours or more,1,6,5,5,5,15.0,13.0,14.0,,,,,,,,,,,,,,,,,,,,,,,,,,,,,,,,,,,,,,,,,,,,,,,,,,,,,,,,,,,,,,,,,,,,,,,Moderate,High,High,High,Moderate,Moderate,High,High,Moderate,Moderate,High,Moderate,Alone,Online courses and tutorials,YouTube videos,No,Lack of time,Lack of previous knowledge or experience in the field,Pressure,Private life problems,Teachers' teaching method,Bad quality of internet,Not having a good (powerful) computer,Teaching language,4,No,4,5,Positively,5-7 hours,2,7,5,3,5,Very High,High,High,High,High,High,15.0,High,Moderate,High,High,High,Moderate,12.0,13.0,,,,,,,,,,,,,,,,,,
2025/01/08 6:15:12 PM GMT+1,Male,Second year,Mathematics,10-17,In your room (dorms),Alone,Lectures;Learning by practicing,"Books;YouTube videos;chatgpt, course slides",No,Lack of time,Pressure,Lack of previous knowledge or experience in the field,Teachers' teaching method,Bad quality of internet,Not having a good (powerful) computer,Teaching language,Private life problems,,4,Yes,4,4,You do not care about,8 hours or more,1,6,5,5,5,15.0,13.0,14.0,,,,,,,,,,,,,,,,,,,,,,,,,,,,,,,,,,,,,,,,,,,,,,,,,,,,,,,,,,,,,,,,,,,,,,,Moderate,High,High,High,Moderate,Moderate,High,High,Moderate,Moderate,High,Moderate,Alone,"Learning by practicing, Mind mapping and visualization",Online documents,No,Teachers' teaching method,Bad quality of internet,Lack of time,Private life problems,Not having a good (powerful) computer,Pressure,Lack of previous knowledge or experience in the field,Teaching language,1,No,3,4,Positively,5-7 hours,5,8,7,7,8,Very High,Very High,High,Very High,High,High,16.0,High,Very High,Very High,Very High,High,High,16.0,16.0,,,,,,,,,,,,,,,,,,
2025/01/08 6:15:12 PM GMT+1,Male,Second year,Mathematics,10-17,In your room (dorms),Alone,Lectures;Learning by practicing,"Books;YouTube videos;chatgpt, course slides",No,Lack of time,Pressure,Lack of previous knowledge or experience in the field,Teachers' teaching method,Bad quality of internet,Not having a good (powerful) computer,Teaching language,Private life problems,,4,Yes,4,4,You do not care about,8 hours or more,1,6,5,5,5,15.0,13.0,14.0,,,,,,,,,,,,,,,,,,,,,,,,,,,,,,,,,,,,,,,,,,,,,,,,,,,,,,,,,,,,,,,,,,,,,,,Moderate,High,High,High,Moderate,Moderate,High,High,Moderate,Moderate,High,Moderate,Alone,"Learning by practicing, Project-based learning, Online courses and tutorials","Books, Online tutorials, Online documents, YouTube videos",No,Pressure,Private life problems,Lack of time,Not having a good (powerful) computer,Teachers' teaching method,Bad quality of internet,Lack of previous knowledge or experience in the field,Teaching language,3,Yes,5,5,You do not care about,5-7 hours,4,9,7,7,8,Very High,High,Very High,Very High,High,Moderate,14.0,High,High,High,High,Low,Moderate,11.0,12.0,,,,,,,,,,,,,,,,,,
2025/01/08 6:15:12 PM GMT+1,Male,Second year,Mathematics,10-17,In your room (dorms),Alone,Lectures;Learning by practicing,"Books;YouTube videos;chatgpt, course slides",No,Lack of time,Pressure,Lack of previous knowledge or experience in the field,Teachers' teaching method,Bad quality of internet,Not having a good (powerful) computer,Teaching language,Private life problems,,4,Yes,4,4,You do not care about,8 hours or more,1,6,5,5,5,15.0,13.0,14.0,,,,,,,,,,,,,,,,,,,,,,,,,,,,,,,,,,,,,,,,,,,,,,,,,,,,,,,,,,,,,,,,,,,,,,,Moderate,High,High,High,Moderate,Moderate,High,High,Moderate,Moderate,High,Moderate,Alone,Learning by practicing,Online documents,No,Pressure,Teaching language,Teachers' teaching method,Lack of time,Bad quality of internet,Lack of previous knowledge or experience in the field,Private life problems,Bad quality of internet,2,Yes,2,3,You do not care about,5-7 hours,4,6,8,9,7,High,High,High,High,High,Moderate,13.0,High,High,High,High,Moderate,High,13.0,13.0,,,,,,,,,,,,,,,,,,
2025/01/08 6:17:26 PM GMT+1,Female,Second year,Science,18-25,In the school's library,With a group,Learning by practicing;Project-based learning;Mind mapping and visualization,YouTube videos,Yes,Lack of time,Bad quality of internet,Private life problems,Pressure,Teachers' teaching method,Lack of previous knowledge or experience in the field,Not having a good (powerful) computer,Teaching language,,3,Yes,4,4,Positively,5-7 hours,5,8,6,7,7,13.0,13.0,13.0,,,,,,,,,,,,,,,,,,,,,,,,,,,,,,,,,,,,,,,,,,,,,,,,,,,,,,,,,,,,,,,,,,,,,,,Moderate,Moderate,Moderate,Moderate,Very High,High,High,High,Moderate,High,Moderate,High,In peer,"Learning by practicing, Mind mapping and visualization, Online courses and tutorials",YouTube videos,Yes,Lack of time,Pressure,Private life problems,Teachers' teaching method,Bad quality of internet,Lack of previous knowledge or experience in the field,Not having a good (powerful) computer,Teaching language,2,No,3,4,Negatively,5-7 hours,3,8,6,7,8,Very High,High,High,Very High,High,Very High,15.0,Moderate,High,Very High,Moderate,Moderate,Moderate,12.0,13.0,,,,,,,,,,,,,,,,,,
2025/01/08 6:17:26 PM GMT+1,Female,Second year,Science,18-25,In the school's library,With a group,Learning by practicing;Project-based learning;Mind mapping and visualization,YouTube videos,Yes,Lack of time,Bad quality of internet,Private life problems,Pressure,Teachers' teaching method,Lack of previous knowledge or experience in the field,Not having a good (powerful) computer,Teaching language,,3,Yes,4,4,Positively,5-7 hours,5,8,6,7,7,13.0,13.0,13.0,,,,,,,,,,,,,,,,,,,,,,,,,,,,,,,,,,,,,,,,,,,,,,,,,,,,,,,,,,,,,,,,,,,,,,,Moderate,Moderate,Moderate,Moderate,Very High,High,High,High,Moderate,High,Moderate,High,Alone,"Lectures, Learning by practicing, Project-based learning, Mind mapping and visualization, Interactive workshops, Online courses and tutorials","Books, Online documents, YouTube videos",No,Lack of time,Lack of previous knowledge or experience in the field,Private life problems,Pressure,Teachers' teaching method,Bad quality of internet,Teaching language,Not having a good (powerful) computer,3,No,3,3,Negatively,5-7 hours,4,7,5,6,6,Very High,High,High,High,Moderate,Very High,14.0,Moderate,High,Very High,High,Moderate,Moderate,13.0,13.0,,,,,,,,,,,,,,,,,,
2025/01/08 6:17:26 PM GMT+1,Female,Second year,Science,18-25,In the school's library,With a group,Learning by practicing;Project-based learning;Mind mapping and visualization,YouTube videos,Yes,Lack of time,Bad quality of internet,Private life problems,Pressure,Teachers' teaching method,Lack of previous knowledge or experience in the field,Not having a good (powerful) computer,Teaching language,,3,Yes,4,4,Positively,5-7 hours,5,8,6,7,7,13.0,13.0,13.0,,,,,,,,,,,,,,,,,,,,,,,,,,,,,,,,,,,,,,,,,,,,,,,,,,,,,,,,,,,,,,,,,,,,,,,Moderate,Moderate,Moderate,Moderate,Very High,High,High,High,Moderate,High,Moderate,High,Alone,"Learning by practicing, Mind mapping and visualization, Online courses and tutorials","Online documents, YouTube videos",Yes,Pressure,Lack of time,Teachers' teaching method,Teaching language,Bad quality of internet,Lack of previous knowledge or experience in the field,Private life problems,Not having a good (powerful) computer,3,Yes,3,5,You do not care about,8 hours or more,3,7,6,6,6,High,High,High,High,Moderate,High,13.0,Low,Moderate,High,Low,Moderate,Moderate,9.0,11.0,,,,,,,,,,,,,,,,,,
2025/01/08 6:20:18 PM GMT+1,Male,Second year,Science,10-17,In your room (dorms),Alone,Learning by practicing;Project-based learning,Books;Online tutorials;Online documents,Yes,Bad quality of internet,Teachers' teaching method,Lack of time,Pressure,Not having a good (powerful) computer,Teaching language,Lack of previous knowledge or experience in the field,Private life problems,,1,Yes,5,5,Positively,8 hours or more,4,8,9,9,7,14.0,13.0,14.0,,,,,,,,,,,,,,,,,,,,,,,,,,,,,,,,,,,,,,,,,,,,,,,,,,,,,,,,,,,,,,,,,,,,,,,,,,,,,,,,,,,Alone,"Lectures, Learning by practicing, Online courses and tutorials",YouTube videos,No,Pressure,Lack of time,Lack of previous knowledge or experience in the field,Bad quality of internet,Teachers' teaching method,Teaching language,Not having a good (powerful) computer,Private life problems,3,Yes,4,4,You do not care about,5-7 hours,3,6,8,5,4,Very High,High,Very High,Very High,High,High,15.0,High,Very High,Very High,High,High,High,14.0,14.0,,,,,,,,,,,,,,,,,,
2025/01/08 6:20:18 PM GMT+1,Male,Second year,Science,10-17,In your room (dorms),Alone,Learning by practicing;Project-based learning,Books;Online tutorials;Online documents,Yes,Bad quality of internet,Teachers' teaching method,Lack of time,Pressure,Not having a good (powerful) computer,Teaching language,Lack of previous knowledge or experience in the field,Private life problems,,1,Yes,5,5,Positively,8 hours or more,4,8,9,9,7,14.0,13.0,14.0,,,,,,,,,,,,,,,,,,,,,,,,,,,,,,,,,,,,,,,,,,,,,,,,,,,,,,,,,,,,,,,,,,,,,,,,,,,,,,,,,,,Alone,"Learning by practicing, Project-based learning, Online courses and tutorials","Books, Online tutorials, Online documents, YouTube videos",Yes,Teachers' teaching method,Teachers' teaching method,Teachers' teaching method,Teachers' teaching method,Teachers' teaching method,Teachers' teaching method,Pressure,Lack of time,1,Yes,1,3,You do not care about,5-7 hours,5,9,9,9,8,High,High,High,Very High,High,Moderate,14.0,High,High,High,High,High,Moderate,13.0,13.0,,,,,,,,,,,,,,,,,,
2025/01/08 6:32:02 PM GMT+1,Female,Second year,Mathematics,10-17,In your room (dorms),Alone,Lectures;Learning by practicing;Project-based learning;Online courses and tutorials,Online tutorials;Online documents;YouTube videos,No,Teachers' teaching method,Lack of previous knowledge or experience in the field,Teachers' teaching method,Bad quality of internet,Private life problems,Not having a good (powerful) computer,Pressure,Teaching language,,4,Yes,4,4,You do not care about,8 hours or more,5,7,9,8,9,13.0,15.0,14.0,,,,,,,,,,,,,,,,,,,,,,,,,,,,,,,,,,,,,,,,,,,,,,,,,,,,,,,,,,,,,,,,,,,,,,,Very Low,Very High,Very High,Very High,Low,Very Low,High,Very High,High,Very High,High,Very Low,Alone,"Lectures, Learning by practicing","Online tutorials, Online documents",Yes,Lack of time,Bad quality of internet,Pressure,Lack of previous knowledge or experience in the field,Teachers' teaching method,Private life problems,Not having a good (powerful) computer,Teaching language,2,No,2,5,Positively,5-7 hours,1,7,5,6,8,High,High,Moderate,High,Moderate,High,12.0,Moderate,High,High,High,Moderate,Moderate,11.0,12.0,,,,,,,,,,,,,,,,,,
2025/01/08 6:32:02 PM GMT+1,Female,Second year,Mathematics,10-17,In your room (dorms),Alone,Lectures;Learning by practicing;Project-based learning;Online courses and tutorials,Online tutorials;Online documents;YouTube videos,No,Teachers' teaching method,Lack of previous knowledge or experience in the field,Teachers' teaching method,Bad quality of internet,Private life problems,Not having a good (powerful) computer,Pressure,Teaching language,,4,Yes,4,4,You do not care about,8 hours or more,5,7,9,8,9,13.0,15.0,14.0,,,,,,,,,,,,,,,,,,,,,,,,,,,,,,,,,,,,,,,,,,,,,,,,,,,,,,,,,,,,,,,,,,,,,,,Very Low,Very High,Very High,Very High,Low,Very Low,High,Very High,High,Very High,High,Very Low,Alone,"Learning by practicing, Project-based learning, Online courses and tutorials",YouTube videos,Yes,Private life problems,Pressure,Bad quality of internet,Lack of time,Lack of previous knowledge or experience in the field,Teachers' teaching method,Teaching language,Not having a good (powerful) computer,1,No,1,1,Positively,8 hours or more,3,8,8,5,6,Very High,Very High,High,Very High,High,Very High,16.0,Very High,Very High,Very High,Very High,Moderate,High,15.0,15.0,,,,,,,,,,,,,,,,,,
2025/01/08 6:32:02 PM GMT+1,Female,Second year,Mathematics,10-17,In your room (dorms),Alone,Lectures;Learning by practicing;Project-based learning;Online courses and tutorials,Online tutorials;Online documents;YouTube videos,No,Teachers' teaching method,Lack of previous knowledge or experience in the field,Teachers' teaching method,Bad quality of internet,Private life problems,Not having a good (powerful) computer,Pressure,Teaching language,,4,Yes,4,4,You do not care about,8 hours or more,5,7,9,8,9,13.0,15.0,14.0,,,,,,,,,,,,,,,,,,,,,,,,,,,,,,,,,,,,,,,,,,,,,,,,,,,,,,,,,,,,,,,,,,,,,,,Very Low,Very High,Very High,Very High,Low,Very Low,High,Very High,High,Very High,High,Very Low,In peer,Learning by practicing,"Online documents, YouTube videos",No,Lack of previous knowledge or experience in the field,Teachers' teaching method,Bad quality of internet,Pressure,Lack of time,Teaching language,Private life problems,Not having a good (powerful) computer,2,Yes,5,4,Positively,5-7 hours,1,8,3,3,6,High,High,High,High,High,High,14.0,Moderate,High,Very High,High,Moderate,Low,10.0,12.0,,,,,,,,,,,,,,,,,,
2025/01/08 6:35:09 PM GMT+1,Female,Second year,Science,26-33,In your room (dorms),In peer,Lectures;Learning by practicing;Mind mapping and visualization,Books;YouTube videos,No,Teachers' teaching method,Pressure,Private life problems,Lack of time,Lack of previous knowledge or experience in the field,Bad quality of internet,Teaching language,Not having a good (powerful) computer,,2,No,5,3,Positively,5-7 hours,3,7,6,6,7,13.0,12.0,13.0,,,,,,,,,,,,,,,,,,,,,,,,,,,,,,,,,,,,,,,,,,,,,,,,,,,,,,,,,,,,,,,,,,,,,,,Moderate,High,High,High,High,High,High,High,Moderate,Low,Moderate,High,Alone,"Lectures, Learning by practicing, Project-based learning, Online courses and tutorials","Books, Online documents, YouTube videos",Yes,Lack of previous knowledge or experience in the field,Pressure,Private life problems,Teaching language,Lack of time,Teachers' teaching method,Bad quality of internet,Not having a good (powerful) computer,4,Yes,5,5,Positively,5-7 hours,3,7,6,6,6,Very High,High,Very High,High,High,High,15.0,High,Very High,Very High,Very High,Moderate,Moderate,15.0,15.0,,,,,,,,,,,,,,,,,,
2025/01/08 6:35:09 PM GMT+1,Female,Second year,Science,26-33,In your room (dorms),In peer,Lectures;Learning by practicing;Mind mapping and visualization,Books;YouTube videos,No,Teachers' teaching method,Pressure,Private life problems,Lack of time,Lack of previous knowledge or experience in the field,Bad quality of internet,Teaching language,Not having a good (powerful) computer,,2,No,5,3,Positively,5-7 hours,3,7,6,6,7,13.0,12.0,13.0,,,,,,,,,,,,,,,,,,,,,,,,,,,,,,,,,,,,,,,,,,,,,,,,,,,,,,,,,,,,,,,,,,,,,,,Moderate,High,High,High,High,High,High,High,Moderate,Low,Moderate,High,Alone,"Lectures, Learning by practicing, Online courses and tutorials","Online tutorials, Online documents",Yes,Lack of time,Pressure,Bad quality of internet,Teachers' teaching method,Lack of previous knowledge or experience in the field,Private life problems,Teaching language,Not having a good (powerful) computer,2,Yes,4,2,Negatively,5-7 hours,4,8,6,7,7,High,High,Very High,High,Moderate,High,14.0,Low,Moderate,Very High,High,High,Moderate,11.0,12.0,,,,,,,,,,,,,,,,,,
2025/01/08 6:38:27 PM GMT+1,Male,Second year,Science,18-25,In your room (dorms),Alone,Learning by practicing;Project-based learning,Online tutorials;Online documents;YouTube videos,No,Lack of time,Pressure,Lack of previous knowledge or experience in the field,Teachers' teaching method,Bad quality of internet,Private life problems,Not having a good (powerful) computer,Teaching language,Feeling like the program is not really going to be that useful in the future wich leads to me not putting that much effort (less so in this year however),3,Yes,4,4,Positively,5-7 hours,3,9,7,8,5,14.0,12.0,13.0,,,,,,,,,,,,,,,,,,,,,,,,,,,,,,,,,,,,,,,,,,,,,,,,,,,,,,,,,,,,,,,,,,,,,,,High,Moderate,High,Very High,Very High,High,Moderate,High,Moderate,Moderate,Moderate,High,Alone,Learning by practicing,"Books, Online documents",No,Lack of time,Lack of previous knowledge or experience in the field,Teachers' teaching method,Bad quality of internet,Pressure,Not having a good (powerful) computer,Private life problems,Teaching language,2,No,4,4,Negatively,8 hours or more,3,8,9,9,8,Very High,Very High,Very High,Very High,High,High,16.0,Very High,Very High,Very High,Very High,High,Very High,17.0,16.0,,,,,,,,,,,,,,,,,,
2025/01/08 6:38:27 PM GMT+1,Male,Second year,Science,18-25,In your room (dorms),Alone,Learning by practicing;Project-based learning,Online tutorials;Online documents;YouTube videos,No,Lack of time,Pressure,Lack of previous knowledge or experience in the field,Teachers' teaching method,Bad quality of internet,Private life problems,Not having a good (powerful) computer,Teaching language,Feeling like the program is not really going to be that useful in the future wich leads to me not putting that much effort (less so in this year however),3,Yes,4,4,Positively,5-7 hours,3,9,7,8,5,14.0,12.0,13.0,,,,,,,,,,,,,,,,,,,,,,,,,,,,,,,,,,,,,,,,,,,,,,,,,,,,,,,,,,,,,,,,,,,,,,,High,Moderate,High,Very High,Very High,High,Moderate,High,Moderate,Moderate,Moderate,High,Alone,"Learning by practicing, Mind mapping and visualization, Online courses and tutorials","Books, Online tutorials, Online documents, YouTube videos",Yes,Private life problems,Teachers' teaching method,Lack of previous knowledge or experience in the field,Lack of time,Not having a good (powerful) computer,Pressure,Bad quality of internet,Teaching language,2,Yes,5,4,Negatively,5-7 hours,4,6,5,7,7,Very High,High,Very High,Very High,High,High,15.0,High,High,High,High,Moderate,Low,12.0,13.0,,,,,,,,,,,,,,,,,,
2025/01/08 6:40:20 PM GMT+1,Male,Second year,Science,10-17,In your room (dorms),Alone,Mind mapping and visualization;Online courses and tutorials,YouTube videos,No,Lack of previous knowledge or experience in the field,Teachers' teaching method,Lack of time,Pressure,Private life problems,Not having a good (powerful) computer,Bad quality of internet,Teaching language,,2,No,5,4,You do not care about,8 hours or more,3,6,5,4,4,16.0,10.0,13.0,,,,,,,,,,,,,,,,,,,,,,,,,,,,,,,,,,,,,,,,,,,,,,,,,,,,,,,,,,,,,,,,,,,,,,,High,High,Very High,High,High,High,Moderate,Moderate,Moderate,Moderate,Moderate,Moderate,Alone,"Lectures, Learning by practicing, Online courses and tutorials",YouTube videos,No,Pressure,Lack of time,Lack of previous knowledge or experience in the field,Bad quality of internet,Teachers' teaching method,Teaching language,Not having a good (powerful) computer,Private life problems,3,Yes,4,4,You do not care about,5-7 hours,3,6,8,5,4,Very High,High,Very High,Very High,High,High,15.0,High,Very High,Very High,High,High,High,14.0,14.0,,,,,,,,,,,,,,,,,,
2025/01/08 6:40:20 PM GMT+1,Male,Second year,Science,10-17,In your room (dorms),Alone,Mind mapping and visualization;Online courses and tutorials,YouTube videos,No,Lack of previous knowledge or experience in the field,Teachers' teaching method,Lack of time,Pressure,Private life problems,Not having a good (powerful) computer,Bad quality of internet,Teaching language,,2,No,5,4,You do not care about,8 hours or more,3,6,5,4,4,16.0,10.0,13.0,,,,,,,,,,,,,,,,,,,,,,,,,,,,,,,,,,,,,,,,,,,,,,,,,,,,,,,,,,,,,,,,,,,,,,,High,High,Very High,High,High,High,Moderate,Moderate,Moderate,Moderate,Moderate,Moderate,Alone,"Learning by practicing, Project-based learning, Online courses and tutorials","Books, Online tutorials, Online documents, YouTube videos",Yes,Teachers' teaching method,Teachers' teaching method,Teachers' teaching method,Teachers' teaching method,Teachers' teaching method,Teachers' teaching method,Pressure,Lack of time,1,Yes,1,3,You do not care about,5-7 hours,5,9,9,9,8,High,High,High,Very High,High,Moderate,14.0,High,High,High,High,High,Moderate,13.0,13.0,,,,,,,,,,,,,,,,,,
2025/01/08 6:44:33 PM GMT+1,Female,Second year,Science,26-33,In the school's library,Alone,Lectures;Learning by practicing;Mind mapping and visualization,Online tutorials;YouTube videos,No,Lack of time,Pressure,Lack of previous knowledge or experience in the field,Private life problems,Bad quality of internet,Not having a good (powerful) computer,Teachers' teaching method,Teaching language,,3,No,2,3,Negatively,8 hours or more,2,7,5,3,4,13.0,11.0,12.0,,,,,,,,,,,,,,,,,,,,,,,,,,,,,,,,,,,,,,,,,,,,,,,,,,,,,,,,,,,,,,,,,,,,,,,Moderate,Moderate,Low,High,High,Moderate,Moderate,Moderate,Low,Low,Moderate,High,Alone,"Learning by practicing, Project-based learning, Mind mapping and visualization","Books, Online tutorials, Online documents, YouTube videos",Yes,Lack of time,Pressure,Teachers' teaching method,Lack of previous knowledge or experience in the field,Private life problems,Bad quality of internet,Not having a good (powerful) computer,Teaching language,3,No,4,5,Positively,5-7 hours,3,7,7,8,9,High,High,High,Very High,High,High,14.0,Moderate,Very High,Very High,High,Moderate,Moderate,12.0,13.0,,,,,,,,,,,,,,,,,,
2025/01/08 6:44:38 PM GMT+1,Female,Second year,Mathematics,10-17,In your room (dorms),Alone,Learning by practicing;Mind mapping and visualization,Online tutorials;Online documents;YouTube videos,No,Private life problems,Pressure,Lack of previous knowledge or experience in the field,Teachers' teaching method,Lack of time,Bad quality of internet,Not having a good (powerful) computer,Teaching language,Lack of motivation,3,No,1,4,Negatively,5-7 hours,1,8,5,6,7,,,,,,,,,,,,,,,,,,,,,,,,,,,,,,,,,,,,,,,,,,,,,,,,,,,,,,,,,,,,,,,,,,,,,,,,,,Moderate,Moderate,Low,High,Very High,High,Moderate,High,Moderate,High,High,High,Alone,"Lectures, Learning by practicing","Online tutorials, Online documents",Yes,Lack of time,Bad quality of internet,Pressure,Lack of previous knowledge or experience in the field,Teachers' teaching method,Private life problems,Not having a good (powerful) computer,Teaching language,2,No,2,5,Positively,5-7 hours,1,7,5,6,8,High,High,Moderate,High,Moderate,High,12.0,Moderate,High,High,High,Moderate,Moderate,11.0,12.0,,,,,,,,,,,,,,,,,,
2025/01/08 6:44:38 PM GMT+1,Female,Second year,Mathematics,10-17,In your room (dorms),Alone,Learning by practicing;Mind mapping and visualization,Online tutorials;Online documents;YouTube videos,No,Private life problems,Pressure,Lack of previous knowledge or experience in the field,Teachers' teaching method,Lack of time,Bad quality of internet,Not having a good (powerful) computer,Teaching language,Lack of motivation,3,No,1,4,Negatively,5-7 hours,1,8,5,6,7,,,,,,,,,,,,,,,,,,,,,,,,,,,,,,,,,,,,,,,,,,,,,,,,,,,,,,,,,,,,,,,,,,,,,,,,,,Moderate,Moderate,Low,High,Very High,High,Moderate,High,Moderate,High,High,High,Alone,"Learning by practicing, Project-based learning, Online courses and tutorials",YouTube videos,Yes,Private life problems,Pressure,Bad quality of internet,Lack of time,Lack of previous knowledge or experience in the field,Teachers' teaching method,Teaching language,Not having a good (powerful) computer,1,No,1,1,Positively,8 hours or more,3,8,8,5,6,Very High,Very High,High,Very High,High,Very High,16.0,Very High,Very High,Very High,Very High,Moderate,High,15.0,15.0,,,,,,,,,,,,,,,,,,
2025/01/08 6:44:38 PM GMT+1,Female,Second year,Mathematics,10-17,In your room (dorms),Alone,Learning by practicing;Mind mapping and visualization,Online tutorials;Online documents;YouTube videos,No,Private life problems,Pressure,Lack of previous knowledge or experience in the field,Teachers' teaching method,Lack of time,Bad quality of internet,Not having a good (powerful) computer,Teaching language,Lack of motivation,3,No,1,4,Negatively,5-7 hours,1,8,5,6,7,,,,,,,,,,,,,,,,,,,,,,,,,,,,,,,,,,,,,,,,,,,,,,,,,,,,,,,,,,,,,,,,,,,,,,,,,,Moderate,Moderate,Low,High,Very High,High,Moderate,High,Moderate,High,High,High,In peer,Learning by practicing,"Online documents, YouTube videos",No,Lack of previous knowledge or experience in the field,Teachers' teaching method,Bad quality of internet,Pressure,Lack of time,Teaching language,Private life problems,Not having a good (powerful) computer,2,Yes,5,4,Positively,5-7 hours,1,8,3,3,6,High,High,High,High,High,High,14.0,Moderate,High,Very High,High,Moderate,Low,10.0,12.0,,,,,,,,,,,,,,,,,,
2025/01/08 6:46:31 PM GMT+1,Female,Second year,Mathematics,26-33,In the school's library,Alone,Learning by practicing;Mind mapping and visualization,Books;Online documents;YouTube videos,Yes,Pressure,Lack of time,Lack of previous knowledge or experience in the field,Teachers' teaching method,Bad quality of internet,Private life problems,Teaching language,Not having a good (powerful) computer,The lack of الشغف,4,Yes,5,4,Positively,8 hours or more,5,8,7,8,8,13.0,12.0,12.0,,,,,,,,,,,,,,,,,,,,,,,,,,,,,,,,,,,,,,,,,,,,,,,,,,,,,,,,,,,,,,,,,,,,,,,High,Moderate,Very High,High,Very High,Very High,Moderate,Very High,Moderate,Low,Moderate,Very High,With a group,"Lectures, Learning by practicing, Project-based learning, Mind mapping and visualization, Interactive workshops, Online courses and tutorials","Online tutorials, Online documents, YouTube videos",No,Lack of time,Teaching language,Bad quality of internet,Pressure,Private life problems,Pressure,Not having a good (powerful) computer,Teachers' teaching method,3,No,4,5,Positively,8 hours or more,3,7,8,8,8,Very High,Very High,Very High,Very High,Very High,Very High,17.0,Very High,Very High,Very High,Very High,High,Very High,17.0,17.0,,,,,,,,,,,,,,,,,,
2025/01/08 6:46:31 PM GMT+1,Female,Second year,Mathematics,26-33,In the school's library,Alone,Learning by practicing;Mind mapping and visualization,Books;Online documents;YouTube videos,Yes,Pressure,Lack of time,Lack of previous knowledge or experience in the field,Teachers' teaching method,Bad quality of internet,Private life problems,Teaching language,Not having a good (powerful) computer,The lack of الشغف,4,Yes,5,4,Positively,8 hours or more,5,8,7,8,8,13.0,12.0,12.0,,,,,,,,,,,,,,,,,,,,,,,,,,,,,,,,,,,,,,,,,,,,,,,,,,,,,,,,,,,,,,,,,,,,,,,High,Moderate,Very High,High,Very High,Very High,Moderate,Very High,Moderate,Low,Moderate,Very High,Alone,"Learning by practicing, Mind mapping and visualization","Books, Online tutorials, Online documents, YouTube videos",No,Pressure,Teachers' teaching method,Lack of time,Bad quality of internet,Private life problems,Lack of previous knowledge or experience in the field,Teaching language,Not having a good (powerful) computer,2,Yes,4,2,You do not care about,5-7 hours,4,8,5,5,8,High,High,High,High,High,Moderate,13.0,Moderate,High,High,Moderate,Moderate,Moderate,10.0,11.0,,,,,,,,,,,,,,,,,,
2025/01/08 6:46:31 PM GMT+1,Female,Second year,Mathematics,26-33,In the school's library,Alone,Learning by practicing;Mind mapping and visualization,Books;Online documents;YouTube videos,Yes,Pressure,Lack of time,Lack of previous knowledge or experience in the field,Teachers' teaching method,Bad quality of internet,Private life problems,Teaching language,Not having a good (powerful) computer,The lack of الشغف,4,Yes,5,4,Positively,8 hours or more,5,8,7,8,8,13.0,12.0,12.0,,,,,,,,,,,,,,,,,,,,,,,,,,,,,,,,,,,,,,,,,,,,,,,,,,,,,,,,,,,,,,,,,,,,,,,High,Moderate,Very High,High,Very High,Very High,Moderate,Very High,Moderate,Low,Moderate,Very High,In peer,"Learning by practicing, Mind mapping and visualization, Interactive workshops, Online courses and tutorials","Online tutorials, Online documents, YouTube videos",No,Teachers' teaching method,Lack of time,Lack of previous knowledge or experience in the field,Not having a good (powerful) computer,Pressure,Private life problems,Bad quality of internet,Teaching language,2,No,2,3,Positively,5-7 hours,3,8,5,4,7,Very High,High,High,Very High,High,Moderate,14.0,Moderate,Moderate,Very High,High,Moderate,Moderate,11.0,12.0,,,,,,,,,,,,,,,,,,
2025/01/08 6:48:11 PM GMT+1,Male,Second year,Technical maths,18-25,In your room (dorms),Alone,Lectures;Learning by practicing;Online courses and tutorials,Online tutorials;Online documents,Yes,Lack of time,Pressure,Bad quality of internet,Not having a good (powerful) computer,Teachers' teaching method,Lack of previous knowledge or experience in the field,Private life problems,Teaching language,,3,No,4,4,Positively,5-7 hours,4,5,7,7,6,14.0,14.0,14.0,,,,,,,,,,,,,,,,,,,,,,,,,,,,,,,,,,,,,,,,,,,,,,,,,,,,,,,,,,,,,,,,,,,,,,,Moderate,High,High,Very High,Moderate,Moderate,Moderate,High,High,High,High,Moderate,Alone,"Lectures, Learning by practicing, Online courses and tutorials","Online documents, YouTube videos",No,Teaching language,Lack of time,Teachers' teaching method,Lack of previous knowledge or experience in the field,Pressure,Bad quality of internet,Private life problems,Not having a good (powerful) computer,1,Yes,2,3,You do not care about,8 hours or more,3,2,6,6,8,High,High,High,Very High,High,Moderate,13.0,High,Very High,High,High,High,Moderate,13.0,13.0,,,,,,,,,,,,,,,,,,
2025/01/08 6:48:26 PM GMT+1,Male,Second year,Science,10-17,In your room (dorms),Alone,Lectures;Learning by practicing,Online documents;YouTube videos,Yes,Lack of time,Private life problems,Teachers' teaching method,Lack of previous knowledge or experience in the field,Pressure,Teaching language,Bad quality of internet,Not having a good (powerful) computer,Lack of motivation,4,No,3,3,Positively,5-7 hours,3,8,8,6,5,12.0,12.0,,,,,,,,,,,,,,,,,,,,,,,,,,,,,,,,,,,,,,,,,,,,,,,,,,,,,,,,,,,,,,,,,,,,,,,,,,,,,,,,,,,,Alone,"Lectures, Learning by practicing, Online courses and tutorials",YouTube videos,No,Pressure,Lack of time,Lack of previous knowledge or experience in the field,Bad quality of internet,Teachers' teaching method,Teaching language,Not having a good (powerful) computer,Private life problems,3,Yes,4,4,You do not care about,5-7 hours,3,6,8,5,4,Very High,High,Very High,Very High,High,High,15.0,High,Very High,Very High,High,High,High,14.0,14.0,,,,,,,,,,,,,,,,,,
2025/01/08 6:48:26 PM GMT+1,Male,Second year,Science,10-17,In your room (dorms),Alone,Lectures;Learning by practicing,Online documents;YouTube videos,Yes,Lack of time,Private life problems,Teachers' teaching method,Lack of previous knowledge or experience in the field,Pressure,Teaching language,Bad quality of internet,Not having a good (powerful) computer,Lack of motivation,4,No,3,3,Positively,5-7 hours,3,8,8,6,5,12.0,12.0,,,,,,,,,,,,,,,,,,,,,,,,,,,,,,,,,,,,,,,,,,,,,,,,,,,,,,,,,,,,,,,,,,,,,,,,,,,,,,,,,,,,Alone,"Learning by practicing, Project-based learning, Online courses and tutorials","Books, Online tutorials, Online documents, YouTube videos",Yes,Teachers' teaching method,Teachers' teaching method,Teachers' teaching method,Teachers' teaching method,Teachers' teaching method,Teachers' teaching method,Pressure,Lack of time,1,Yes,1,3,You do not care about,5-7 hours,5,9,9,9,8,High,High,High,Very High,High,Moderate,14.0,High,High,High,High,High,Moderate,13.0,13.0,,,,,,,,,,,,,,,,,,
2025/01/08 6:55:24 PM GMT+1,Female,Second year,Mathematics,18-25,In the school's library,With a group,Lectures;Online courses and tutorials,Online documents;YouTube videos,Yes,Pressure,Teachers' teaching method,Lack of time,Bad quality of internet,Private life problems,Teaching language,Private life problems,Not having a good (powerful) computer,Exhausted at any time ,2,Yes,3,2,Negatively,8 hours or more,2,7,7,7,8,14.0,13.0,13.0,,,,,,,,,,,,,,,,,,,,,,,,,,,,,,,,,,,,,,,,,,,,,,,,,,,,,,,,,,,,,,,,,,,,,,,High,High,Moderate,High,High,,High,High,Moderate,Very High,Moderate,High,In peer,"Learning by practicing, Project-based learning, Online courses and tutorials","Books, Online tutorials, Online documents, YouTube videos",Yes,Teachers' teaching method,Lack of time,Lack of previous knowledge or experience in the field,Pressure,Not having a good (powerful) computer,Bad quality of internet,Private life problems,Teaching language,2,Yes,4,4,You do not care about,5-7 hours,2,9,5,5,7,Very High,High,High,High,Moderate,Very High,15.0,Moderate,Very High,Very High,High,Moderate,Moderate,12.0,13.0,,,,,,,,,,,,,,,,,,
2025/01/08 7:00:06 PM GMT+1,Male,Second year,Mathematics,18-25,In your room (dorms),Alone,Lectures;Learning by practicing;Project-based learning;Online courses and tutorials,Online tutorials;Online documents;YouTube videos,No,Lack of time,Teachers' teaching method,Private life problems,Pressure,Lack of previous knowledge or experience in the field,Bad quality of internet,Teaching language,Not having a good (powerful) computer,,3,No,4,4,Negatively,8 hours or more,3,7,7,7,7,14.0,12.0,13.0,,,,,,,,,,,,,,,,,,,,,,,,,,,,,,,,,,,,,,,,,,,,,,,,,,,,,,,,,,,,,,,,,,,,,,,High,High,High,High,High,High,Moderate,High,Moderate,Moderate,Moderate,High,Alone,"Mind mapping and visualization, Online courses and tutorials","Books, Online tutorials, Online documents, YouTube videos, Private courses",Yes,Private life problems,Lack of previous knowledge or experience in the field,Teachers' teaching method,Lack of time,Pressure,Bad quality of internet,Teaching language,Not having a good (powerful) computer,2,No,2,3,You do not care about,8 hours or more,4,8,6,5,8,High,High,High,Very High,High,Moderate,14.0,High,High,High,High,Moderate,Moderate,13.0,13.0,,,,,,,,,,,,,,,,,,
2025/01/08 7:00:06 PM GMT+1,Male,Second year,Mathematics,18-25,In your room (dorms),Alone,Lectures;Learning by practicing;Project-based learning;Online courses and tutorials,Online tutorials;Online documents;YouTube videos,No,Lack of time,Teachers' teaching method,Private life problems,Pressure,Lack of previous knowledge or experience in the field,Bad quality of internet,Teaching language,Not having a good (powerful) computer,,3,No,4,4,Negatively,8 hours or more,3,7,7,7,7,14.0,12.0,13.0,,,,,,,,,,,,,,,,,,,,,,,,,,,,,,,,,,,,,,,,,,,,,,,,,,,,,,,,,,,,,,,,,,,,,,,High,High,High,High,High,High,Moderate,High,Moderate,Moderate,Moderate,High,Alone,Learning by practicing,"Books, YouTube videos",Yes,Lack of time,Pressure,Teachers' teaching method,Lack of previous knowledge or experience in the field,Teaching language,Bad quality of internet,Not having a good (powerful) computer,Private life problems,3,Yes,3,4,Positively,5-7 hours,2,8,6,6,5,Very High,High,High,Very High,High,High,15.0,High,High,Very High,High,Moderate,Moderate,12.0,13.0,,,,,,,,,,,,,,,,,,
2025/01/08 7:00:06 PM GMT+1,Male,Second year,Mathematics,18-25,In your room (dorms),Alone,Lectures;Learning by practicing;Project-based learning;Online courses and tutorials,Online tutorials;Online documents;YouTube videos,No,Lack of time,Teachers' teaching method,Private life problems,Pressure,Lack of previous knowledge or experience in the field,Bad quality of internet,Teaching language,Not having a good (powerful) computer,,3,No,4,4,Negatively,8 hours or more,3,7,7,7,7,14.0,12.0,13.0,,,,,,,,,,,,,,,,,,,,,,,,,,,,,,,,,,,,,,,,,,,,,,,,,,,,,,,,,,,,,,,,,,,,,,,High,High,High,High,High,High,Moderate,High,Moderate,Moderate,Moderate,High,Alone,"Mind mapping and visualization, Online courses and tutorials","Online tutorials, Online documents, YouTube videos",Yes,Teachers' teaching method,Lack of previous knowledge or experience in the field,Pressure,Private life problems,Lack of time,Bad quality of internet,Teaching language,Not having a good (powerful) computer,2,Yes,3,3,Negatively,5-7 hours,3,6,6,6,8,High,High,Moderate,Very High,High,Moderate,14.0,High,Very High,High,High,Moderate,Moderate,13.0,13.0,,,,,,,,,,,,,,,,,,
2025/01/08 7:00:06 PM GMT+1,Male,Second year,Mathematics,18-25,In your room (dorms),Alone,Lectures;Learning by practicing;Project-based learning;Online courses and tutorials,Online tutorials;Online documents;YouTube videos,No,Lack of time,Teachers' teaching method,Private life problems,Pressure,Lack of previous knowledge or experience in the field,Bad quality of internet,Teaching language,Not having a good (powerful) computer,,3,No,4,4,Negatively,8 hours or more,3,7,7,7,7,14.0,12.0,13.0,,,,,,,,,,,,,,,,,,,,,,,,,,,,,,,,,,,,,,,,,,,,,,,,,,,,,,,,,,,,,,,,,,,,,,,High,High,High,High,High,High,Moderate,High,Moderate,Moderate,Moderate,High,Alone,"Lectures, Learning by practicing","Online tutorials, Online documents, YouTube videos",No,Teachers' teaching method,Lack of previous knowledge or experience in the field,Pressure,Bad quality of internet,Teaching language,Lack of time,Private life problems,Not having a good (powerful) computer,1,No,2,5,You do not care about,5-7 hours,1,7,7,7,7,Very High,High,High,High,High,Moderate,14.0,High,Very High,High,High,Moderate,High,14.0,14.0,,,,,,,,,,,,,,,,,,
2025/01/08 7:06:31 PM GMT+1,Female,Second year,Science,18-25,In the school's library,Alone,Mind mapping and visualization;Online courses and tutorials,Online documents;YouTube videos,Yes,Pressure,Lack of time,Lack of previous knowledge or experience in the field,Teaching language,Teaching language,Bad quality of internet,Not having a good (powerful) computer,Private life problems,,2,Yes,3,5,You do not care about,5-7 hours,1,7,5,6,7,12.0,11.0,11.0,8.0,9.0,9.0,,,,,,,,,,,,,,,,,,,,,,,,,,,,,,,,,,,,,,,,,,,,,,,,,,,,,,,,,,,,,,,,,,,,,,,,,,,,,,,,In peer,"Learning by practicing, Mind mapping and visualization, Online courses and tutorials",YouTube videos,Yes,Lack of time,Pressure,Private life problems,Teachers' teaching method,Bad quality of internet,Lack of previous knowledge or experience in the field,Not having a good (powerful) computer,Teaching language,2,No,3,4,Negatively,5-7 hours,3,8,6,7,8,Very High,High,High,Very High,High,Very High,15.0,Moderate,High,Very High,Moderate,Moderate,Moderate,12.0,13.0,,,,,,,,,,,,,,,,,,
2025/01/08 7:06:31 PM GMT+1,Female,Second year,Science,18-25,In the school's library,Alone,Mind mapping and visualization;Online courses and tutorials,Online documents;YouTube videos,Yes,Pressure,Lack of time,Lack of previous knowledge or experience in the field,Teaching language,Teaching language,Bad quality of internet,Not having a good (powerful) computer,Private life problems,,2,Yes,3,5,You do not care about,5-7 hours,1,7,5,6,7,12.0,11.0,11.0,8.0,9.0,9.0,,,,,,,,,,,,,,,,,,,,,,,,,,,,,,,,,,,,,,,,,,,,,,,,,,,,,,,,,,,,,,,,,,,,,,,,,,,,,,,,Alone,"Lectures, Learning by practicing, Project-based learning, Mind mapping and visualization, Interactive workshops, Online courses and tutorials","Books, Online documents, YouTube videos",No,Lack of time,Lack of previous knowledge or experience in the field,Private life problems,Pressure,Teachers' teaching method,Bad quality of internet,Teaching language,Not having a good (powerful) computer,3,No,3,3,Negatively,5-7 hours,4,7,5,6,6,Very High,High,High,High,Moderate,Very High,14.0,Moderate,High,Very High,High,Moderate,Moderate,13.0,13.0,,,,,,,,,,,,,,,,,,
2025/01/08 7:06:31 PM GMT+1,Female,Second year,Science,18-25,In the school's library,Alone,Mind mapping and visualization;Online courses and tutorials,Online documents;YouTube videos,Yes,Pressure,Lack of time,Lack of previous knowledge or experience in the field,Teaching language,Teaching language,Bad quality of internet,Not having a good (powerful) computer,Private life problems,,2,Yes,3,5,You do not care about,5-7 hours,1,7,5,6,7,12.0,11.0,11.0,8.0,9.0,9.0,,,,,,,,,,,,,,,,,,,,,,,,,,,,,,,,,,,,,,,,,,,,,,,,,,,,,,,,,,,,,,,,,,,,,,,,,,,,,,,,Alone,"Learning by practicing, Mind mapping and visualization, Online courses and tutorials","Online documents, YouTube videos",Yes,Pressure,Lack of time,Teachers' teaching method,Teaching language,Bad quality of internet,Lack of previous knowledge or experience in the field,Private life problems,Not having a good (powerful) computer,3,Yes,3,5,You do not care about,8 hours or more,3,7,6,6,6,High,High,High,High,Moderate,High,13.0,Low,Moderate,High,Low,Moderate,Moderate,9.0,11.0,,,,,,,,,,,,,,,,,,
2025/01/08 7:07:17 PM GMT+1,Female,Second year,Science,18-25,In your room (dorms),Alone,Learning by practicing,Books;Online tutorials;Online documents;YouTube videos,Yes,Pressure,Not having a good (powerful) computer,Teachers' teaching method,Lack of time,Private life problems,Private life problems,Lack of previous knowledge or experience in the field,Teaching language,,2,No,1,1,Positively,8 hours or more,3,8,7,9,8,13.0,11.0,12.0,,,,,,,,,,,,,,,,,,,,,,,,,,,,,,,,,,,,,,,,,,,,,,,,,,,,,,,,,,,,,,,,,,,,,,,High,Moderate,Moderate,Moderate,High,Moderate,High,Moderate,Moderate,Low,Moderate,High,Alone,"Learning by practicing, Project-based learning, Mind mapping and visualization, Interactive workshops, Online courses and tutorials","Online tutorials, Online documents, YouTube videos",Yes,Teachers' teaching method,Lack of time,Lack of previous knowledge or experience in the field,Lack of time,Pressure,Bad quality of internet,Teaching language,Private life problems,3,No,5,5,You do not care about,5-7 hours,5,9,6,6,8,Very High,High,High,High,Moderate,High,13.0,Moderate,Moderate,Very High,Moderate,Moderate,Moderate,10.0,11.0,,,,,,,,,,,,,,,,,,
2025/01/08 7:07:17 PM GMT+1,Female,Second year,Science,18-25,In your room (dorms),Alone,Learning by practicing,Books;Online tutorials;Online documents;YouTube videos,Yes,Pressure,Not having a good (powerful) computer,Teachers' teaching method,Lack of time,Private life problems,Private life problems,Lack of previous knowledge or experience in the field,Teaching language,,2,No,1,1,Positively,8 hours or more,3,8,7,9,8,13.0,11.0,12.0,,,,,,,,,,,,,,,,,,,,,,,,,,,,,,,,,,,,,,,,,,,,,,,,,,,,,,,,,,,,,,,,,,,,,,,High,Moderate,Moderate,Moderate,High,Moderate,High,Moderate,Moderate,Low,Moderate,High,Alone,"Lectures, Learning by practicing, Mind mapping and visualization","Books, Online tutorials, YouTube videos",No,Teaching language,Pressure,Lack of previous knowledge or experience in the field,Lack of time,Teachers' teaching method,Bad quality of internet,Not having a good (powerful) computer,Private life problems,2,No,4,5,Negatively,5-7 hours,5,6,3,2,5,High,High,High,High,Moderate,High,12.0,Low,High,High,Moderate,Low,Low,8.0,10.0,,,,,,,,,,,,,,,,,,
2025/01/08 7:07:17 PM GMT+1,Female,Second year,Science,18-25,In your room (dorms),Alone,Learning by practicing,Books;Online tutorials;Online documents;YouTube videos,Yes,Pressure,Not having a good (powerful) computer,Teachers' teaching method,Lack of time,Private life problems,Private life problems,Lack of previous knowledge or experience in the field,Teaching language,,2,No,1,1,Positively,8 hours or more,3,8,7,9,8,13.0,11.0,12.0,,,,,,,,,,,,,,,,,,,,,,,,,,,,,,,,,,,,,,,,,,,,,,,,,,,,,,,,,,,,,,,,,,,,,,,High,Moderate,Moderate,Moderate,High,Moderate,High,Moderate,Moderate,Low,Moderate,High,Alone,"Learning by practicing, Project-based learning","Books, Online tutorials, Online documents, YouTube videos",Yes,Pressure,Lack of time,Teachers' teaching method,Bad quality of internet,Private life problems,Teaching language,Lack of previous knowledge or experience in the field,Not having a good (powerful) computer,3,Yes,4,5,You do not care about,5-7 hours,3,9,9,9,7,Very High,High,High,Very High,High,High,15.0,High,High,Very High,High,Moderate,Moderate,13.0,14.0,,,,,,,,,,,,,,,,,,
2025/01/08 7:07:17 PM GMT+1,Female,Second year,Science,18-25,In your room (dorms),Alone,Learning by practicing,Books;Online tutorials;Online documents;YouTube videos,Yes,Pressure,Not having a good (powerful) computer,Teachers' teaching method,Lack of time,Private life problems,Private life problems,Lack of previous knowledge or experience in the field,Teaching language,,2,No,1,1,Positively,8 hours or more,3,8,7,9,8,13.0,11.0,12.0,,,,,,,,,,,,,,,,,,,,,,,,,,,,,,,,,,,,,,,,,,,,,,,,,,,,,,,,,,,,,,,,,,,,,,,High,Moderate,Moderate,Moderate,High,Moderate,High,Moderate,Moderate,Low,Moderate,High,Alone,Learning by practicing,YouTube videos,Yes,Pressure,Lack of time,Bad quality of internet,Lack of previous knowledge or experience in the field,Teachers' teaching method,Teaching language,Not having a good (powerful) computer,Private life problems,3,No,4,4,You do not care about,5-7 hours,3,7,6,6,8,High,High,High,High,Moderate,Moderate,12.0,Low,High,High,Moderate,Moderate,High,11.0,11.0,,,,,,,,,,,,,,,,,,
2025/01/08 7:07:17 PM GMT+1,Female,Second year,Science,18-25,In your room (dorms),Alone,Learning by practicing,Books;Online tutorials;Online documents;YouTube videos,Yes,Pressure,Not having a good (powerful) computer,Teachers' teaching method,Lack of time,Private life problems,Private life problems,Lack of previous knowledge or experience in the field,Teaching language,,2,No,1,1,Positively,8 hours or more,3,8,7,9,8,13.0,11.0,12.0,,,,,,,,,,,,,,,,,,,,,,,,,,,,,,,,,,,,,,,,,,,,,,,,,,,,,,,,,,,,,,,,,,,,,,,High,Moderate,Moderate,Moderate,High,Moderate,High,Moderate,Moderate,Low,Moderate,High,Alone,"Lectures, Online courses and tutorials","Books, Online tutorials, Online documents, YouTube videos",Yes,Pressure,Lack of time,Teachers' teaching method,Lack of previous knowledge or experience in the field,Bad quality of internet,Private life problems,Teaching language,Not having a good (powerful) computer,2,No,3,3,You do not care about,5-7 hours,2,9,6,7,7,High,High,High,High,Moderate,Moderate,13.0,Moderate,High,High,High,Moderate,High,11.0,12.0,,,,,,,,,,,,,,,,,,
2025/01/08 7:07:17 PM GMT+1,Female,Second year,Science,18-25,In your room (dorms),Alone,Learning by practicing,Books;Online tutorials;Online documents;YouTube videos,Yes,Pressure,Not having a good (powerful) computer,Teachers' teaching method,Lack of time,Private life problems,Private life problems,Lack of previous knowledge or experience in the field,Teaching language,,2,No,1,1,Positively,8 hours or more,3,8,7,9,8,13.0,11.0,12.0,,,,,,,,,,,,,,,,,,,,,,,,,,,,,,,,,,,,,,,,,,,,,,,,,,,,,,,,,,,,,,,,,,,,,,,High,Moderate,Moderate,Moderate,High,Moderate,High,Moderate,Moderate,Low,Moderate,High,Alone,"Lectures, Mind mapping and visualization, Online courses and tutorials","Books, Online tutorials, Online documents, YouTube videos",No,Pressure,Lack of time,Bad quality of internet,Private life problems,Teachers' teaching method,Lack of previous knowledge or experience in the field,Not having a good (powerful) computer,Teaching language,4,Yes,4,5,Positively,5-7 hours,3,7,6,6,6,High,Very High,Very High,Very High,Very High,High,16.0,High,Very High,Very High,Moderate,Moderate,Moderate,13.0,14.0,,,,,,,,,,,,,,,,,,
2025/01/08 7:07:17 PM GMT+1,Female,Second year,Science,18-25,In your room (dorms),Alone,Learning by practicing,Books;Online tutorials;Online documents;YouTube videos,Yes,Pressure,Not having a good (powerful) computer,Teachers' teaching method,Lack of time,Private life problems,Private life problems,Lack of previous knowledge or experience in the field,Teaching language,,2,No,1,1,Positively,8 hours or more,3,8,7,9,8,13.0,11.0,12.0,,,,,,,,,,,,,,,,,,,,,,,,,,,,,,,,,,,,,,,,,,,,,,,,,,,,,,,,,,,,,,,,,,,,,,,High,Moderate,Moderate,Moderate,High,Moderate,High,Moderate,Moderate,Low,Moderate,High,Alone,"Lectures, Learning by practicing, Project-based learning, Mind mapping and visualization","Online tutorials, Online documents, YouTube videos, couses and slides sent by our teachers",Yes,Bad quality of internet,Lack of time,Pressure,Teachers' teaching method,Lack of previous knowledge or experience in the field,Teaching language,Not having a good (powerful) computer,Private life problems,3,Yes,4,3,Positively,5-7 hours,2,8,7,8,6,High,High,High,High,Moderate,High,13.0,Moderate,Moderate,High,High,Low,Moderate,10.0,11.0,,,,,,,,,,,,,,,,,,
2025/01/08 7:17:55 PM GMT+1,Female,Second year,Mathematics,18-25,In your room (dorms),Alone,Learning by practicing;Mind mapping and visualization;Online courses and tutorials,Online tutorials;YouTube videos,Yes,Pressure,Lack of time,Lack of previous knowledge or experience in the field,Private life problems,Teachers' teaching method,Bad quality of internet,Not having a good (powerful) computer,Teaching language,,2,No,3,4,Negatively,5-7 hours,2,7,3,7,7,,,,,,,,,,,,,,,,,,,,,,,,,,,,,,,,,,,,,,,,,,,,,,,,,,,,,,,,,,,,,,,,,,,,,,,,,,Moderate,Very Low,Very Low,Moderate,High,Moderate,Very Low,High,High,Low,Moderate,High,Alone,"Lectures, Project-based learning, Interactive workshops, Online courses and tutorials","Books, YouTube videos",No,Teaching language,Lack of previous knowledge or experience in the field,Bad quality of internet,Lack of time,Teachers' teaching method,Not having a good (powerful) computer,Pressure,Private life problems,3,Yes,5,5,Positively,4 hours or less,2,3,5,5,5,High,High,High,High,Moderate,High,13.0,Moderate,High,High,High,Low,Moderate,11.0,12.0,,,,,,,,,,,,,,,,,,
2025/01/08 7:17:55 PM GMT+1,Female,Second year,Mathematics,18-25,In your room (dorms),Alone,Learning by practicing;Mind mapping and visualization;Online courses and tutorials,Online tutorials;YouTube videos,Yes,Pressure,Lack of time,Lack of previous knowledge or experience in the field,Private life problems,Teachers' teaching method,Bad quality of internet,Not having a good (powerful) computer,Teaching language,,2,No,3,4,Negatively,5-7 hours,2,7,3,7,7,,,,,,,,,,,,,,,,,,,,,,,,,,,,,,,,,,,,,,,,,,,,,,,,,,,,,,,,,,,,,,,,,,,,,,,,,,Moderate,Very Low,Very Low,Moderate,High,Moderate,Very Low,High,High,Low,Moderate,High,Alone,"Learning by practicing, Mind mapping and visualization, Interactive workshops","Books, Online tutorials, Online documents, YouTube videos",Yes,Teachers' teaching method,Lack of time,Bad quality of internet,Pressure,Private life problems,Teaching language,Lack of previous knowledge or experience in the field,Not having a good (powerful) computer,2,Yes,3,5,You do not care about,5-7 hours,4,8,8,7,9,Very High,Very High,High,Very High,Very High,High,17.0,Very High,Very High,Very High,Very High,Very High,Very High,18.0,17.0,,,,,,,,,,,,,,,,,,
2025/01/08 7:17:55 PM GMT+1,Female,Second year,Mathematics,18-25,In your room (dorms),Alone,Learning by practicing;Mind mapping and visualization;Online courses and tutorials,Online tutorials;YouTube videos,Yes,Pressure,Lack of time,Lack of previous knowledge or experience in the field,Private life problems,Teachers' teaching method,Bad quality of internet,Not having a good (powerful) computer,Teaching language,,2,No,3,4,Negatively,5-7 hours,2,7,3,7,7,,,,,,,,,,,,,,,,,,,,,,,,,,,,,,,,,,,,,,,,,,,,,,,,,,,,,,,,,,,,,,,,,,,,,,,,,,Moderate,Very Low,Very Low,Moderate,High,Moderate,Very Low,High,High,Low,Moderate,High,Alone,"Lectures, Learning by practicing, Project-based learning, Mind mapping and visualization, Interactive workshops","Books, Online documents, YouTube videos",Yes,Lack of time,Lack of previous knowledge or experience in the field,Teachers' teaching method,Pressure,Bad quality of internet,Teaching language,Not having a good (powerful) computer,Private life problems,2,Yes,3,3,Negatively,5-7 hours,4,6,5,3,3,High,High,Very High,High,Moderate,Moderate,12.0,Moderate,High,High,Moderate,Moderate,Low,10.0,11.0,,,,,,,,,,,,,,,,,,
2025/01/08 7:17:55 PM GMT+1,Female,Second year,Mathematics,18-25,In your room (dorms),Alone,Learning by practicing;Mind mapping and visualization;Online courses and tutorials,Online tutorials;YouTube videos,Yes,Pressure,Lack of time,Lack of previous knowledge or experience in the field,Private life problems,Teachers' teaching method,Bad quality of internet,Not having a good (powerful) computer,Teaching language,,2,No,3,4,Negatively,5-7 hours,2,7,3,7,7,,,,,,,,,,,,,,,,,,,,,,,,,,,,,,,,,,,,,,,,,,,,,,,,,,,,,,,,,,,,,,,,,,,,,,,,,,Moderate,Very Low,Very Low,Moderate,High,Moderate,Very Low,High,High,Low,Moderate,High,Alone,"Learning by practicing, Mind mapping and visualization, Online courses and tutorials","Online documents, YouTube videos",No,Teachers' teaching method,Pressure,Lack of time,Bad quality of internet,Lack of previous knowledge or experience in the field,Teaching language,Not having a good (powerful) computer,Private life problems,2,Yes,1,3,You do not care about,5-7 hours,4,10,7,7,8,,,,,,,,,,,,,,,,High,Moderate,Moderate,Moderate,Moderate,Moderate,Moderate,Moderate,Moderate,Low,Low,Low,Low,Moderate,Low,High,7.0,9.0
2025/01/08 7:17:55 PM GMT+1,Female,Second year,Mathematics,18-25,In your room (dorms),Alone,Learning by practicing;Mind mapping and visualization;Online courses and tutorials,Online tutorials;YouTube videos,Yes,Pressure,Lack of time,Lack of previous knowledge or experience in the field,Private life problems,Teachers' teaching method,Bad quality of internet,Not having a good (powerful) computer,Teaching language,,2,No,3,4,Negatively,5-7 hours,2,7,3,7,7,,,,,,,,,,,,,,,,,,,,,,,,,,,,,,,,,,,,,,,,,,,,,,,,,,,,,,,,,,,,,,,,,,,,,,,,,,Moderate,Very Low,Very Low,Moderate,High,Moderate,Very Low,High,High,Low,Moderate,High,Alone,"Learning by practicing, Interactive workshops","Books, YouTube videos",Yes,Bad quality of internet,Not having a good (powerful) computer,Lack of time,Pressure,Teachers' teaching method,Lack of previous knowledge or experience in the field,Teaching language,Private life problems,2,No,2,5,You do not care about,5-7 hours,3,7,3,2,8,High,High,High,Very High,Moderate,High,13.0,Moderate,High,Very High,Moderate,Moderate,High,11.0,12.0,,,,,,,,,,,,,,,,,,
2025/01/08 7:24:02 PM GMT+1,Male,Second year,Mathematics,10-17,In the school's library,In peer,Lectures,Online tutorials;YouTube videos,No,Teaching language,Pressure,Lack of previous knowledge or experience in the field,Teachers' teaching method,Lack of time,Private life problems,Not having a good (powerful) computer,Private life problems,.,2,Yes,3,4,You do not care about,5-7 hours,5,8,6,6,6,,,10.0,9.0,,,,,,,,,,,,,,,,,,,,,,,,,,,,,,,,,,,,,,,,,,,,,,,,,,,,,,,,,,,,,,,,,,,,,,Moderate,Low,Low,High,High,Moderate,Moderate,High,Moderate,High,Moderate,High,Alone,"Lectures, Learning by practicing, Online courses and tutorials","Books, Online documents, YouTube videos",No,Lack of time,Private life problems,Pressure,Lack of previous knowledge or experience in the field,Bad quality of internet,Teachers' teaching method,Teaching language,Not having a good (powerful) computer,2,Yes,2,4,You do not care about,5-7 hours,2,8,6,7,7,Very High,High,High,High,Moderate,High,13.0,High,High,Very High,Moderate,Moderate,Moderate,11.0,12.0,,,,,,,,,,,,,,,,,,
2025/01/08 7:24:12 PM GMT+1,Male,Second year,Mathematics,26-33,In the school's library,Alone,Learning by practicing;Online courses and tutorials,Online tutorials;Online documents;YouTube videos,Yes,Pressure,Lack of time,Teachers' teaching method,Lack of previous knowledge or experience in the field,Private life problems,Teaching language,Bad quality of internet,Not having a good (powerful) computer,"ProcrProcrastination especially when we have a lot of projects, tests and deadlines in the same period of time ",3,Yes,3,4,Positively,5-7 hours,2,8,7,7,6,14.0,13.0,14.0,,,,,,,,,,,,,,,,,,,,,,,,,,,,,,,,,,,,,,,,,,,,,,,,,,,,,,,,,,,,,,,,,,,,,,,High,High,High,Moderate,High,Moderate,High,High,Moderate,Moderate,Moderate,Moderate,Alone,"Learning by practicing, Online courses and tutorials","Online tutorials, YouTube videos",Yes,Pressure,Lack of previous knowledge or experience in the field,Teachers' teaching method,Private life problems,Teaching language,Bad quality of internet,Lack of time,Not having a good (powerful) computer,2,Yes,4,4,Positively,8 hours or more,2,7,7,7,8,Very High,High,Moderate,High,High,High,14.0,High,Very High,Very High,High,Moderate,High,14.0,14.0,,,,,,,,,,,,,,,,,,
2025/01/08 7:24:12 PM GMT+1,Male,Second year,Mathematics,26-33,In the school's library,Alone,Learning by practicing;Online courses and tutorials,Online tutorials;Online documents;YouTube videos,Yes,Pressure,Lack of time,Teachers' teaching method,Lack of previous knowledge or experience in the field,Private life problems,Teaching language,Bad quality of internet,Not having a good (powerful) computer,"ProcrProcrastination especially when we have a lot of projects, tests and deadlines in the same period of time ",3,Yes,3,4,Positively,5-7 hours,2,8,7,7,6,14.0,13.0,14.0,,,,,,,,,,,,,,,,,,,,,,,,,,,,,,,,,,,,,,,,,,,,,,,,,,,,,,,,,,,,,,,,,,,,,,,High,High,High,Moderate,High,Moderate,High,High,Moderate,Moderate,Moderate,Moderate,In peer,"Lectures, Learning by practicing, Mind mapping and visualization","Online tutorials, Online documents, YouTube videos",No,Pressure,Lack of time,Lack of previous knowledge or experience in the field,Teachers' teaching method,Teaching language,Bad quality of internet,Private life problems,Not having a good (powerful) computer,2,Yes,4,4,Negatively,5-7 hours,4,7,9,7,8,High,High,Very High,Very High,High,High,15.0,Very High,High,Very High,High,High,High,14.0,14.0,,,,,,,,,,,,,,,,,,
2025/01/08 7:29:53 PM GMT+1,Female,Second year,Mathematics,18-25,At home,In peer,Learning by practicing;Online courses and tutorials,Online documents;YouTube videos,Yes,Teachers' teaching method,Lack of previous knowledge or experience in the field,Lack of time,Bad quality of internet,Pressure,Teaching language,Private life problems,Not having a good (powerful) computer,,1,No,3,3,Positively,5-7 hours,2,7,7,6,6,14.0,13.0,13.0,,,,,,,,,,,,,,,,,,,,,,,,,,,,,,,,,,,,,,,,,,,,,,,,,,,,,,,,,,,,,,,,,,,,,,,High,Moderate,High,High,High,High,High,High,Moderate,High,Moderate,High,Alone,"Lectures, Learning by practicing, Project-based learning, Online courses and tutorials","Books, Online documents, YouTube videos",Yes,Lack of previous knowledge or experience in the field,Pressure,Lack of time,Bad quality of internet,Not having a good (powerful) computer,Private life problems,Teachers' teaching method,Teaching language,3,No,5,5,You do not care about,5-7 hours,4,9,8,8,8,,,,,,,,,,,,,,,,High,High,Moderate,High,Moderate,Moderate,Moderate,High,High,Low,Low,Low,Moderate,High,Moderate,Very High,9.0,11.0
2025/01/08 8:04:00 PM GMT+1,Male,Second year,Mathematics,10-17,In your room (dorms),Alone,Lectures;Mind mapping and visualization,Books;Online documents;YouTube videos,No,Teachers' teaching method,Private life problems,Lack of time,Pressure,Pressure,Not having a good (powerful) computer,Lack of time,Bad quality of internet,,2,No,3,4,You do not care about,5-7 hours,3,8,6,6,5,14.0,13.0,14.0,,,,,,,,,,,,,,,,,,,,,,,,,,,,,,,,,,,,,,,,,,,,,,,,,,,,,,,,,,,,,,,,,,,,,,,,,,,,,,,,,,,Alone,"Learning by practicing, Project-based learning","Online documents, YouTube videos",No,Teachers' teaching method,Lack of time,Pressure,Bad quality of internet,Lack of previous knowledge or experience in the field,Teaching language,Private life problems,Not having a good (powerful) computer,2,Yes,2,4,You do not care about,8 hours or more,1,5,6,5,7,Moderate,High,High,High,High,Low,12.0,High,High,Moderate,High,Moderate,Low,11.0,11.0,,,,,,,,,,,,,,,,,,
2025/01/08 8:04:00 PM GMT+1,Male,Second year,Mathematics,10-17,In your room (dorms),Alone,Lectures;Mind mapping and visualization,Books;Online documents;YouTube videos,No,Teachers' teaching method,Private life problems,Lack of time,Pressure,Pressure,Not having a good (powerful) computer,Lack of time,Bad quality of internet,,2,No,3,4,You do not care about,5-7 hours,3,8,6,6,5,14.0,13.0,14.0,,,,,,,,,,,,,,,,,,,,,,,,,,,,,,,,,,,,,,,,,,,,,,,,,,,,,,,,,,,,,,,,,,,,,,,,,,,,,,,,,,,Alone,Online courses and tutorials,YouTube videos,No,Lack of time,Lack of previous knowledge or experience in the field,Pressure,Private life problems,Teachers' teaching method,Bad quality of internet,Not having a good (powerful) computer,Teaching language,4,No,4,5,Positively,5-7 hours,2,7,5,3,5,Very High,High,High,High,High,High,15.0,High,Moderate,High,High,High,Moderate,12.0,13.0,,,,,,,,,,,,,,,,,,
2025/01/08 8:04:00 PM GMT+1,Male,Second year,Mathematics,10-17,In your room (dorms),Alone,Lectures;Mind mapping and visualization,Books;Online documents;YouTube videos,No,Teachers' teaching method,Private life problems,Lack of time,Pressure,Pressure,Not having a good (powerful) computer,Lack of time,Bad quality of internet,,2,No,3,4,You do not care about,5-7 hours,3,8,6,6,5,14.0,13.0,14.0,,,,,,,,,,,,,,,,,,,,,,,,,,,,,,,,,,,,,,,,,,,,,,,,,,,,,,,,,,,,,,,,,,,,,,,,,,,,,,,,,,,Alone,"Learning by practicing, Mind mapping and visualization",Online documents,No,Teachers' teaching method,Bad quality of internet,Lack of time,Private life problems,Not having a good (powerful) computer,Pressure,Lack of previous knowledge or experience in the field,Teaching language,1,No,3,4,Positively,5-7 hours,5,8,7,7,8,Very High,Very High,High,Very High,High,High,16.0,High,Very High,Very High,Very High,High,High,16.0,16.0,,,,,,,,,,,,,,,,,,
2025/01/08 8:04:00 PM GMT+1,Male,Second year,Mathematics,10-17,In your room (dorms),Alone,Lectures;Mind mapping and visualization,Books;Online documents;YouTube videos,No,Teachers' teaching method,Private life problems,Lack of time,Pressure,Pressure,Not having a good (powerful) computer,Lack of time,Bad quality of internet,,2,No,3,4,You do not care about,5-7 hours,3,8,6,6,5,14.0,13.0,14.0,,,,,,,,,,,,,,,,,,,,,,,,,,,,,,,,,,,,,,,,,,,,,,,,,,,,,,,,,,,,,,,,,,,,,,,,,,,,,,,,,,,Alone,"Learning by practicing, Project-based learning, Online courses and tutorials","Books, Online tutorials, Online documents, YouTube videos",No,Pressure,Private life problems,Lack of time,Not having a good (powerful) computer,Teachers' teaching method,Bad quality of internet,Lack of previous knowledge or experience in the field,Teaching language,3,Yes,5,5,You do not care about,5-7 hours,4,9,7,7,8,Very High,High,Very High,Very High,High,Moderate,14.0,High,High,High,High,Low,Moderate,11.0,12.0,,,,,,,,,,,,,,,,,,
2025/01/08 8:04:00 PM GMT+1,Male,Second year,Mathematics,10-17,In your room (dorms),Alone,Lectures;Mind mapping and visualization,Books;Online documents;YouTube videos,No,Teachers' teaching method,Private life problems,Lack of time,Pressure,Pressure,Not having a good (powerful) computer,Lack of time,Bad quality of internet,,2,No,3,4,You do not care about,5-7 hours,3,8,6,6,5,14.0,13.0,14.0,,,,,,,,,,,,,,,,,,,,,,,,,,,,,,,,,,,,,,,,,,,,,,,,,,,,,,,,,,,,,,,,,,,,,,,,,,,,,,,,,,,Alone,Learning by practicing,Online documents,No,Pressure,Teaching language,Teachers' teaching method,Lack of time,Bad quality of internet,Lack of previous knowledge or experience in the field,Private life problems,Bad quality of internet,2,Yes,2,3,You do not care about,5-7 hours,4,6,8,9,7,High,High,High,High,High,Moderate,13.0,High,High,High,High,Moderate,High,13.0,13.0,,,,,,,,,,,,,,,,,,
2025/01/08 8:11:57 PM GMT+1,Male,Second year,Mathematics,10-17,In your room (dorms),In peer,Online courses and tutorials,Online tutorials;Online documents;YouTube videos,No,Private life problems,Private life problems,Private life problems,Private life problems,Private life problems,Private life problems,Private life problems,Private life problems,Missing web dev midterm exam :'(,3,Yes,4,4,You do not care about,8 hours or more,5,8,9,10,7,14.0,14.0,14.0,,,,,,,,,,,,,,,,,,,,,,,,,,,,,,,,,,,,,,,,,,,,,,,,,,,,,,,,,,,,,,,,,,,,,,,High,High,High,Very High,High,Moderate,High,Very High,Moderate,High,Very High,High,Alone,"Learning by practicing, Project-based learning","Online documents, YouTube videos",No,Teachers' teaching method,Lack of time,Pressure,Bad quality of internet,Lack of previous knowledge or experience in the field,Teaching language,Private life problems,Not having a good (powerful) computer,2,Yes,2,4,You do not care about,8 hours or more,1,5,6,5,7,Moderate,High,High,High,High,Low,12.0,High,High,Moderate,High,Moderate,Low,11.0,11.0,,,,,,,,,,,,,,,,,,
2025/01/08 8:11:57 PM GMT+1,Male,Second year,Mathematics,10-17,In your room (dorms),In peer,Online courses and tutorials,Online tutorials;Online documents;YouTube videos,No,Private life problems,Private life problems,Private life problems,Private life problems,Private life problems,Private life problems,Private life problems,Private life problems,Missing web dev midterm exam :'(,3,Yes,4,4,You do not care about,8 hours or more,5,8,9,10,7,14.0,14.0,14.0,,,,,,,,,,,,,,,,,,,,,,,,,,,,,,,,,,,,,,,,,,,,,,,,,,,,,,,,,,,,,,,,,,,,,,,High,High,High,Very High,High,Moderate,High,Very High,Moderate,High,Very High,High,Alone,Online courses and tutorials,YouTube videos,No,Lack of time,Lack of previous knowledge or experience in the field,Pressure,Private life problems,Teachers' teaching method,Bad quality of internet,Not having a good (powerful) computer,Teaching language,4,No,4,5,Positively,5-7 hours,2,7,5,3,5,Very High,High,High,High,High,High,15.0,High,Moderate,High,High,High,Moderate,12.0,13.0,,,,,,,,,,,,,,,,,,
2025/01/08 8:11:57 PM GMT+1,Male,Second year,Mathematics,10-17,In your room (dorms),In peer,Online courses and tutorials,Online tutorials;Online documents;YouTube videos,No,Private life problems,Private life problems,Private life problems,Private life problems,Private life problems,Private life problems,Private life problems,Private life problems,Missing web dev midterm exam :'(,3,Yes,4,4,You do not care about,8 hours or more,5,8,9,10,7,14.0,14.0,14.0,,,,,,,,,,,,,,,,,,,,,,,,,,,,,,,,,,,,,,,,,,,,,,,,,,,,,,,,,,,,,,,,,,,,,,,High,High,High,Very High,High,Moderate,High,Very High,Moderate,High,Very High,High,Alone,"Learning by practicing, Mind mapping and visualization",Online documents,No,Teachers' teaching method,Bad quality of internet,Lack of time,Private life problems,Not having a good (powerful) computer,Pressure,Lack of previous knowledge or experience in the field,Teaching language,1,No,3,4,Positively,5-7 hours,5,8,7,7,8,Very High,Very High,High,Very High,High,High,16.0,High,Very High,Very High,Very High,High,High,16.0,16.0,,,,,,,,,,,,,,,,,,
2025/01/08 8:11:57 PM GMT+1,Male,Second year,Mathematics,10-17,In your room (dorms),In peer,Online courses and tutorials,Online tutorials;Online documents;YouTube videos,No,Private life problems,Private life problems,Private life problems,Private life problems,Private life problems,Private life problems,Private life problems,Private life problems,Missing web dev midterm exam :'(,3,Yes,4,4,You do not care about,8 hours or more,5,8,9,10,7,14.0,14.0,14.0,,,,,,,,,,,,,,,,,,,,,,,,,,,,,,,,,,,,,,,,,,,,,,,,,,,,,,,,,,,,,,,,,,,,,,,High,High,High,Very High,High,Moderate,High,Very High,Moderate,High,Very High,High,Alone,"Learning by practicing, Project-based learning, Online courses and tutorials","Books, Online tutorials, Online documents, YouTube videos",No,Pressure,Private life problems,Lack of time,Not having a good (powerful) computer,Teachers' teaching method,Bad quality of internet,Lack of previous knowledge or experience in the field,Teaching language,3,Yes,5,5,You do not care about,5-7 hours,4,9,7,7,8,Very High,High,Very High,Very High,High,Moderate,14.0,High,High,High,High,Low,Moderate,11.0,12.0,,,,,,,,,,,,,,,,,,
2025/01/08 8:11:57 PM GMT+1,Male,Second year,Mathematics,10-17,In your room (dorms),In peer,Online courses and tutorials,Online tutorials;Online documents;YouTube videos,No,Private life problems,Private life problems,Private life problems,Private life problems,Private life problems,Private life problems,Private life problems,Private life problems,Missing web dev midterm exam :'(,3,Yes,4,4,You do not care about,8 hours or more,5,8,9,10,7,14.0,14.0,14.0,,,,,,,,,,,,,,,,,,,,,,,,,,,,,,,,,,,,,,,,,,,,,,,,,,,,,,,,,,,,,,,,,,,,,,,High,High,High,Very High,High,Moderate,High,Very High,Moderate,High,Very High,High,Alone,Learning by practicing,Online documents,No,Pressure,Teaching language,Teachers' teaching method,Lack of time,Bad quality of internet,Lack of previous knowledge or experience in the field,Private life problems,Bad quality of internet,2,Yes,2,3,You do not care about,5-7 hours,4,6,8,9,7,High,High,High,High,High,Moderate,13.0,High,High,High,High,Moderate,High,13.0,13.0,,,,,,,,,,,,,,,,,,
2025/01/08 8:20:39 PM GMT+1,Male,Second year,Science,18-25,In your room (dorms),Alone,Lectures;Learning by practicing;Online courses and tutorials,Books,No,Lack of time,Pressure,Lack of previous knowledge or experience in the field,Teachers' teaching method,Teaching language,Private life problems,Bad quality of internet,Not having a good (powerful) computer,,3,Yes,4,5,You do not care about,8 hours or more,4,6,7,6,5,13.0,12.0,13.0,11.0,,,,,,,,,,,,,,,,,,,,,,,,,,,,,,,,,,,,,,,,,,,,,,,,,,,,,,,,,,,,,,,,,,,,,,Moderate,Moderate,High,High,High,Moderate,High,High,High,High,Moderate,High,Alone,Learning by practicing,"Books, Online documents",No,Lack of time,Lack of previous knowledge or experience in the field,Teachers' teaching method,Bad quality of internet,Pressure,Not having a good (powerful) computer,Private life problems,Teaching language,2,No,4,4,Negatively,8 hours or more,3,8,9,9,8,Very High,Very High,Very High,Very High,High,High,16.0,Very High,Very High,Very High,Very High,High,Very High,17.0,16.0,,,,,,,,,,,,,,,,,,
2025/01/08 8:20:39 PM GMT+1,Male,Second year,Science,18-25,In your room (dorms),Alone,Lectures;Learning by practicing;Online courses and tutorials,Books,No,Lack of time,Pressure,Lack of previous knowledge or experience in the field,Teachers' teaching method,Teaching language,Private life problems,Bad quality of internet,Not having a good (powerful) computer,,3,Yes,4,5,You do not care about,8 hours or more,4,6,7,6,5,13.0,12.0,13.0,11.0,,,,,,,,,,,,,,,,,,,,,,,,,,,,,,,,,,,,,,,,,,,,,,,,,,,,,,,,,,,,,,,,,,,,,,Moderate,Moderate,High,High,High,Moderate,High,High,High,High,Moderate,High,Alone,"Learning by practicing, Mind mapping and visualization, Online courses and tutorials","Books, Online tutorials, Online documents, YouTube videos",Yes,Private life problems,Teachers' teaching method,Lack of previous knowledge or experience in the field,Lack of time,Not having a good (powerful) computer,Pressure,Bad quality of internet,Teaching language,2,Yes,5,4,Negatively,5-7 hours,4,6,5,7,7,Very High,High,Very High,Very High,High,High,15.0,High,High,High,High,Moderate,Low,12.0,13.0,,,,,,,,,,,,,,,,,,
2025/01/08 8:20:53 PM GMT+1,Female,Second year,Mathematics,18-25,At home,Alone,Lectures;Learning by practicing;Mind mapping and visualization;Online courses and tutorials,Online tutorials;YouTube videos,Yes,Lack of time,Pressure,Private life problems,Lack of previous knowledge or experience in the field,Bad quality of internet,Teachers' teaching method,Teaching language,Not having a good (powerful) computer,fighting the urge to go and live in a cottage in the mountains ,3,Yes,4,5,Negatively,8 hours or more,1,9,5,6,7,14.0,13.0,13.0,9.0,9.0,9.0,,,,,,,,,,,,,,,,,,,,,,,,,,,,,,,,,,,,,,,,,,,,,,,,,,,,,,,,,,,,,,,,,,,,Low,Moderate,Moderate,Moderate,Very High,High,High,Moderate,Low,Moderate,Moderate,Very High,Alone,"Lectures, Learning by practicing, Project-based learning, Online courses and tutorials","Books, Online documents, YouTube videos",Yes,Lack of previous knowledge or experience in the field,Pressure,Lack of time,Bad quality of internet,Not having a good (powerful) computer,Private life problems,Teachers' teaching method,Teaching language,3,No,5,5,You do not care about,5-7 hours,4,9,8,8,8,,,,,,,,,,,,,,,,High,High,Moderate,High,Moderate,Moderate,Moderate,High,High,Low,Low,Low,Moderate,High,Moderate,Very High,9.0,11.0
2025/01/08 8:31:53 PM GMT+1,Female,Second year,Mathematics,34-41,In your room (dorms),Alone,Learning by practicing;Mind mapping and visualization,Online tutorials;Online documents;YouTube videos,No,Pressure,Lack of time,Bad quality of internet,Teachers' teaching method,Lack of previous knowledge or experience in the field,Private life problems,Teaching language,Not having a good (powerful) computer,,2,Yes,3,5,You do not care about,5-7 hours,4,8,5,6,6,13.0,12.0,13.0,,,,,,,,,,,,,,,,,,,,,,,,,,,,,,,,,,,,,,,,,,,,,,,,,,,,,,,,,,,,,,,,,,,,,,,Moderate,Moderate,Moderate,High,Very High,High,Moderate,High,Moderate,Moderate,Moderate,Very High,Alone,"Lectures, Learning by practicing, Mind mapping and visualization, Online courses and tutorials","Books, Online tutorials, Online documents, YouTube videos",Yes,Teachers' teaching method,Lack of time,Pressure,Lack of previous knowledge or experience in the field,Bad quality of internet,Teaching language,Lack of time,Lack of time,2,No,3,4,Positively,5-7 hours,3,8,7,7,7,Very High,High,High,High,Moderate,High,14.0,Moderate,High,Very High,Moderate,Moderate,Moderate,11.0,12.0,,,,,,,,,,,,,,,,,,
2025/01/08 8:32:41 PM GMT+1,Male,Second year,Science,18-25,In your room (dorms),Alone,Lectures;Online courses and tutorials,Books;Online tutorials;YouTube videos,No,Pressure,Teaching language,Not having a good (powerful) computer,Lack of previous knowledge or experience in the field,Lack of time,Teachers' teaching method,Bad quality of internet,Private life problems,,4,Yes,4,4,Positively,5-7 hours,5,6,9,8,9,14.0,16.0,15.0,,,,,,,,,,,,,,,,,,,,,,,,,,,,,,,,,,,,,,,,,,,,,,,,,,,,,,,,,,,,,,,,,,,,,,,Moderate,High,Moderate,Moderate,Low,Low,High,Moderate,High,High,High,Moderate,Alone,Learning by practicing,"Books, Online documents",No,Lack of time,Lack of previous knowledge or experience in the field,Teachers' teaching method,Bad quality of internet,Pressure,Not having a good (powerful) computer,Private life problems,Teaching language,2,No,4,4,Negatively,8 hours or more,3,8,9,9,8,Very High,Very High,Very High,Very High,High,High,16.0,Very High,Very High,Very High,Very High,High,Very High,17.0,16.0,,,,,,,,,,,,,,,,,,
2025/01/08 8:32:41 PM GMT+1,Male,Second year,Science,18-25,In your room (dorms),Alone,Lectures;Online courses and tutorials,Books;Online tutorials;YouTube videos,No,Pressure,Teaching language,Not having a good (powerful) computer,Lack of previous knowledge or experience in the field,Lack of time,Teachers' teaching method,Bad quality of internet,Private life problems,,4,Yes,4,4,Positively,5-7 hours,5,6,9,8,9,14.0,16.0,15.0,,,,,,,,,,,,,,,,,,,,,,,,,,,,,,,,,,,,,,,,,,,,,,,,,,,,,,,,,,,,,,,,,,,,,,,Moderate,High,Moderate,Moderate,Low,Low,High,Moderate,High,High,High,Moderate,Alone,"Learning by practicing, Mind mapping and visualization, Online courses and tutorials","Books, Online tutorials, Online documents, YouTube videos",Yes,Private life problems,Teachers' teaching method,Lack of previous knowledge or experience in the field,Lack of time,Not having a good (powerful) computer,Pressure,Bad quality of internet,Teaching language,2,Yes,5,4,Negatively,5-7 hours,4,6,5,7,7,Very High,High,Very High,Very High,High,High,15.0,High,High,High,High,Moderate,Low,12.0,13.0,,,,,,,,,,,,,,,,,,
2025/01/08 8:57:31 PM GMT+1,Female,Second year,Mathematics,18-25,In the school's library,Alone,Online courses and tutorials,YouTube videos,Yes,Teachers' teaching method,Pressure,Lack of time,Teaching language,Lack of previous knowledge or experience in the field,Private life problems,Bad quality of internet,Not having a good (powerful) computer,,1,Yes,2,2,You do not care about,5-7 hours,1,5,5,3,9,10.0,10.0,10.0,,,,,,,,,,,,,,,,,,,,,,,,,,,,,,,,,,,,,,,,,,,,,,,,,,,,,,,,,,,,,,,,,,,,,,,High,High,Low,Low,Moderate,High,High,,Very High,Very High,High,Moderate,In peer,"Learning by practicing, Project-based learning, Online courses and tutorials","Books, Online tutorials, Online documents, YouTube videos",Yes,Teachers' teaching method,Lack of time,Lack of previous knowledge or experience in the field,Pressure,Not having a good (powerful) computer,Bad quality of internet,Private life problems,Teaching language,2,Yes,4,4,You do not care about,5-7 hours,2,9,5,5,7,Very High,High,High,High,Moderate,Very High,15.0,Moderate,Very High,Very High,High,Moderate,Moderate,12.0,13.0,,,,,,,,,,,,,,,,,,
2025/01/08 9:00:14 PM GMT+1,Male,Second year,Mathematics,18-25,In your room (dorms),Alone,Lectures;Learning by practicing,Books;YouTube videos,No,Lack of time,Pressure,Teachers' teaching method,Private life problems,Lack of previous knowledge or experience in the field,Not having a good (powerful) computer,Bad quality of internet,Teaching language,,2,Yes,4,4,You do not care about,4 hours or less,5,7,9,8,7,15.0,14.0,15.0,,,,,,,,,,,,,,,,,,,,,,,,,,,,,,,,,,,,,,,,,,,,,,,,,,,,,,,,,,,,,,,,,,,,,,,High,Very High,High,High,High,High,High,Very High,High,High,High,High,Alone,"Mind mapping and visualization, Online courses and tutorials","Books, Online tutorials, Online documents, YouTube videos, Private courses",Yes,Private life problems,Lack of previous knowledge or experience in the field,Teachers' teaching method,Lack of time,Pressure,Bad quality of internet,Teaching language,Not having a good (powerful) computer,2,No,2,3,You do not care about,8 hours or more,4,8,6,5,8,High,High,High,Very High,High,Moderate,14.0,High,High,High,High,Moderate,Moderate,13.0,13.0,,,,,,,,,,,,,,,,,,
2025/01/08 9:00:14 PM GMT+1,Male,Second year,Mathematics,18-25,In your room (dorms),Alone,Lectures;Learning by practicing,Books;YouTube videos,No,Lack of time,Pressure,Teachers' teaching method,Private life problems,Lack of previous knowledge or experience in the field,Not having a good (powerful) computer,Bad quality of internet,Teaching language,,2,Yes,4,4,You do not care about,4 hours or less,5,7,9,8,7,15.0,14.0,15.0,,,,,,,,,,,,,,,,,,,,,,,,,,,,,,,,,,,,,,,,,,,,,,,,,,,,,,,,,,,,,,,,,,,,,,,High,Very High,High,High,High,High,High,Very High,High,High,High,High,Alone,Learning by practicing,"Books, YouTube videos",Yes,Lack of time,Pressure,Teachers' teaching method,Lack of previous knowledge or experience in the field,Teaching language,Bad quality of internet,Not having a good (powerful) computer,Private life problems,3,Yes,3,4,Positively,5-7 hours,2,8,6,6,5,Very High,High,High,Very High,High,High,15.0,High,High,Very High,High,Moderate,Moderate,12.0,13.0,,,,,,,,,,,,,,,,,,
2025/01/08 9:00:14 PM GMT+1,Male,Second year,Mathematics,18-25,In your room (dorms),Alone,Lectures;Learning by practicing,Books;YouTube videos,No,Lack of time,Pressure,Teachers' teaching method,Private life problems,Lack of previous knowledge or experience in the field,Not having a good (powerful) computer,Bad quality of internet,Teaching language,,2,Yes,4,4,You do not care about,4 hours or less,5,7,9,8,7,15.0,14.0,15.0,,,,,,,,,,,,,,,,,,,,,,,,,,,,,,,,,,,,,,,,,,,,,,,,,,,,,,,,,,,,,,,,,,,,,,,High,Very High,High,High,High,High,High,Very High,High,High,High,High,Alone,"Mind mapping and visualization, Online courses and tutorials","Online tutorials, Online documents, YouTube videos",Yes,Teachers' teaching method,Lack of previous knowledge or experience in the field,Pressure,Private life problems,Lack of time,Bad quality of internet,Teaching language,Not having a good (powerful) computer,2,Yes,3,3,Negatively,5-7 hours,3,6,6,6,8,High,High,Moderate,Very High,High,Moderate,14.0,High,Very High,High,High,Moderate,Moderate,13.0,13.0,,,,,,,,,,,,,,,,,,
2025/01/08 9:00:14 PM GMT+1,Male,Second year,Mathematics,18-25,In your room (dorms),Alone,Lectures;Learning by practicing,Books;YouTube videos,No,Lack of time,Pressure,Teachers' teaching method,Private life problems,Lack of previous knowledge or experience in the field,Not having a good (powerful) computer,Bad quality of internet,Teaching language,,2,Yes,4,4,You do not care about,4 hours or less,5,7,9,8,7,15.0,14.0,15.0,,,,,,,,,,,,,,,,,,,,,,,,,,,,,,,,,,,,,,,,,,,,,,,,,,,,,,,,,,,,,,,,,,,,,,,High,Very High,High,High,High,High,High,Very High,High,High,High,High,Alone,"Lectures, Learning by practicing","Online tutorials, Online documents, YouTube videos",No,Teachers' teaching method,Lack of previous knowledge or experience in the field,Pressure,Bad quality of internet,Teaching language,Lack of time,Private life problems,Not having a good (powerful) computer,1,No,2,5,You do not care about,5-7 hours,1,7,7,7,7,Very High,High,High,High,High,Moderate,14.0,High,Very High,High,High,Moderate,High,14.0,14.0,,,,,,,,,,,,,,,,,,
2025/01/08 9:12:32 PM GMT+1,Male,Second year,Science,18-25,In your room (dorms),Alone,Lectures;Learning by practicing;Mind mapping and visualization,Books;Online documents;YouTube videos,Yes,Pressure,Lack of time,Private life problems,Teaching language,Teachers' teaching method,Bad quality of internet,Not having a good (powerful) computer,Lack of previous knowledge or experience in the field,,3,Yes,5,5,You do not care about,8 hours or more,3,6,8,9,9,15.0,15.0,15.0,,,,,,,,,,,,,,,,,,,,,,,,,,,,,,,,,,,,,,,,,,,,,,,,,,,,,,,,,,,,,,,,,,,,,,,High,Moderate,High,High,Moderate,Moderate,Moderate,High,High,High,Low,Moderate,Alone,Learning by practicing,"Books, Online documents",No,Lack of time,Lack of previous knowledge or experience in the field,Teachers' teaching method,Bad quality of internet,Pressure,Not having a good (powerful) computer,Private life problems,Teaching language,2,No,4,4,Negatively,8 hours or more,3,8,9,9,8,Very High,Very High,Very High,Very High,High,High,16.0,Very High,Very High,Very High,Very High,High,Very High,17.0,16.0,,,,,,,,,,,,,,,,,,
2025/01/08 9:12:32 PM GMT+1,Male,Second year,Science,18-25,In your room (dorms),Alone,Lectures;Learning by practicing;Mind mapping and visualization,Books;Online documents;YouTube videos,Yes,Pressure,Lack of time,Private life problems,Teaching language,Teachers' teaching method,Bad quality of internet,Not having a good (powerful) computer,Lack of previous knowledge or experience in the field,,3,Yes,5,5,You do not care about,8 hours or more,3,6,8,9,9,15.0,15.0,15.0,,,,,,,,,,,,,,,,,,,,,,,,,,,,,,,,,,,,,,,,,,,,,,,,,,,,,,,,,,,,,,,,,,,,,,,High,Moderate,High,High,Moderate,Moderate,Moderate,High,High,High,Low,Moderate,Alone,"Learning by practicing, Mind mapping and visualization, Online courses and tutorials","Books, Online tutorials, Online documents, YouTube videos",Yes,Private life problems,Teachers' teaching method,Lack of previous knowledge or experience in the field,Lack of time,Not having a good (powerful) computer,Pressure,Bad quality of internet,Teaching language,2,Yes,5,4,Negatively,5-7 hours,4,6,5,7,7,Very High,High,Very High,Very High,High,High,15.0,High,High,High,High,Moderate,Low,12.0,13.0,,,,,,,,,,,,,,,,,,
2025/01/08 9:26:37 PM GMT+1,Male,Second year,Mathematics,18-25,At home,Alone,Lectures;Learning by practicing;Online courses and tutorials,Online tutorials;Online documents;YouTube videos,Yes,Lack of time,Pressure,Not having a good (powerful) computer,Lack of previous knowledge or experience in the field,Teachers' teaching method,Teaching language,Bad quality of internet,Private life problems,,3,No,4,5,You do not care about,5-7 hours,4,9,9,9,9,16.0,16.0,16.0,,,,,,,,,,,,,,,,,,,,,,,,,,,,,,,,,,,,,,,,,,,,,,,,,,,,,,,,,,,,,,,,,,,,,,,Very High,High,Very High,High,Very High,High,High,High,High,Very High,Very High,Very High,Alone,"Lectures, Learning by practicing, Project-based learning, Online courses and tutorials","Books, Online tutorials, Online documents, YouTube videos",No,Teachers' teaching method,Pressure,Lack of time,Lack of previous knowledge or experience in the field,Bad quality of internet,Bad quality of internet,Not having a good (powerful) computer,Private life problems,1,No,1,5,Negatively,8 hours or more,3,6,5,5,4,Very High,Very High,High,Very High,Very High,Very High,17.0,Very High,Very High,Very High,Very High,High,High,16.0,16.0,,,,,,,,,,,,,,,,,,
2025/01/08 11:34:32 PM GMT+1,Female,Second year,Science,18-25,In the school's library,Alone,Learning by practicing;Project-based learning,Books;YouTube videos,No,Pressure,Lack of time,Teachers' teaching method,Lack of previous knowledge or experience in the field,Bad quality of internet,Teaching language,Not having a good (powerful) computer,Private life problems,,2,Yes,2,4,Positively,5-7 hours,3,8,8,7,7,11.0,10.0,,,,,,,,,,,,,,,,,,,,,,,,,,,,,,,,,,,,,,,,,,,,,,,,,,,,,,,,,,,,,,,,,,,,,,,,Low,Moderate,Moderate,Moderate,High,High,Moderate,High,Low,Low,Low,High,In peer,"Learning by practicing, Mind mapping and visualization, Online courses and tutorials",YouTube videos,Yes,Lack of time,Pressure,Private life problems,Teachers' teaching method,Bad quality of internet,Lack of previous knowledge or experience in the field,Not having a good (powerful) computer,Teaching language,2,No,3,4,Negatively,5-7 hours,3,8,6,7,8,Very High,High,High,Very High,High,Very High,15.0,Moderate,High,Very High,Moderate,Moderate,Moderate,12.0,13.0,,,,,,,,,,,,,,,,,,
2025/01/08 11:34:32 PM GMT+1,Female,Second year,Science,18-25,In the school's library,Alone,Learning by practicing;Project-based learning,Books;YouTube videos,No,Pressure,Lack of time,Teachers' teaching method,Lack of previous knowledge or experience in the field,Bad quality of internet,Teaching language,Not having a good (powerful) computer,Private life problems,,2,Yes,2,4,Positively,5-7 hours,3,8,8,7,7,11.0,10.0,,,,,,,,,,,,,,,,,,,,,,,,,,,,,,,,,,,,,,,,,,,,,,,,,,,,,,,,,,,,,,,,,,,,,,,,Low,Moderate,Moderate,Moderate,High,High,Moderate,High,Low,Low,Low,High,Alone,"Lectures, Learning by practicing, Project-based learning, Mind mapping and visualization, Interactive workshops, Online courses and tutorials","Books, Online documents, YouTube videos",No,Lack of time,Lack of previous knowledge or experience in the field,Private life problems,Pressure,Teachers' teaching method,Bad quality of internet,Teaching language,Not having a good (powerful) computer,3,No,3,3,Negatively,5-7 hours,4,7,5,6,6,Very High,High,High,High,Moderate,Very High,14.0,Moderate,High,Very High,High,Moderate,Moderate,13.0,13.0,,,,,,,,,,,,,,,,,,
2025/01/08 11:34:32 PM GMT+1,Female,Second year,Science,18-25,In the school's library,Alone,Learning by practicing;Project-based learning,Books;YouTube videos,No,Pressure,Lack of time,Teachers' teaching method,Lack of previous knowledge or experience in the field,Bad quality of internet,Teaching language,Not having a good (powerful) computer,Private life problems,,2,Yes,2,4,Positively,5-7 hours,3,8,8,7,7,11.0,10.0,,,,,,,,,,,,,,,,,,,,,,,,,,,,,,,,,,,,,,,,,,,,,,,,,,,,,,,,,,,,,,,,,,,,,,,,Low,Moderate,Moderate,Moderate,High,High,Moderate,High,Low,Low,Low,High,Alone,"Learning by practicing, Mind mapping and visualization, Online courses and tutorials","Online documents, YouTube videos",Yes,Pressure,Lack of time,Teachers' teaching method,Teaching language,Bad quality of internet,Lack of previous knowledge or experience in the field,Private life problems,Not having a good (powerful) computer,3,Yes,3,5,You do not care about,8 hours or more,3,7,6,6,6,High,High,High,High,Moderate,High,13.0,Low,Moderate,High,Low,Moderate,Moderate,9.0,11.0,,,,,,,,,,,,,,,,,,
2025/01/09 12:01:26 AM GMT+1,Female,Second year,Science,34-41,In the school's library,Alone,Lectures;Learning by practicing;Mind mapping and visualization,Books;Online tutorials;Online documents;YouTube videos,Yes,Teachers' teaching method,Pressure,Lack of time,Lack of previous knowledge or experience in the field,Private life problems,Lack of previous knowledge or experience in the field,Bad quality of internet,Not having a good (powerful) computer,,3,Yes,3,4,You do not care about,5-7 hours,2,7,4,3,5,13.0,15.0,14.0,,,,,,,,,,,,,,,,,,,,,,,,,,,,,,,,,,,,,,,,,,,,,,,,,,,,,,,,,,,,,,,,,,,,,,,Moderate,Moderate,Moderate,Very High,Very High,Moderate,High,Very High,Moderate,High,Very High,Very High,Alone,"Learning by practicing, Online courses and tutorials","Online tutorials, Online documents, YouTube videos",Yes,Lack of time,Teachers' teaching method,Lack of previous knowledge or experience in the field,Pressure,Bad quality of internet,Not having a good (powerful) computer,Teaching language,Private life problems,3,No,4,5,You do not care about,4 hours or less,3,8,7,8,8,High,High,High,High,Moderate,Moderate,13.0,Low,Moderate,High,Low,Moderate,Moderate,8.0,10.0,,,,,,,,,,,,,,,,,,
2025/01/09 7:50:25 AM GMT+1,Female,Second year,Mathematics,34-41,In the school's library,Alone,Lectures;Learning by practicing;Mind mapping and visualization;Online courses and tutorials,Books;Online tutorials;Online documents;YouTube videos,No,Pressure,Lack of time,Teachers' teaching method,Lack of previous knowledge or experience in the field,Bad quality of internet,Private life problems,Not having a good (powerful) computer,Teaching language,,3,Yes,5,5,You do not care about,5-7 hours,2,10,9,7,8,13.0,13.0,13.0,,,,,,,,,,,,,,,,,,,,,,,,,,,,,,,,,,,,,,,,,,,,,,,,,,,,,,,,,,,,,,,,,,,,,,,Moderate,Moderate,Moderate,High,High,High,High,High,Moderate,Moderate,High,High,Alone,"Learning by practicing, Mind mapping and visualization, Online courses and tutorials",YouTube videos,Yes,Lack of time,Teachers' teaching method,Pressure,Lack of previous knowledge or experience in the field,Bad quality of internet,Teaching language,Not having a good (powerful) computer,Private life problems,2,No,5,5,Positively,5-7 hours,4,8,5,6,7,High,High,High,High,Moderate,High,12.0,Moderate,High,High,Moderate,Moderate,Low,11.0,11.0,,,,,,,,,,,,,,,,,,
2025/01/09 7:50:25 AM GMT+1,Female,Second year,Mathematics,34-41,In the school's library,Alone,Lectures;Learning by practicing;Mind mapping and visualization;Online courses and tutorials,Books;Online tutorials;Online documents;YouTube videos,No,Pressure,Lack of time,Teachers' teaching method,Lack of previous knowledge or experience in the field,Bad quality of internet,Private life problems,Not having a good (powerful) computer,Teaching language,,3,Yes,5,5,You do not care about,5-7 hours,2,10,9,7,8,13.0,13.0,13.0,,,,,,,,,,,,,,,,,,,,,,,,,,,,,,,,,,,,,,,,,,,,,,,,,,,,,,,,,,,,,,,,,,,,,,,Moderate,Moderate,Moderate,High,High,High,High,High,Moderate,Moderate,High,High,Alone,"Learning by practicing, Online courses and tutorials","Online tutorials, YouTube videos",Yes,Pressure,Lack of time,Lack of previous knowledge or experience in the field,Private life problems,Teachers' teaching method,Not having a good (powerful) computer,Bad quality of internet,Teaching language,2,Yes,3,3,Positively,5-7 hours,2,9,3,4,7,Very High,High,High,High,High,High,14.0,Moderate,High,Very High,Moderate,Moderate,High,12.0,13.0,,,,,,,,,,,,,,,,,,
2025/01/09 9:08:50 AM GMT+1,Male,Second year,Mathematics,10-17,In the school's library,Alone,Lectures,Books;YouTube videos,No,Bad quality of internet,Lack of time,Teachers' teaching method,Pressure,Not having a good (powerful) computer,Lack of previous knowledge or experience in the field,Private life problems,Teaching language,,1,No,2,2,You do not care about,5-7 hours,4,7,7,5,7,14.0,12.0,13.0,,,,,,,,,,,,,,,,,,,,,,,,,,,,,,,,,,,,,,,,,,,,,,,,,,,,,,,,,,,,,,,,,,,,,,,High,Moderate,Low,High,Very High,Low,Low,Moderate,Low,Very Low,High,Very High,Alone,"Lectures, Learning by practicing, Online courses and tutorials","Books, Online documents, YouTube videos",No,Lack of time,Private life problems,Pressure,Lack of previous knowledge or experience in the field,Bad quality of internet,Teachers' teaching method,Teaching language,Not having a good (powerful) computer,2,Yes,2,4,You do not care about,5-7 hours,2,8,6,7,7,Very High,High,High,High,Moderate,High,13.0,High,High,Very High,Moderate,Moderate,Moderate,11.0,12.0,,,,,,,,,,,,,,,,,,
2025/01/09 10:37:25 AM GMT+1,Female,Second year,Science,26-33,In your room (dorms),Alone,Lectures;Learning by practicing;Mind mapping and visualization;Online courses and tutorials,Online tutorials;Online documents;YouTube videos;Chat Gpt,No,Pressure,Teachers' teaching method,Lack of time,Lack of previous knowledge or experience in the field,Bad quality of internet,Private life problems,Teaching language,Not having a good (powerful) computer,,2,Yes,4,4,Positively,5-7 hours,2,7,7,6,5,13.0,13.0,13.0,,,,,,,,,,,,,,,,,,,,,,,,,,,,,,,,,,,,,,,,,,,,,,,,,,,,,,,,,,,,,,,,,,,,,,,High,High,High,Moderate,Moderate,Moderate,High,High,Moderate,Moderate,Moderate,High,Alone,"Lectures, Learning by practicing, Project-based learning, Online courses and tutorials","Books, Online documents, YouTube videos",Yes,Lack of previous knowledge or experience in the field,Pressure,Private life problems,Teaching language,Lack of time,Teachers' teaching method,Bad quality of internet,Not having a good (powerful) computer,4,Yes,5,5,Positively,5-7 hours,3,7,6,6,6,Very High,High,Very High,High,High,High,15.0,High,Very High,Very High,Very High,Moderate,Moderate,15.0,15.0,,,,,,,,,,,,,,,,,,
2025/01/09 10:37:25 AM GMT+1,Female,Second year,Science,26-33,In your room (dorms),Alone,Lectures;Learning by practicing;Mind mapping and visualization;Online courses and tutorials,Online tutorials;Online documents;YouTube videos;Chat Gpt,No,Pressure,Teachers' teaching method,Lack of time,Lack of previous knowledge or experience in the field,Bad quality of internet,Private life problems,Teaching language,Not having a good (powerful) computer,,2,Yes,4,4,Positively,5-7 hours,2,7,7,6,5,13.0,13.0,13.0,,,,,,,,,,,,,,,,,,,,,,,,,,,,,,,,,,,,,,,,,,,,,,,,,,,,,,,,,,,,,,,,,,,,,,,High,High,High,Moderate,Moderate,Moderate,High,High,Moderate,Moderate,Moderate,High,Alone,"Lectures, Learning by practicing, Online courses and tutorials","Online tutorials, Online documents",Yes,Lack of time,Pressure,Bad quality of internet,Teachers' teaching method,Lack of previous knowledge or experience in the field,Private life problems,Teaching language,Not having a good (powerful) computer,2,Yes,4,2,Negatively,5-7 hours,4,8,6,7,7,High,High,Very High,High,Moderate,High,14.0,Low,Moderate,Very High,High,High,Moderate,11.0,12.0,,,,,,,,,,,,,,,,,,
2025/01/09 11:06:50 AM GMT+1,Male,Second year,Mathematics,10-17,At home,Alone,Learning by practicing;Project-based learning;Mind mapping and visualization,YouTube videos;Llms,No,Teachers' teaching method,Bad quality of internet,Lack of time,Not having a good (powerful) computer,Pressure,Lack of time,Lack of time,Lack of time,,2,No,3,4,You do not care about,5-7 hours,2,8,7,7,6,,,,,,,,,,,,,,,,,,,,,,,,,,,,,,,,,,,,,,,,,,,,,,,,,,,,,,,,,,,,,,,,,,,,,,,,,,,,,,,,,,,,,,Alone,"Learning by practicing, Project-based learning","Books, Online tutorials, Online documents, YouTube videos",No,Private life problems,Lack of time,Teachers' teaching method,Pressure,Lack of previous knowledge or experience in the field,Bad quality of internet,Not having a good (powerful) computer,Teaching language,2,Yes,4,3,You do not care about,8 hours or more,3,7,7,7,7,High,High,High,Very High,Very High,High,15.0,High,Very High,Very High,High,Moderate,High,14.0,15.0,,,,,,,,,,,,,,,,,,
2025/01/09 11:06:50 AM GMT+1,Male,Second year,Mathematics,10-17,At home,Alone,Learning by practicing;Project-based learning;Mind mapping and visualization,YouTube videos;Llms,No,Teachers' teaching method,Bad quality of internet,Lack of time,Not having a good (powerful) computer,Pressure,Lack of time,Lack of time,Lack of time,,2,No,3,4,You do not care about,5-7 hours,2,8,7,7,6,,,,,,,,,,,,,,,,,,,,,,,,,,,,,,,,,,,,,,,,,,,,,,,,,,,,,,,,,,,,,,,,,,,,,,,,,,,,,,,,,,,,,,Alone,Learning by practicing,YouTube videos,No,Teachers' teaching method,Lack of time,Lack of previous knowledge or experience in the field,Pressure,Private life problems,Teaching language,Bad quality of internet,Not having a good (powerful) computer,2,Yes,3,5,You do not care about,5-7 hours,2,7,5,5,3,High,High,High,Very High,Moderate,Moderate,12.0,Moderate,High,High,High,Moderate,Moderate,11.0,11.0,,,,,,,,,,,,,,,,,,
2025/01/09 11:06:50 AM GMT+1,Male,Second year,Mathematics,10-17,At home,Alone,Learning by practicing;Project-based learning;Mind mapping and visualization,YouTube videos;Llms,No,Teachers' teaching method,Bad quality of internet,Lack of time,Not having a good (powerful) computer,Pressure,Lack of time,Lack of time,Lack of time,,2,No,3,4,You do not care about,5-7 hours,2,8,7,7,6,,,,,,,,,,,,,,,,,,,,,,,,,,,,,,,,,,,,,,,,,,,,,,,,,,,,,,,,,,,,,,,,,,,,,,,,,,,,,,,,,,,,,,Alone,"Learning by practicing, Mind mapping and visualization, Online courses and tutorials","Books, Online tutorials, YouTube videos",No,Lack of time,Bad quality of internet,Teachers' teaching method,Teaching language,Lack of previous knowledge or experience in the field,Private life problems,Pressure,Not having a good (powerful) computer,3,Yes,4,4,Positively,5-7 hours,4,8,8,7,7,High,High,High,High,High,Moderate,13.0,High,Very High,Very High,High,Moderate,High,14.0,14.0,,,,,,,,,,,,,,,,,,
2025/01/09 11:32:06 AM GMT+1,Female,Second year,Mathematics,18-25,In your room (dorms),Alone,Lectures;Learning by practicing,Online tutorials;Online documents;YouTube videos,No,Pressure,Lack of time,Teachers' teaching method,Bad quality of internet,Lack of previous knowledge or experience in the field,Private life problems,Teaching language,Private life problems,,3,Yes,4,4,You do not care about,5-7 hours,3,9,7,6,7,15.0,14.0,14.0,,,,,,,,,,,,,,,,,,,,,,,,,,,,,,,,,,,,,,,,,,,,,,,,,,,,,,,,,,,,,,,,,,,,,,,,,,,,,,,,,,,Alone,"Lectures, Project-based learning, Interactive workshops, Online courses and tutorials","Books, YouTube videos",No,Teaching language,Lack of previous knowledge or experience in the field,Bad quality of internet,Lack of time,Teachers' teaching method,Not having a good (powerful) computer,Pressure,Private life problems,3,Yes,5,5,Positively,4 hours or less,2,3,5,5,5,High,High,High,High,Moderate,High,13.0,Moderate,High,High,High,Low,Moderate,11.0,12.0,,,,,,,,,,,,,,,,,,
2025/01/09 11:32:06 AM GMT+1,Female,Second year,Mathematics,18-25,In your room (dorms),Alone,Lectures;Learning by practicing,Online tutorials;Online documents;YouTube videos,No,Pressure,Lack of time,Teachers' teaching method,Bad quality of internet,Lack of previous knowledge or experience in the field,Private life problems,Teaching language,Private life problems,,3,Yes,4,4,You do not care about,5-7 hours,3,9,7,6,7,15.0,14.0,14.0,,,,,,,,,,,,,,,,,,,,,,,,,,,,,,,,,,,,,,,,,,,,,,,,,,,,,,,,,,,,,,,,,,,,,,,,,,,,,,,,,,,Alone,"Learning by practicing, Mind mapping and visualization, Interactive workshops","Books, Online tutorials, Online documents, YouTube videos",Yes,Teachers' teaching method,Lack of time,Bad quality of internet,Pressure,Private life problems,Teaching language,Lack of previous knowledge or experience in the field,Not having a good (powerful) computer,2,Yes,3,5,You do not care about,5-7 hours,4,8,8,7,9,Very High,Very High,High,Very High,Very High,High,17.0,Very High,Very High,Very High,Very High,Very High,Very High,18.0,17.0,,,,,,,,,,,,,,,,,,
2025/01/09 11:32:06 AM GMT+1,Female,Second year,Mathematics,18-25,In your room (dorms),Alone,Lectures;Learning by practicing,Online tutorials;Online documents;YouTube videos,No,Pressure,Lack of time,Teachers' teaching method,Bad quality of internet,Lack of previous knowledge or experience in the field,Private life problems,Teaching language,Private life problems,,3,Yes,4,4,You do not care about,5-7 hours,3,9,7,6,7,15.0,14.0,14.0,,,,,,,,,,,,,,,,,,,,,,,,,,,,,,,,,,,,,,,,,,,,,,,,,,,,,,,,,,,,,,,,,,,,,,,,,,,,,,,,,,,Alone,"Lectures, Learning by practicing, Project-based learning, Mind mapping and visualization, Interactive workshops","Books, Online documents, YouTube videos",Yes,Lack of time,Lack of previous knowledge or experience in the field,Teachers' teaching method,Pressure,Bad quality of internet,Teaching language,Not having a good (powerful) computer,Private life problems,2,Yes,3,3,Negatively,5-7 hours,4,6,5,3,3,High,High,Very High,High,Moderate,Moderate,12.0,Moderate,High,High,Moderate,Moderate,Low,10.0,11.0,,,,,,,,,,,,,,,,,,
2025/01/09 11:32:06 AM GMT+1,Female,Second year,Mathematics,18-25,In your room (dorms),Alone,Lectures;Learning by practicing,Online tutorials;Online documents;YouTube videos,No,Pressure,Lack of time,Teachers' teaching method,Bad quality of internet,Lack of previous knowledge or experience in the field,Private life problems,Teaching language,Private life problems,,3,Yes,4,4,You do not care about,5-7 hours,3,9,7,6,7,15.0,14.0,14.0,,,,,,,,,,,,,,,,,,,,,,,,,,,,,,,,,,,,,,,,,,,,,,,,,,,,,,,,,,,,,,,,,,,,,,,,,,,,,,,,,,,Alone,"Learning by practicing, Mind mapping and visualization, Online courses and tutorials","Online documents, YouTube videos",No,Teachers' teaching method,Pressure,Lack of time,Bad quality of internet,Lack of previous knowledge or experience in the field,Teaching language,Not having a good (powerful) computer,Private life problems,2,Yes,1,3,You do not care about,5-7 hours,4,10,7,7,8,,,,,,,,,,,,,,,,High,Moderate,Moderate,Moderate,Moderate,Moderate,Moderate,Moderate,Moderate,Low,Low,Low,Low,Moderate,Low,High,7.0,9.0
2025/01/09 11:32:06 AM GMT+1,Female,Second year,Mathematics,18-25,In your room (dorms),Alone,Lectures;Learning by practicing,Online tutorials;Online documents;YouTube videos,No,Pressure,Lack of time,Teachers' teaching method,Bad quality of internet,Lack of previous knowledge or experience in the field,Private life problems,Teaching language,Private life problems,,3,Yes,4,4,You do not care about,5-7 hours,3,9,7,6,7,15.0,14.0,14.0,,,,,,,,,,,,,,,,,,,,,,,,,,,,,,,,,,,,,,,,,,,,,,,,,,,,,,,,,,,,,,,,,,,,,,,,,,,,,,,,,,,Alone,"Learning by practicing, Interactive workshops","Books, YouTube videos",Yes,Bad quality of internet,Not having a good (powerful) computer,Lack of time,Pressure,Teachers' teaching method,Lack of previous knowledge or experience in the field,Teaching language,Private life problems,2,No,2,5,You do not care about,5-7 hours,3,7,3,2,8,High,High,High,Very High,Moderate,High,13.0,Moderate,High,Very High,Moderate,Moderate,High,11.0,12.0,,,,,,,,,,,,,,,,,,
2025/01/09 7:42:31 PM GMT+1,Male,Second year,Mathematics,10-17,In the school's library,Alone,Lectures;Learning by practicing;Online courses and tutorials,Online tutorials;Online documents,No,Teachers' teaching method,Lack of time,Bad quality of internet,Lack of previous knowledge or experience in the field,Pressure,Teaching language,Not having a good (powerful) computer,Private life problems,"Not having a place to study at , I prefer studying in the school's library,  but its full for most of the time and even if I find a place , the library is freezing cold , I cant stay there after 7pm, ive been facing the coldness issue since last year",2,No,3,5,Positively,5-7 hours,4,9,8,9,8,15.0,13.0,14.0,,,,,,,,,,,,,,,,,,,,,,,,,,,,,,,,,,,,,,,,,,,,,,,,,,,,,,,,,,,,,,,,,,,,,,,High,High,High,High,Very High,High,High,High,Moderate,Moderate,High,High,Alone,"Lectures, Learning by practicing, Online courses and tutorials","Books, Online documents, YouTube videos",No,Lack of time,Private life problems,Pressure,Lack of previous knowledge or experience in the field,Bad quality of internet,Teachers' teaching method,Teaching language,Not having a good (powerful) computer,2,Yes,2,4,You do not care about,5-7 hours,2,8,6,7,7,Very High,High,High,High,Moderate,High,13.0,High,High,Very High,Moderate,Moderate,Moderate,11.0,12.0,,,,,,,,,,,,,,,,,,
2025/01/09 9:02:18 PM GMT+1,Female,Second year,Mathematics,34-41,In the school's library,Alone,Lectures;Project-based learning;Mind mapping and visualization;Online courses and tutorials,Books;Online tutorials;Online documents;YouTube videos,No,Lack of time,Teachers' teaching method,Bad quality of internet,Pressure,Not having a good (powerful) computer,Lack of previous knowledge or experience in the field,Private life problems,Teaching language,Procrastination ,2,Yes,4,5,You do not care about,5-7 hours,3,8,9,8,9,15.0,15.0,15.0,,,,,,,,,,,,,,,,,,,,,,,,,,,,,,,,,,,,,,,,,,,,,,,,,,,,,,,,,,,,,,,,,,,,,,,High,High,,Very High,Moderate,Moderate,High,High,High,Moderate,Very High,Moderate,Alone,"Learning by practicing, Mind mapping and visualization, Online courses and tutorials",YouTube videos,Yes,Lack of time,Teachers' teaching method,Pressure,Lack of previous knowledge or experience in the field,Bad quality of internet,Teaching language,Not having a good (powerful) computer,Private life problems,2,No,5,5,Positively,5-7 hours,4,8,5,6,7,High,High,High,High,Moderate,High,12.0,Moderate,High,High,Moderate,Moderate,Low,11.0,11.0,,,,,,,,,,,,,,,,,,
2025/01/09 9:02:18 PM GMT+1,Female,Second year,Mathematics,34-41,In the school's library,Alone,Lectures;Project-based learning;Mind mapping and visualization;Online courses and tutorials,Books;Online tutorials;Online documents;YouTube videos,No,Lack of time,Teachers' teaching method,Bad quality of internet,Pressure,Not having a good (powerful) computer,Lack of previous knowledge or experience in the field,Private life problems,Teaching language,Procrastination ,2,Yes,4,5,You do not care about,5-7 hours,3,8,9,8,9,15.0,15.0,15.0,,,,,,,,,,,,,,,,,,,,,,,,,,,,,,,,,,,,,,,,,,,,,,,,,,,,,,,,,,,,,,,,,,,,,,,High,High,,Very High,Moderate,Moderate,High,High,High,Moderate,Very High,Moderate,Alone,"Learning by practicing, Online courses and tutorials","Online tutorials, YouTube videos",Yes,Pressure,Lack of time,Lack of previous knowledge or experience in the field,Private life problems,Teachers' teaching method,Not having a good (powerful) computer,Bad quality of internet,Teaching language,2,Yes,3,3,Positively,5-7 hours,2,9,3,4,7,Very High,High,High,High,High,High,14.0,Moderate,High,Very High,Moderate,Moderate,High,12.0,13.0,,,,,,,,,,,,,,,,,,
2025/01/10 12:43:53 AM GMT+1,Female,Second year,Mathematics,26-33,In the school's library,Alone,Lectures;Learning by practicing;Mind mapping and visualization,Online documents;YouTube videos,No,Pressure,Lack of time,Lack of previous knowledge or experience in the field,Teachers' teaching method,Private life problems,Teaching language,Bad quality of internet,Not having a good (powerful) computer,,3,No,4,4,You do not care about,8 hours or more,3,9,8,8,7,16.0,16.0,16.0,,,,,,,,,,,,,,,,,,,,,,,,,,,,,,,,,,,,,,,,,,,,,,,,,,,,,,,,,,,,,,,,,,,,,,,High,High,Very High,High,High,Moderate,High,Very High,High,Very High,High,Moderate,With a group,"Lectures, Learning by practicing, Project-based learning, Mind mapping and visualization, Interactive workshops, Online courses and tutorials","Online tutorials, Online documents, YouTube videos",No,Lack of time,Teaching language,Bad quality of internet,Pressure,Private life problems,Pressure,Not having a good (powerful) computer,Teachers' teaching method,3,No,4,5,Positively,8 hours or more,3,7,8,8,8,Very High,Very High,Very High,Very High,Very High,Very High,17.0,Very High,Very High,Very High,Very High,High,Very High,17.0,17.0,,,,,,,,,,,,,,,,,,
2025/01/10 12:43:53 AM GMT+1,Female,Second year,Mathematics,26-33,In the school's library,Alone,Lectures;Learning by practicing;Mind mapping and visualization,Online documents;YouTube videos,No,Pressure,Lack of time,Lack of previous knowledge or experience in the field,Teachers' teaching method,Private life problems,Teaching language,Bad quality of internet,Not having a good (powerful) computer,,3,No,4,4,You do not care about,8 hours or more,3,9,8,8,7,16.0,16.0,16.0,,,,,,,,,,,,,,,,,,,,,,,,,,,,,,,,,,,,,,,,,,,,,,,,,,,,,,,,,,,,,,,,,,,,,,,High,High,Very High,High,High,Moderate,High,Very High,High,Very High,High,Moderate,Alone,"Learning by practicing, Mind mapping and visualization","Books, Online tutorials, Online documents, YouTube videos",No,Pressure,Teachers' teaching method,Lack of time,Bad quality of internet,Private life problems,Lack of previous knowledge or experience in the field,Teaching language,Not having a good (powerful) computer,2,Yes,4,2,You do not care about,5-7 hours,4,8,5,5,8,High,High,High,High,High,Moderate,13.0,Moderate,High,High,Moderate,Moderate,Moderate,10.0,11.0,,,,,,,,,,,,,,,,,,
2025/01/10 12:43:53 AM GMT+1,Female,Second year,Mathematics,26-33,In the school's library,Alone,Lectures;Learning by practicing;Mind mapping and visualization,Online documents;YouTube videos,No,Pressure,Lack of time,Lack of previous knowledge or experience in the field,Teachers' teaching method,Private life problems,Teaching language,Bad quality of internet,Not having a good (powerful) computer,,3,No,4,4,You do not care about,8 hours or more,3,9,8,8,7,16.0,16.0,16.0,,,,,,,,,,,,,,,,,,,,,,,,,,,,,,,,,,,,,,,,,,,,,,,,,,,,,,,,,,,,,,,,,,,,,,,High,High,Very High,High,High,Moderate,High,Very High,High,Very High,High,Moderate,In peer,"Learning by practicing, Mind mapping and visualization, Interactive workshops, Online courses and tutorials","Online tutorials, Online documents, YouTube videos",No,Teachers' teaching method,Lack of time,Lack of previous knowledge or experience in the field,Not having a good (powerful) computer,Pressure,Private life problems,Bad quality of internet,Teaching language,2,No,2,3,Positively,5-7 hours,3,8,5,4,7,Very High,High,High,Very High,High,Moderate,14.0,Moderate,Moderate,Very High,High,Moderate,Moderate,11.0,12.0,,,,,,,,,,,,,,,,,,
2025/01/10 1:05:26 AM GMT+1,Female,Second year,Mathematics,26-33,In your room (dorms),Alone,Learning by practicing;Mind mapping and visualization,Books;Online tutorials;Online documents;YouTube videos,Yes,Pressure,Lack of time,Private life problems,Lack of previous knowledge or experience in the field,Teachers' teaching method,Bad quality of internet,Teaching language,Not having a good (powerful) computer,Trying to balence life with studies ,2,Yes,5,3,You do not care about,5-7 hours,2,10,6,4,5,12.0,11.0,11.0,,,,,,,,,,,,,,,,,,,,,,,,,,,,,,,,,,,,,,,,,,,,,,,,,,,,,,,,,,,,,,,,,,,,,,,Moderate,Moderate,Moderate,Moderate,Very High,High,Moderate,Moderate,Moderate,Low,Moderate,Very High,Alone,"Learning by practicing, Mind mapping and visualization, Interactive workshops","Books, Online tutorials",No,Private life problems,Pressure,Lack of time,Lack of previous knowledge or experience in the field,Teachers' teaching method,Bad quality of internet,Not having a good (powerful) computer,Teaching language,2,Yes,2,5,You do not care about,8 hours or more,1,8,5,4,6,High,High,Very High,Very High,Moderate,High,14.0,High,Moderate,High,Moderate,Moderate,Moderate,11.0,12.0,,,,,,,,,,,,,,,,,,
2025/01/10 1:56:06 AM GMT+1,Male,Second year,Science,10-17,In your room (dorms),With a group,Learning by practicing,YouTube videos,No,Private life problems,Teachers' teaching method,Lack of previous knowledge or experience in the field,Pressure,Lack of time,Bad quality of internet,Teaching language,Not having a good (powerful) computer,,3,Yes,1,4,You do not care about,8 hours or more,5,8,3,3,7,12.0,10.0,11.0,,,,,,,,,,,,,,,,,,,,,,,,,,,,,,,,,,,,,,,,,,,,,,,,,,,,,,,,,,,,,,,,,,,,,,,High,Moderate,Low,Moderate,High,Moderate,Moderate,Moderate,Low,Low,High,Moderate,Alone,"Lectures, Learning by practicing, Online courses and tutorials",YouTube videos,No,Pressure,Lack of time,Lack of previous knowledge or experience in the field,Bad quality of internet,Teachers' teaching method,Teaching language,Not having a good (powerful) computer,Private life problems,3,Yes,4,4,You do not care about,5-7 hours,3,6,8,5,4,Very High,High,Very High,Very High,High,High,15.0,High,Very High,Very High,High,High,High,14.0,14.0,,,,,,,,,,,,,,,,,,
2025/01/10 1:56:06 AM GMT+1,Male,Second year,Science,10-17,In your room (dorms),With a group,Learning by practicing,YouTube videos,No,Private life problems,Teachers' teaching method,Lack of previous knowledge or experience in the field,Pressure,Lack of time,Bad quality of internet,Teaching language,Not having a good (powerful) computer,,3,Yes,1,4,You do not care about,8 hours or more,5,8,3,3,7,12.0,10.0,11.0,,,,,,,,,,,,,,,,,,,,,,,,,,,,,,,,,,,,,,,,,,,,,,,,,,,,,,,,,,,,,,,,,,,,,,,High,Moderate,Low,Moderate,High,Moderate,Moderate,Moderate,Low,Low,High,Moderate,Alone,"Learning by practicing, Project-based learning, Online courses and tutorials","Books, Online tutorials, Online documents, YouTube videos",Yes,Teachers' teaching method,Teachers' teaching method,Teachers' teaching method,Teachers' teaching method,Teachers' teaching method,Teachers' teaching method,Pressure,Lack of time,1,Yes,1,3,You do not care about,5-7 hours,5,9,9,9,8,High,High,High,Very High,High,Moderate,14.0,High,High,High,High,High,Moderate,13.0,13.0,,,,,,,,,,,,,,,,,,
2025/01/10 9:25:10 AM GMT+1,Male,Second year,Mathematics,18-25,In your room (dorms),Alone,Lectures,Books,No,Teachers' teaching method,Lack of time,Pressure,Lack of previous knowledge or experience in the field,Teaching language,Not having a good (powerful) computer,Bad quality of internet,Private life problems,,1,No,2,3,You do not care about,8 hours or more,2,4,9,9,6,16.0,15.0,,,,,,,,,,,,,,,,,,,,,,,,,,,,,,,,,,,,,,,,,,,,,,,,,,,,,,,,,,,,,,,,,,,,,,,,High,Very High,High,Very High,High,High,Very High,High,Moderate,High,High,Moderate,Alone,"Mind mapping and visualization, Online courses and tutorials","Books, Online tutorials, Online documents, YouTube videos, Private courses",Yes,Private life problems,Lack of previous knowledge or experience in the field,Teachers' teaching method,Lack of time,Pressure,Bad quality of internet,Teaching language,Not having a good (powerful) computer,2,No,2,3,You do not care about,8 hours or more,4,8,6,5,8,High,High,High,Very High,High,Moderate,14.0,High,High,High,High,Moderate,Moderate,13.0,13.0,,,,,,,,,,,,,,,,,,
2025/01/10 9:25:10 AM GMT+1,Male,Second year,Mathematics,18-25,In your room (dorms),Alone,Lectures,Books,No,Teachers' teaching method,Lack of time,Pressure,Lack of previous knowledge or experience in the field,Teaching language,Not having a good (powerful) computer,Bad quality of internet,Private life problems,,1,No,2,3,You do not care about,8 hours or more,2,4,9,9,6,16.0,15.0,,,,,,,,,,,,,,,,,,,,,,,,,,,,,,,,,,,,,,,,,,,,,,,,,,,,,,,,,,,,,,,,,,,,,,,,High,Very High,High,Very High,High,High,Very High,High,Moderate,High,High,Moderate,Alone,Learning by practicing,"Books, YouTube videos",Yes,Lack of time,Pressure,Teachers' teaching method,Lack of previous knowledge or experience in the field,Teaching language,Bad quality of internet,Not having a good (powerful) computer,Private life problems,3,Yes,3,4,Positively,5-7 hours,2,8,6,6,5,Very High,High,High,Very High,High,High,15.0,High,High,Very High,High,Moderate,Moderate,12.0,13.0,,,,,,,,,,,,,,,,,,
2025/01/10 9:25:10 AM GMT+1,Male,Second year,Mathematics,18-25,In your room (dorms),Alone,Lectures,Books,No,Teachers' teaching method,Lack of time,Pressure,Lack of previous knowledge or experience in the field,Teaching language,Not having a good (powerful) computer,Bad quality of internet,Private life problems,,1,No,2,3,You do not care about,8 hours or more,2,4,9,9,6,16.0,15.0,,,,,,,,,,,,,,,,,,,,,,,,,,,,,,,,,,,,,,,,,,,,,,,,,,,,,,,,,,,,,,,,,,,,,,,,High,Very High,High,Very High,High,High,Very High,High,Moderate,High,High,Moderate,Alone,"Mind mapping and visualization, Online courses and tutorials","Online tutorials, Online documents, YouTube videos",Yes,Teachers' teaching method,Lack of previous knowledge or experience in the field,Pressure,Private life problems,Lack of time,Bad quality of internet,Teaching language,Not having a good (powerful) computer,2,Yes,3,3,Negatively,5-7 hours,3,6,6,6,8,High,High,Moderate,Very High,High,Moderate,14.0,High,Very High,High,High,Moderate,Moderate,13.0,13.0,,,,,,,,,,,,,,,,,,
2025/01/10 9:25:10 AM GMT+1,Male,Second year,Mathematics,18-25,In your room (dorms),Alone,Lectures,Books,No,Teachers' teaching method,Lack of time,Pressure,Lack of previous knowledge or experience in the field,Teaching language,Not having a good (powerful) computer,Bad quality of internet,Private life problems,,1,No,2,3,You do not care about,8 hours or more,2,4,9,9,6,16.0,15.0,,,,,,,,,,,,,,,,,,,,,,,,,,,,,,,,,,,,,,,,,,,,,,,,,,,,,,,,,,,,,,,,,,,,,,,,High,Very High,High,Very High,High,High,Very High,High,Moderate,High,High,Moderate,Alone,"Lectures, Learning by practicing","Online tutorials, Online documents, YouTube videos",No,Teachers' teaching method,Lack of previous knowledge or experience in the field,Pressure,Bad quality of internet,Teaching language,Lack of time,Private life problems,Not having a good (powerful) computer,1,No,2,5,You do not care about,5-7 hours,1,7,7,7,7,Very High,High,High,High,High,Moderate,14.0,High,Very High,High,High,Moderate,High,14.0,14.0,,,,,,,,,,,,,,,,,,
2025/01/10 10:21:25 AM GMT+1,Male,Second year,Science,18-25,In your room (dorms),With a group,Lectures;Learning by practicing;Mind mapping and visualization,Books;Online tutorials;YouTube videos,No,Pressure,Lack of time,Lack of previous knowledge or experience in the field,Bad quality of internet,Teaching language,Not having a good (powerful) computer,Private life problems,Teachers' teaching method,,3,Yes,3,2,Positively,5-7 hours,3,6,4,4,6,,,,,,,,,,,,,,,,,,,,,,,,,,,,,,,,,,,,,,,,,,,,,,,,,,,,,,,,,,,,,,,,,,,,,,,,,,Moderate,Moderate,Moderate,Low,Moderate,High,Moderate,High,Moderate,Moderate,Moderate,High,Alone,Learning by practicing,"Books, Online documents",No,Lack of time,Lack of previous knowledge or experience in the field,Teachers' teaching method,Bad quality of internet,Pressure,Not having a good (powerful) computer,Private life problems,Teaching language,2,No,4,4,Negatively,8 hours or more,3,8,9,9,8,Very High,Very High,Very High,Very High,High,High,16.0,Very High,Very High,Very High,Very High,High,Very High,17.0,16.0,,,,,,,,,,,,,,,,,,
2025/01/10 10:21:25 AM GMT+1,Male,Second year,Science,18-25,In your room (dorms),With a group,Lectures;Learning by practicing;Mind mapping and visualization,Books;Online tutorials;YouTube videos,No,Pressure,Lack of time,Lack of previous knowledge or experience in the field,Bad quality of internet,Teaching language,Not having a good (powerful) computer,Private life problems,Teachers' teaching method,,3,Yes,3,2,Positively,5-7 hours,3,6,4,4,6,,,,,,,,,,,,,,,,,,,,,,,,,,,,,,,,,,,,,,,,,,,,,,,,,,,,,,,,,,,,,,,,,,,,,,,,,,Moderate,Moderate,Moderate,Low,Moderate,High,Moderate,High,Moderate,Moderate,Moderate,High,Alone,"Learning by practicing, Mind mapping and visualization, Online courses and tutorials","Books, Online tutorials, Online documents, YouTube videos",Yes,Private life problems,Teachers' teaching method,Lack of previous knowledge or experience in the field,Lack of time,Not having a good (powerful) computer,Pressure,Bad quality of internet,Teaching language,2,Yes,5,4,Negatively,5-7 hours,4,6,5,7,7,Very High,High,Very High,Very High,High,High,15.0,High,High,High,High,Moderate,Low,12.0,13.0,,,,,,,,,,,,,,,,,,
2025/01/10 4:30:56 PM GMT+1,Female,Second year,Mathematics,18-25,In the school's library,Alone,Lectures;Learning by practicing;Online courses and tutorials,Books;Online tutorials;YouTube videos,Yes,Pressure,Lack of time,Bad quality of internet,Teachers' teaching method,Private life problems,Lack of previous knowledge or experience in the field,Teaching language,Not having a good (powerful) computer,Procrastinating ,3,Yes,5,4,Positively,5-7 hours,2,9,7,7,5,14.0,14.0,14.0,,,,,,,,,,,,,,,,,,,,,,,,,,,,,,,,,,,,,,,,,,,,,,,,,,,,,,,,,,,,,,,,,,,,,,,High,High,Moderate,Very High,High,Moderate,High,High,Moderate,Moderate,Moderate,Moderate,In peer,"Learning by practicing, Project-based learning, Online courses and tutorials","Books, Online tutorials, Online documents, YouTube videos",Yes,Teachers' teaching method,Lack of time,Lack of previous knowledge or experience in the field,Pressure,Not having a good (powerful) computer,Bad quality of internet,Private life problems,Teaching language,2,Yes,4,4,You do not care about,5-7 hours,2,9,5,5,7,Very High,High,High,High,Moderate,Very High,15.0,Moderate,Very High,Very High,High,Moderate,Moderate,12.0,13.0,,,,,,,,,,,,,,,,,,
2025/01/11 12:52:55 AM GMT+1,Male,Second year,Science,10-17,In the school's library,Alone,Online courses and tutorials,Online tutorials;YouTube videos,No,Lack of previous knowledge or experience in the field,Lack of time,Teachers' teaching method,Pressure,Private life problems,Not having a good (powerful) computer,Teaching language,Bad quality of internet,,3,Yes,5,4,Negatively,5-7 hours,3,7,6,6,2,11.0,9.0,10.0,,,,,,,,,,,,,,,,,,,,,,,,,,,,,,,,,,,,,,,,,,,,,,,,,,,,,,,,,,,,,,,,,,,,,,,Moderate,High,Moderate,High,High,Moderate,Moderate,Moderate,Low,Low,Moderate,High,In peer,"Learning by practicing, Project-based learning, Mind mapping and visualization","YouTube videos, Private courses",No,Lack of previous knowledge or experience in the field,Teaching language,Teachers' teaching method,Pressure,Bad quality of internet,Lack of time,Private life problems,Not having a good (powerful) computer,3,Yes,3,5,You do not care about,8 hours or more,5,6,7,8,6,Very High,High,High,Very High,High,High,14.0,High,Very High,High,High,Moderate,High,13.0,13.0,,,,,,,,,,,,,,,,,,
2025/01/11 2:46:56 AM GMT+1,Male,Second year,Mathematics,18-25,In the school's library,Alone,Lectures,Books,No,Lack of time,Private life problems,Pressure,Bad quality of internet,Teachers' teaching method,Lack of previous knowledge or experience in the field,Teaching language,Not having a good (powerful) computer,,3,Yes,4,5,You do not care about,5-7 hours,4,8,8,8,9,16.0,17.0,16.0,,,,,,,,,,,,,,,,,,,,,,,,,,,,,,,,,,,,,,,,,,,,,,,,,,,,,,,,,,,,,,,,,,,,,,,,,,,,,,,,,,,Alone,"Learning by practicing, Mind mapping and visualization, Online courses and tutorials","Books, YouTube videos",No,Lack of previous knowledge or experience in the field,Private life problems,Pressure,Pressure,Bad quality of internet,Lack of time,Not having a good (powerful) computer,Teaching language,2,No,4,5,You do not care about,5-7 hours,2,9,4,5,7,Very High,High,Moderate,High,Moderate,High,13.0,Moderate,Moderate,Moderate,Moderate,High,Moderate,11.0,12.0,,,,,,,,,,,,,,,,,,
2025/01/11 2:46:56 AM GMT+1,Male,Second year,Mathematics,18-25,In the school's library,Alone,Lectures,Books,No,Lack of time,Private life problems,Pressure,Bad quality of internet,Teachers' teaching method,Lack of previous knowledge or experience in the field,Teaching language,Not having a good (powerful) computer,,3,Yes,4,5,You do not care about,5-7 hours,4,8,8,8,9,16.0,17.0,16.0,,,,,,,,,,,,,,,,,,,,,,,,,,,,,,,,,,,,,,,,,,,,,,,,,,,,,,,,,,,,,,,,,,,,,,,,,,,,,,,,,,,In peer,"Lectures, Learning by practicing, Project-based learning","Books, Online documents, YouTube videos",No,Private life problems,Teachers' teaching method,Pressure,Lack of time,Lack of previous knowledge or experience in the field,Bad quality of internet,Teaching language,Not having a good (powerful) computer,1,No,4,5,Negatively,8 hours or more,2,8,7,8,3,High,High,High,Very High,High,Moderate,15.0,High,High,High,High,Moderate,Moderate,13.0,13.0,,,,,,,,,,,,,,,,,,
2025/01/11 2:46:56 AM GMT+1,Male,Second year,Mathematics,18-25,In the school's library,Alone,Lectures,Books,No,Lack of time,Private life problems,Pressure,Bad quality of internet,Teachers' teaching method,Lack of previous knowledge or experience in the field,Teaching language,Not having a good (powerful) computer,,3,Yes,4,5,You do not care about,5-7 hours,4,8,8,8,9,16.0,17.0,16.0,,,,,,,,,,,,,,,,,,,,,,,,,,,,,,,,,,,,,,,,,,,,,,,,,,,,,,,,,,,,,,,,,,,,,,,,,,,,,,,,,,,Alone,"Project-based learning, Online courses and tutorials",YouTube videos,No,Teachers' teaching method,Bad quality of internet,Lack of time,Lack of previous knowledge or experience in the field,Pressure,Not having a good (powerful) computer,Private life problems,Teaching language,2,No,3,3,You do not care about,5-7 hours,1,2,6,4,5,Very High,High,High,Very High,High,High,15.0,High,Very High,Very High,Very High,High,High,15.0,15.0,,,,,,,,,,,,,,,,,,
2025/01/11 11:59:38 AM GMT+1,Male,Second year,Mathematics,18-25,In the school's library,Alone,Learning by practicing;Project-based learning;Mind mapping and visualization;Interactive workshops;Online courses and tutorials,Online tutorials;YouTube videos,No,Lack of time,Lack of previous knowledge or experience in the field,Pressure,Teachers' teaching method,Bad quality of internet,Not having a good (powerful) computer,Teaching language,Private life problems,,2,Yes,3,3,Negatively,5-7 hours,3,8,6,4,4,12.0,11.0,12.0,,,,,,,,,,,,,,,,,,,,,,,,,,,,,,,,,,,,,,,,,,,,,,,,,,,,,,,,,,,,,,,,,,,,,,,Moderate,Moderate,Moderate,Moderate,Very High,High,High,High,Moderate,Low,Moderate,Very High,Alone,"Learning by practicing, Mind mapping and visualization, Online courses and tutorials","Books, YouTube videos",No,Lack of previous knowledge or experience in the field,Private life problems,Pressure,Pressure,Bad quality of internet,Lack of time,Not having a good (powerful) computer,Teaching language,2,No,4,5,You do not care about,5-7 hours,2,9,4,5,7,Very High,High,Moderate,High,Moderate,High,13.0,Moderate,Moderate,Moderate,Moderate,High,Moderate,11.0,12.0,,,,,,,,,,,,,,,,,,
2025/01/11 11:59:38 AM GMT+1,Male,Second year,Mathematics,18-25,In the school's library,Alone,Learning by practicing;Project-based learning;Mind mapping and visualization;Interactive workshops;Online courses and tutorials,Online tutorials;YouTube videos,No,Lack of time,Lack of previous knowledge or experience in the field,Pressure,Teachers' teaching method,Bad quality of internet,Not having a good (powerful) computer,Teaching language,Private life problems,,2,Yes,3,3,Negatively,5-7 hours,3,8,6,4,4,12.0,11.0,12.0,,,,,,,,,,,,,,,,,,,,,,,,,,,,,,,,,,,,,,,,,,,,,,,,,,,,,,,,,,,,,,,,,,,,,,,Moderate,Moderate,Moderate,Moderate,Very High,High,High,High,Moderate,Low,Moderate,Very High,In peer,"Lectures, Learning by practicing, Project-based learning","Books, Online documents, YouTube videos",No,Private life problems,Teachers' teaching method,Pressure,Lack of time,Lack of previous knowledge or experience in the field,Bad quality of internet,Teaching language,Not having a good (powerful) computer,1,No,4,5,Negatively,8 hours or more,2,8,7,8,3,High,High,High,Very High,High,Moderate,15.0,High,High,High,High,Moderate,Moderate,13.0,13.0,,,,,,,,,,,,,,,,,,
2025/01/11 11:59:38 AM GMT+1,Male,Second year,Mathematics,18-25,In the school's library,Alone,Learning by practicing;Project-based learning;Mind mapping and visualization;Interactive workshops;Online courses and tutorials,Online tutorials;YouTube videos,No,Lack of time,Lack of previous knowledge or experience in the field,Pressure,Teachers' teaching method,Bad quality of internet,Not having a good (powerful) computer,Teaching language,Private life problems,,2,Yes,3,3,Negatively,5-7 hours,3,8,6,4,4,12.0,11.0,12.0,,,,,,,,,,,,,,,,,,,,,,,,,,,,,,,,,,,,,,,,,,,,,,,,,,,,,,,,,,,,,,,,,,,,,,,Moderate,Moderate,Moderate,Moderate,Very High,High,High,High,Moderate,Low,Moderate,Very High,Alone,"Project-based learning, Online courses and tutorials",YouTube videos,No,Teachers' teaching method,Bad quality of internet,Lack of time,Lack of previous knowledge or experience in the field,Pressure,Not having a good (powerful) computer,Private life problems,Teaching language,2,No,3,3,You do not care about,5-7 hours,1,2,6,4,5,Very High,High,High,Very High,High,High,15.0,High,Very High,Very High,Very High,High,High,15.0,15.0,,,,,,,,,,,,,,,,,,
2025/01/11 3:08:32 PM GMT+1,Male,Second year,Mathematics,10-17,In the school's library,With a group,Online courses and tutorials,Online tutorials;YouTube videos,No,Teachers' teaching method,Lack of time,Pressure,Lack of previous knowledge or experience in the field,Private life problems,Bad quality of internet,Private life problems,Not having a good (powerful) computer,,3,Yes,5,5,Positively,8 hours or more,3,8,8,8,7,11.0,9.0,10.0,10.0,,,,,,,,,,,,,,,,,,,,,,,,,,,,,,,,,,,,,,,,,,,,,,,,,,,,,,,,,,,,,,,,,,,,,,Moderate,High,Moderate,High,High,Moderate,High,,Low,Moderate,High,High,Alone,"Lectures, Learning by practicing, Online courses and tutorials","Books, Online documents, YouTube videos",No,Lack of time,Private life problems,Pressure,Lack of previous knowledge or experience in the field,Bad quality of internet,Teachers' teaching method,Teaching language,Not having a good (powerful) computer,2,Yes,2,4,You do not care about,5-7 hours,2,8,6,7,7,Very High,High,High,High,Moderate,High,13.0,High,High,Very High,Moderate,Moderate,Moderate,11.0,12.0,,,,,,,,,,,,,,,,,,
