record_id,gender,study_year,bac_specialty,study_hours_week,study_location,study_style,learning_methods,resources_used,use_planner,obstacle_1st,obstacle_2nd,obstacle_3rd,obstacle_4th,5 fifth,6 sixth,7 seventh,8 eighth,other problems that you face,rate your satisfaction with the school s program,do you engage in any external activities not related to the study field,your level of motivation for joining ensia,how much do you like the field of artificial intelligence,others_feedback,how many hours do you sleep,how well do you handle stress and pressure,in a scale of 1 to 10 how do you rate your level in the following fields 1 english,2 programming,3 computer science,4 mathematics,4 forth,how do others feedbacks influence you,year_ordinal,inferred_year_from_grades,1y average s1,1y average s2,1y average,1y foundational mathematics,1y dsa1,1y digital systems,1y information technology essentials,1y english 1,1y cpsct,1y oop,1y introduction to linux,1y linear algebra,1y mathematical analysis 1,1y introduction to statistics,1y english 2,1y intensive english,1y seminar,1y analysis i,1y algebra,1y a com i,1y intro prog c,1y analysis ii,1y a com ii,1y proba stat,gender_encoded,study_year_encoded,bac_specialty_encoded,study_hours_week_encoded,study_location_encoded,study_style_encoded,learning_methods_encoded,resources_used_encoded,use_planner_encoded,obstacle_1st_encoded,obstacle_2nd_encoded,obstacle_3rd_encoded,obstacle_4th_encoded,5 fifth_encoded,6 sixth_encoded,7 seventh_encoded,8 eighth_encoded,other problems that you face_encoded,do you engage in any external activities not related to the study field_encoded,others_feedback_encoded,how many hours do you sleep_encoded,4 forth_encoded,how do others feedbacks influence you_encoded,1y foundational mathematics_encoded,1y dsa1_encoded,1y digital systems_encoded,1y information technology essentials_encoded,1y english 1_encoded,1y cpsct_encoded,1y oop_encoded,1y introduction to linux_encoded,1y linear algebra_encoded,1y mathematical analysis 1_encoded,1y introduction to statistics_encoded,1y english 2_encoded,1y intensive english_encoded,1y seminar_encoded,1y analysis i_encoded,1y algebra_encoded,1y a com i_encoded,1y intro prog c_encoded,1y analysis ii_encoded,1y a com ii_encoded,1y proba stat_encoded,record_id_log,rate your satisfaction with the school s program_log,your level of motivation for joining ensia_log,how much do you like the field of artificial intelligence_log,how well do you handle stress and pressure_log,in a scale of 1 to 10 how do you rate your level in the following fields 1 english_log,2 programming_log,3 computer science_log,4 mathematics_log,year_ordinal_log,inferred_year_from_grades_log,1y average s1_log,1y average s2_log,1y average_log,gender_encoded_log,study_year_encoded_log,bac_specialty_encoded_log,study_hours_week_encoded_log,study_location_encoded_log,study_style_encoded_log,learning_methods_encoded_log,resources_used_encoded_log,use_planner_encoded_log,obstacle_1st_encoded_log,obstacle_2nd_encoded_log,obstacle_3rd_encoded_log,obstacle_4th_encoded_log,5 fifth_encoded_log,6 sixth_encoded_log,7 seventh_encoded_log,8 eighth_encoded_log,other problems that you face_encoded_log,do you engage in any external activities not related to the study field_encoded_log,others_feedback_encoded_log,how many hours do you sleep_encoded_log,4 forth_encoded_log,how do others feedbacks influence you_encoded_log,1y foundational mathematics_encoded_log,1y dsa1_encoded_log,1y digital systems_encoded_log,1y information technology essentials_encoded_log,1y english 1_encoded_log,1y cpsct_encoded_log,1y oop_encoded_log,1y introduction to linux_encoded_log,1y linear algebra_encoded_log,1y mathematical analysis 1_encoded_log,1y introduction to statistics_encoded_log,1y english 2_encoded_log,1y intensive english_encoded_log,1y seminar_encoded_log,1y analysis i_encoded_log,1y algebra_encoded_log,1y a com i_encoded_log,1y intro prog c_encoded_log,1y analysis ii_encoded_log,1y a com ii_encoded_log,1y proba stat_encoded_log
1,Male,Second year,Technical maths,10-17,At home,Alone,Learning by practicing;Project-based learning;Online courses and tutorials,Books;YouTube videos,No,Lack of previous knowledge or experience in the field,Pressure,Lack of time,Teachers' teaching method,Bad quality of internet,Not having a good (powerful) computer,Private life problems,Teaching language,Lack of motivation,3.0,Yes,4.0,5.0,You do not care about,8 hours or more,2.0,7.0,8.0,6.0,4.0,Lack of previous knowledge or experience in the field,You do not care about,2,1.0,11.0,8.0,9.0,Moderate,Moderate,Low,Moderate,Moderate,Moderate,Moderate,Low,Moderate,Moderate,Low,Moderate,High,High,High,Moderate,High,Low,High,High,Low,1,2,2,0,0,0,22,16,0,1,4,2,6,0,3,5,7,8,1,2,2,1,3,2,2,1,2,2,2,2,1,2,2,1,2,0,0,0,1,0,1,0,0,1,0.6931471805599453,1.3862943611198906,1.6094379124341003,1.791759469228055,1.0986122886681098,2.0794415416798357,2.1972245773362196,1.9459101490553132,1.6094379124341003,1.0986122886681098,0.6931471805599453,2.4849066497880004,2.1972245773362196,2.302585092994046,0.6931471805599453,1.0986122886681098,1.0986122886681098,0.0,0.0,0.0,3.1354942159291497,2.833213344056216,0.0,0.6931471805599453,1.6094379124341003,1.0986122886681098,1.9459101490553132,0.0,1.3862943611198906,1.791759469228055,2.0794415416798357,2.1972245773362196,0.6931471805599453,1.0986122886681098,1.0986122886681098,0.6931471805599453,1.3862943611198906,1.0986122886681098,1.0986122886681098,0.6931471805599453,1.0986122886681098,1.0986122886681098,1.0986122886681098,1.0986122886681098,0.6931471805599453,1.0986122886681098,1.0986122886681098,0.6931471805599453,1.0986122886681098,0.0,0.0,0.0,0.6931471805599453,0.0,0.6931471805599453,0.0,0.0,0.6931471805599453
2,Female,Second year,Mathematics,18-25,In the school's library,Alone,Online courses and tutorials,YouTube videos,Yes,Teachers' teaching method,Pressure,Lack of time,Teaching language,Lack of previous knowledge or experience in the field,Private life problems,Bad quality of internet,Not having a good (powerful) computer,Lack of motivation,1.0,Yes,2.0,2.0,You do not care about,5-7 hours,1.0,5.0,5.0,3.0,9.0,Lack of previous knowledge or experience in the field,You do not care about,2,1.0,10.0,10.0,10.0,High,High,Low,Low,Moderate,High,High,Low,Very High,Very High,High,Moderate,High,High,High,Moderate,High,Low,High,High,Low,0,2,0,1,2,0,54,36,1,5,4,2,7,1,5,0,3,8,1,2,1,1,3,0,0,1,1,2,0,0,1,3,3,0,2,0,0,0,1,0,1,0,0,1,1.0986122886681098,0.6931471805599453,1.0986122886681098,1.0986122886681098,0.6931471805599453,1.791759469228055,1.791759469228055,1.3862943611198906,2.302585092994046,1.0986122886681098,0.6931471805599453,2.3978952727983707,2.3978952727983707,2.3978952727983707,0.0,1.0986122886681098,0.0,0.6931471805599453,1.0986122886681098,0.0,4.007333185232471,3.6109179126442243,0.6931471805599453,1.791759469228055,1.6094379124341003,1.0986122886681098,2.0794415416798357,0.6931471805599453,1.791759469228055,0.0,1.3862943611198906,2.1972245773362196,0.6931471805599453,1.0986122886681098,0.6931471805599453,0.6931471805599453,1.3862943611198906,0.0,0.0,0.6931471805599453,0.6931471805599453,1.0986122886681098,0.0,0.0,0.6931471805599453,1.3862943611198906,1.3862943611198906,0.0,1.0986122886681098,0.0,0.0,0.0,0.6931471805599453,0.0,0.6931471805599453,0.0,0.0,0.6931471805599453
3,Female,Second year,Technical maths,10-17,In your room (dorms),Alone,Learning by practicing;Mind mapping and visualization;Interactive workshops;Online courses and tutorials,Online tutorials;Online documents;YouTube videos,Yes,Lack of previous knowledge or experience in the field,Pressure,Lack of time,Teachers' teaching method,Bad quality of internet,Teaching language,Private life problems,Bad quality of internet,Lack of motivation,3.0,Yes,3.0,4.0,Negatively,5-7 hours,4.0,6.0,4.0,5.0,7.0,Lack of previous knowledge or experience in the field,You do not care about,2,1.0,10.0,11.0,10.0,High,High,Low,Low,Moderate,High,High,Low,Very High,Very High,High,Moderate,High,High,High,Moderate,High,Low,High,High,Low,0,2,2,0,3,0,14,31,1,1,4,2,6,0,7,5,0,8,1,0,1,1,3,0,0,1,1,2,0,0,1,3,3,0,2,0,0,0,1,0,1,0,0,1,1.3862943611198906,1.3862943611198906,1.3862943611198906,1.6094379124341003,1.6094379124341003,1.9459101490553132,1.6094379124341003,1.791759469228055,2.0794415416798357,1.0986122886681098,0.6931471805599453,2.3978952727983707,2.4849066497880004,2.3978952727983707,0.0,1.0986122886681098,1.0986122886681098,0.0,1.3862943611198906,0.0,2.70805020110221,3.4657359027997265,0.6931471805599453,0.6931471805599453,1.6094379124341003,1.0986122886681098,1.9459101490553132,0.0,2.0794415416798357,1.791759469228055,0.0,2.1972245773362196,0.6931471805599453,0.0,0.6931471805599453,0.6931471805599453,1.3862943611198906,0.0,0.0,0.6931471805599453,0.6931471805599453,1.0986122886681098,0.0,0.0,0.6931471805599453,1.3862943611198906,1.3862943611198906,0.0,1.0986122886681098,0.0,0.0,0.0,0.6931471805599453,0.0,0.6931471805599453,0.0,0.0,0.6931471805599453
4,Male,Second year,Mathematics,10-17,In the school's library,With a group,Online courses and tutorials,Online tutorials;YouTube videos,No,Teachers' teaching method,Lack of time,Pressure,Lack of previous knowledge or experience in the field,Private life problems,Bad quality of internet,Private life problems,Not having a good (powerful) computer,Lack of motivation,3.0,Yes,5.0,5.0,Positively,8 hours or more,3.0,8.0,8.0,8.0,7.0,Lack of previous knowledge or experience in the field,You do not care about,2,2.0,11.0,9.0,10.0,Moderate,High,Moderate,High,High,Moderate,High,Low,Low,Moderate,High,High,High,High,High,Moderate,High,Low,High,High,Low,1,2,0,0,2,2,54,34,0,5,2,4,1,5,0,5,3,8,1,1,2,1,3,2,0,2,0,0,2,0,1,1,2,0,0,0,0,0,1,0,1,0,0,1,1.6094379124341003,1.3862943611198906,1.791759469228055,1.791759469228055,1.3862943611198906,2.1972245773362196,2.1972245773362196,2.1972245773362196,2.0794415416798357,1.0986122886681098,1.0986122886681098,2.4849066497880004,2.302585092994046,2.3978952727983707,0.6931471805599453,1.0986122886681098,0.0,0.0,1.0986122886681098,1.0986122886681098,4.007333185232471,3.5553480614894135,0.0,1.791759469228055,1.0986122886681098,1.6094379124341003,0.6931471805599453,1.791759469228055,0.0,1.791759469228055,1.3862943611198906,2.1972245773362196,0.6931471805599453,0.6931471805599453,1.0986122886681098,0.6931471805599453,1.3862943611198906,1.0986122886681098,0.0,1.0986122886681098,0.0,0.0,1.0986122886681098,0.0,0.6931471805599453,0.6931471805599453,1.0986122886681098,0.0,0.0,0.0,0.0,0.0,0.6931471805599453,0.0,0.6931471805599453,0.0,0.0,0.6931471805599453
5,Male,Second year,Science,10-17,In the school's library,Alone,Online courses and tutorials,Online tutorials;YouTube videos,No,Lack of previous knowledge or experience in the field,Lack of time,Teachers' teaching method,Pressure,Private life problems,Not having a good (powerful) computer,Teaching language,Bad quality of internet,Lack of motivation,3.0,Yes,5.0,4.0,Negatively,5-7 hours,3.0,7.0,6.0,6.0,2.0,Lack of previous knowledge or experience in the field,You do not care about,2,1.0,11.0,9.0,10.0,Moderate,High,Moderate,High,High,Moderate,Moderate,Moderate,Low,Low,Moderate,High,High,High,High,Moderate,High,Low,High,High,Low,1,2,1,0,2,0,54,34,0,1,2,6,4,5,3,7,0,8,1,0,1,1,3,2,0,2,0,0,2,2,2,1,1,2,0,0,0,0,1,0,1,0,0,1,1.791759469228055,1.3862943611198906,1.791759469228055,1.6094379124341003,1.3862943611198906,2.0794415416798357,1.9459101490553132,1.9459101490553132,1.0986122886681098,1.0986122886681098,0.6931471805599453,2.4849066497880004,2.302585092994046,2.3978952727983707,0.6931471805599453,1.0986122886681098,0.6931471805599453,0.0,1.0986122886681098,0.0,4.007333185232471,3.5553480614894135,0.0,0.6931471805599453,1.0986122886681098,1.9459101490553132,1.6094379124341003,1.791759469228055,1.3862943611198906,2.0794415416798357,0.0,2.1972245773362196,0.6931471805599453,0.0,0.6931471805599453,0.6931471805599453,1.3862943611198906,1.0986122886681098,0.0,1.0986122886681098,0.0,0.0,1.0986122886681098,1.0986122886681098,1.0986122886681098,0.6931471805599453,0.6931471805599453,1.0986122886681098,0.0,0.0,0.0,0.0,0.6931471805599453,0.0,0.6931471805599453,0.0,0.0,0.6931471805599453
6,Female,Third year,Mathematics,10-17,In the school's library,Alone,Learning by practicing;Project-based learning;Online courses and tutorials,Online tutorials;Online documents;YouTube videos,Yes,Pressure,Lack of time,Lack of previous knowledge or experience in the field,Teachers' teaching method,Private life problems,Bad quality of internet,Not having a good (powerful) computer,Teaching language,"Guergour, thabet, dib, w abdou jirani, nahkiw mashi n9raw ( w mouchaal lol)",3.0,No,4.0,5.0,Positively,8 hours or more,3.0,7.0,7.0,5.0,3.0,Bad quality of internet,You do not care about,3,2.0,11.0,10.0,10.0,Moderate,Moderate,Moderate,High,High,Moderate,High,Moderate,Low,Moderate,Low,High,High,High,High,Moderate,High,Low,High,High,Low,0,3,0,0,2,0,22,31,1,3,2,1,6,5,0,3,7,4,0,1,2,0,3,2,2,2,0,0,2,0,2,1,2,1,0,0,0,0,1,0,1,0,0,1,1.9459101490553132,1.3862943611198906,1.6094379124341003,1.791759469228055,1.3862943611198906,2.0794415416798357,2.0794415416798357,1.791759469228055,1.3862943611198906,1.3862943611198906,1.0986122886681098,2.4849066497880004,2.3978952727983707,2.3978952727983707,0.0,1.3862943611198906,0.0,0.0,1.0986122886681098,0.0,3.1354942159291497,3.4657359027997265,0.6931471805599453,1.3862943611198906,1.0986122886681098,0.6931471805599453,1.9459101490553132,1.791759469228055,0.0,1.3862943611198906,2.0794415416798357,1.6094379124341003,0.0,0.6931471805599453,1.0986122886681098,0.0,1.3862943611198906,1.0986122886681098,1.0986122886681098,1.0986122886681098,0.0,0.0,1.0986122886681098,0.0,1.0986122886681098,0.6931471805599453,1.0986122886681098,0.6931471805599453,0.0,0.0,0.0,0.0,0.6931471805599453,0.0,0.6931471805599453,0.0,0.0,0.6931471805599453
7,Female,Second year,Science,18-25,In your room (dorms),Alone,"Lectures, Learning by practicing, Mind mapping and visualization","Books, Online tutorials, YouTube videos",No,Teaching language,Pressure,Lack of previous knowledge or experience in the field,Lack of previous knowledge or experience in the field,Teachers' teaching method,Bad quality of internet,Not having a good (powerful) computer,Private life problems,Lack of motivation,2.0,No,4.0,5.0,You do not care about,5-7 hours,5.0,6.0,3.0,2.0,5.0,Lack of time,Negatively,2,1.0,12.0,8.0,10.0,Moderate,Moderate,Moderate,High,High,High,Moderate,Moderate,Low,Moderate,Low,High,High,High,High,Moderate,High,Low,High,High,Low,0,2,1,1,3,0,25,6,0,6,4,1,1,6,0,3,5,8,0,2,1,2,0,2,2,2,0,0,0,2,2,1,2,1,0,0,0,0,1,0,1,0,0,1,2.0794415416798357,1.0986122886681098,1.6094379124341003,1.791759469228055,1.791759469228055,1.9459101490553132,1.3862943611198906,1.0986122886681098,1.791759469228055,1.0986122886681098,0.6931471805599453,2.5649493574615367,2.1972245773362196,2.3978952727983707,0.0,1.0986122886681098,0.6931471805599453,0.6931471805599453,1.3862943611198906,0.0,3.258096538021482,1.9459101490553132,0.0,1.9459101490553132,1.6094379124341003,0.6931471805599453,0.6931471805599453,1.9459101490553132,0.0,1.3862943611198906,1.791759469228055,2.1972245773362196,0.0,1.0986122886681098,0.6931471805599453,1.0986122886681098,0.0,1.0986122886681098,1.0986122886681098,1.0986122886681098,0.0,0.0,0.0,1.0986122886681098,1.0986122886681098,0.6931471805599453,1.0986122886681098,0.6931471805599453,0.0,0.0,0.0,0.0,0.6931471805599453,0.0,0.6931471805599453,0.0,0.0,0.6931471805599453
8,Male,Second year,Technical maths,10-17,In your room (dorms),Alone,Online courses and tutorials,YouTube videos,No,Bad quality of internet,Pressure,Not having a good (powerful) computer,Private life problems,Teaching language,Teachers' teaching method,Lack of time,Lack of previous knowledge or experience in the field,Lack of motivation,2.0,Yes,2.0,2.0,Negatively,5-7 hours,1.0,6.0,3.0,5.0,2.0,Lack of previous knowledge or experience in the field,You do not care about,2,1.0,12.0,9.0,10.0,Moderate,Moderate,High,High,High,High,Low,Moderate,Low,Very Low,Moderate,Moderate,High,High,High,Moderate,High,Low,High,High,Low,1,2,2,0,3,0,54,36,0,0,4,3,5,7,6,2,1,8,1,0,1,1,3,2,2,0,0,0,0,1,2,1,4,2,2,0,0,0,1,0,1,0,0,1,2.1972245773362196,1.0986122886681098,1.0986122886681098,1.0986122886681098,0.6931471805599453,1.9459101490553132,1.3862943611198906,1.791759469228055,1.0986122886681098,1.0986122886681098,0.6931471805599453,2.5649493574615367,2.302585092994046,2.3978952727983707,0.6931471805599453,1.0986122886681098,1.0986122886681098,0.0,1.3862943611198906,0.0,4.007333185232471,3.6109179126442243,0.0,0.0,1.6094379124341003,1.3862943611198906,1.791759469228055,2.0794415416798357,1.9459101490553132,1.0986122886681098,0.6931471805599453,2.1972245773362196,0.6931471805599453,0.0,0.6931471805599453,0.6931471805599453,1.3862943611198906,1.0986122886681098,1.0986122886681098,0.0,0.0,0.0,0.0,0.6931471805599453,1.0986122886681098,0.6931471805599453,1.6094379124341003,1.0986122886681098,1.0986122886681098,0.0,0.0,0.0,0.6931471805599453,0.0,0.6931471805599453,0.0,0.0,0.6931471805599453
9,Female,Second year,Technical maths,10-17,In your room (dorms),Alone,Lectures,YouTube videos,No,Pressure,Lack of time,Lack of previous knowledge or experience in the field,Not having a good (powerful) computer,Teachers' teaching method,Bad quality of internet,Teaching language,Private life problems,Lack of motivation,2.0,No,2.0,2.0,Negatively,8 hours or more,4.0,8.0,5.0,5.0,6.0,Lack of previous knowledge or experience in the field,You do not care about,2,1.0,12.0,9.0,10.0,Very High,Moderate,Moderate,Moderate,High,High,Moderate,High,Low,Low,Moderate,High,High,High,High,Moderate,High,Low,High,High,Low,0,2,2,0,3,0,23,36,0,3,2,1,3,6,0,7,5,8,0,0,2,1,3,3,2,2,2,0,0,2,0,1,1,2,0,0,0,0,1,0,1,0,0,1,2.302585092994046,1.0986122886681098,1.0986122886681098,1.0986122886681098,1.6094379124341003,2.1972245773362196,1.791759469228055,1.791759469228055,1.9459101490553132,1.0986122886681098,0.6931471805599453,2.5649493574615367,2.302585092994046,2.3978952727983707,0.0,1.0986122886681098,1.0986122886681098,0.0,1.3862943611198906,0.0,3.1780538303479458,3.6109179126442243,0.0,1.3862943611198906,1.0986122886681098,0.6931471805599453,1.3862943611198906,1.9459101490553132,0.0,2.0794415416798357,1.791759469228055,2.1972245773362196,0.0,0.0,1.0986122886681098,0.6931471805599453,1.3862943611198906,1.3862943611198906,1.0986122886681098,1.0986122886681098,1.0986122886681098,0.0,0.0,1.0986122886681098,0.0,0.6931471805599453,0.6931471805599453,1.0986122886681098,0.0,0.0,0.0,0.0,0.6931471805599453,0.0,0.6931471805599453,0.0,0.0,0.6931471805599453
10,Female,Second year,Science,34-41,In the school's library,Alone,"Learning by practicing, Online courses and tutorials","Online tutorials, Online documents, YouTube videos",Yes,Lack of time,Teachers' teaching method,Lack of previous knowledge or experience in the field,Lack of previous knowledge or experience in the field,Bad quality of internet,Not having a good (powerful) computer,Teaching language,Private life problems,Lack of motivation,3.0,No,4.0,5.0,You do not care about,4 hours or less,3.0,8.0,7.0,8.0,8.0,Pressure,You do not care about,2,1.0,13.0,8.0,10.0,Very High,Moderate,Moderate,Moderate,High,High,Low,High,Moderate,Low,Moderate,High,High,High,High,Moderate,Moderate,Low,Moderate,High,Moderate,0,2,1,3,2,0,6,26,1,2,6,1,1,0,3,7,5,8,0,2,0,4,3,3,2,2,2,0,0,1,0,2,1,2,0,0,0,0,1,2,1,1,0,2,2.3978952727983707,1.3862943611198906,1.6094379124341003,1.791759469228055,1.3862943611198906,2.1972245773362196,2.0794415416798357,2.1972245773362196,2.1972245773362196,1.0986122886681098,0.6931471805599453,2.6390573296152584,2.1972245773362196,2.3978952727983707,0.0,1.0986122886681098,0.6931471805599453,1.3862943611198906,1.0986122886681098,0.0,1.9459101490553132,3.295836866004329,0.6931471805599453,1.0986122886681098,1.9459101490553132,0.6931471805599453,0.6931471805599453,0.0,1.3862943611198906,2.0794415416798357,1.791759469228055,2.1972245773362196,0.0,1.0986122886681098,0.0,1.6094379124341003,1.3862943611198906,1.3862943611198906,1.0986122886681098,1.0986122886681098,1.0986122886681098,0.0,0.0,0.6931471805599453,0.0,1.0986122886681098,0.6931471805599453,1.0986122886681098,0.0,0.0,0.0,0.0,0.6931471805599453,1.0986122886681098,0.6931471805599453,0.6931471805599453,0.0,1.0986122886681098
11,Female,Second year,Mathematics,More than 41 hours,In the school's library,In peer,"Learning by practicing, Mind mapping and visualization, Online courses and tutorials","Online tutorials, Online documents, YouTube videos",No,Teachers' teaching method,Pressure,Lack of time,Lack of previous knowledge or experience in the field,Bad quality of internet,Not having a good (powerful) computer,Private life problems,Not having a good (powerful) computer,Lack of motivation,2.0,No,5.0,4.0,You do not care about,5-7 hours,2.0,7.0,4.0,4.0,6.0,Lack of previous knowledge or experience in the field,You do not care about,2,1.0,13.0,9.0,10.0,Very High,Moderate,Moderate,Moderate,High,High,Moderate,High,Low,Low,Moderate,High,Very High,High,High,Moderate,Moderate,Moderate,Moderate,High,Very Low,0,2,0,5,2,1,5,26,0,5,4,2,1,0,3,5,3,8,0,2,1,1,3,3,2,2,2,0,0,2,0,1,1,2,0,2,0,0,1,2,2,1,0,4,2.4849066497880004,1.0986122886681098,1.791759469228055,1.6094379124341003,1.0986122886681098,2.0794415416798357,1.6094379124341003,1.6094379124341003,1.9459101490553132,1.0986122886681098,0.6931471805599453,2.6390573296152584,2.302585092994046,2.3978952727983707,0.0,1.0986122886681098,0.0,1.791759469228055,1.0986122886681098,0.6931471805599453,1.791759469228055,3.295836866004329,0.0,1.791759469228055,1.6094379124341003,1.0986122886681098,0.6931471805599453,0.0,1.3862943611198906,1.791759469228055,1.3862943611198906,2.1972245773362196,0.0,1.0986122886681098,0.6931471805599453,0.6931471805599453,1.3862943611198906,1.3862943611198906,1.0986122886681098,1.0986122886681098,1.0986122886681098,0.0,0.0,1.0986122886681098,0.0,0.6931471805599453,0.6931471805599453,1.0986122886681098,0.0,1.0986122886681098,0.0,0.0,0.6931471805599453,1.0986122886681098,1.0986122886681098,0.6931471805599453,0.0,1.6094379124341003
12,Male,Second year,Mathematics,10-17,In the school's library,In peer,Lectures,Online tutorials;YouTube videos,No,Teaching language,Pressure,Lack of previous knowledge or experience in the field,Teachers' teaching method,Lack of time,Private life problems,Not having a good (powerful) computer,Private life problems,.,2.0,Yes,3.0,4.0,You do not care about,5-7 hours,5.0,8.0,6.0,6.0,6.0,Lack of previous knowledge or experience in the field,You do not care about,2,2.0,13.0,9.0,10.0,Moderate,Low,Low,High,High,Moderate,Moderate,High,Moderate,High,Moderate,High,Very High,High,High,Moderate,Moderate,Moderate,Moderate,High,Very Low,1,2,0,0,2,1,23,34,0,6,4,1,6,2,5,3,5,0,1,2,1,1,3,2,1,1,0,0,2,2,0,2,0,2,0,2,0,0,1,2,2,1,0,4,2.5649493574615367,1.0986122886681098,1.3862943611198906,1.6094379124341003,1.791759469228055,2.1972245773362196,1.9459101490553132,1.9459101490553132,1.9459101490553132,1.0986122886681098,1.0986122886681098,2.6390573296152584,2.302585092994046,2.3978952727983707,0.6931471805599453,1.0986122886681098,0.0,0.0,1.0986122886681098,0.6931471805599453,3.1780538303479458,3.5553480614894135,0.0,1.9459101490553132,1.6094379124341003,0.6931471805599453,1.9459101490553132,1.0986122886681098,1.791759469228055,1.3862943611198906,1.791759469228055,0.0,0.6931471805599453,1.0986122886681098,0.6931471805599453,0.6931471805599453,1.3862943611198906,1.0986122886681098,0.6931471805599453,0.6931471805599453,0.0,0.0,1.0986122886681098,1.0986122886681098,0.0,1.0986122886681098,0.0,1.0986122886681098,0.0,1.0986122886681098,0.0,0.0,0.6931471805599453,1.0986122886681098,1.0986122886681098,0.6931471805599453,0.0,1.6094379124341003
13,Female,Second year,Science,10-17,In your room (dorms),In peer,Lectures;Learning by practicing;Online courses and tutorials,Books;Online documents,No,Pressure,Lack of time,Teachers' teaching method,Private life problems,Bad quality of internet,Lack of previous knowledge or experience in the field,Teachers' teaching method,Not having a good (powerful) computer,Lack of motivation,3.0,No,4.0,4.0,Negatively,5-7 hours,3.0,8.0,5.0,6.0,6.0,Lack of previous knowledge or experience in the field,You do not care about,2,1.0,10.0,12.0,11.0,Moderate,High,Moderate,Moderate,High,Moderate,High,High,Very Low,Low,Low,High,Very High,High,High,Moderate,Moderate,Moderate,Moderate,High,Very Low,0,2,1,0,3,1,40,8,0,3,2,6,5,0,1,6,3,8,0,0,1,1,3,2,0,2,2,0,2,0,0,4,1,1,0,2,0,0,1,2,2,1,0,4,2.6390573296152584,1.3862943611198906,1.6094379124341003,1.6094379124341003,1.3862943611198906,2.1972245773362196,1.791759469228055,1.9459101490553132,1.9459101490553132,1.0986122886681098,0.6931471805599453,2.3978952727983707,2.5649493574615367,2.4849066497880004,0.0,1.0986122886681098,0.6931471805599453,0.0,1.3862943611198906,0.6931471805599453,3.713572066704308,2.1972245773362196,0.0,1.3862943611198906,1.0986122886681098,1.9459101490553132,1.791759469228055,0.0,0.6931471805599453,1.9459101490553132,1.3862943611198906,2.1972245773362196,0.0,0.0,0.6931471805599453,0.6931471805599453,1.3862943611198906,1.0986122886681098,0.0,1.0986122886681098,1.0986122886681098,0.0,1.0986122886681098,0.0,0.0,1.6094379124341003,0.6931471805599453,0.6931471805599453,0.0,1.0986122886681098,0.0,0.0,0.6931471805599453,1.0986122886681098,1.0986122886681098,0.6931471805599453,0.0,1.6094379124341003
14,Male,Second year,Mathematics,More than 41 hours,In the dorms' library,Alone,"Learning by practicing, Online courses and tutorials","Online tutorials, YouTube videos",No,Teachers' teaching method,Teaching language,Pressure,Lack of previous knowledge or experience in the field,Lack of time,Not having a good (powerful) computer,Bad quality of internet,Private life problems,Lack of motivation,1.0,Yes,5.0,1.0,You do not care about,5-7 hours,1.0,4.0,8.0,7.0,9.0,Lack of previous knowledge or experience in the field,Negatively,2,1.0,11.0,10.0,11.0,Moderate,High,Moderate,Moderate,High,High,High,High,Moderate,Low,Low,High,High,Moderate,High,High,Moderate,Moderate,High,Moderate,Low,1,2,0,5,1,0,6,29,0,5,7,4,1,2,3,0,5,8,1,2,1,1,0,2,0,2,2,0,0,0,0,2,1,1,0,0,1,0,0,2,2,0,1,1,2.70805020110221,0.6931471805599453,1.791759469228055,0.6931471805599453,0.6931471805599453,1.6094379124341003,2.1972245773362196,2.0794415416798357,2.302585092994046,1.0986122886681098,0.6931471805599453,2.4849066497880004,2.3978952727983707,2.4849066497880004,0.6931471805599453,1.0986122886681098,0.0,1.791759469228055,0.6931471805599453,0.0,1.9459101490553132,3.4011973816621555,0.0,1.791759469228055,2.0794415416798357,1.6094379124341003,0.6931471805599453,1.0986122886681098,1.3862943611198906,0.0,1.791759469228055,2.1972245773362196,0.6931471805599453,1.0986122886681098,0.6931471805599453,0.6931471805599453,0.0,1.0986122886681098,0.0,1.0986122886681098,1.0986122886681098,0.0,0.0,0.0,0.0,1.0986122886681098,0.6931471805599453,0.6931471805599453,0.0,0.0,0.6931471805599453,0.0,0.0,1.0986122886681098,1.0986122886681098,0.0,0.6931471805599453,0.6931471805599453
15,Male,Third year,Mathematics,10-17,In your room (dorms),Alone,Lectures;Learning by practicing;Project-based learning;Online courses and tutorials,Online documents,Yes,Lack of time,Teachers' teaching method,Pressure,Lack of time,Lack of time,Lack of time,Lack of time,Lack of time,"Guergour, thabet, dib, w abdou jirani, nahkiw mashi n9raw ( w mouchaal lol)",2.0,Yes,2.0,5.0,You do not care about,8 hours or more,5.0,10.0,8.0,8.0,3.0,Bad quality of internet,You do not care about,3,1.0,11.0,12.0,11.0,Moderate,High,Moderate,Moderate,High,High,High,High,Moderate,Low,Low,High,High,Moderate,High,High,Moderate,Moderate,High,Moderate,Low,1,3,0,0,3,0,45,18,1,2,6,4,2,2,2,2,2,4,1,2,2,0,3,2,0,2,2,0,0,0,0,2,1,1,0,0,1,0,0,2,2,0,1,1,2.772588722239781,1.0986122886681098,1.0986122886681098,1.791759469228055,1.791759469228055,2.3978952727983707,2.1972245773362196,2.1972245773362196,1.3862943611198906,1.3862943611198906,0.6931471805599453,2.4849066497880004,2.5649493574615367,2.4849066497880004,0.6931471805599453,1.3862943611198906,0.0,0.0,1.3862943611198906,0.0,3.828641396489095,2.9444389791664403,0.6931471805599453,1.0986122886681098,1.9459101490553132,1.6094379124341003,1.0986122886681098,1.0986122886681098,1.0986122886681098,1.0986122886681098,1.0986122886681098,1.6094379124341003,0.6931471805599453,1.0986122886681098,1.0986122886681098,0.0,1.3862943611198906,1.0986122886681098,0.0,1.0986122886681098,1.0986122886681098,0.0,0.0,0.0,0.0,1.0986122886681098,0.6931471805599453,0.6931471805599453,0.0,0.0,0.6931471805599453,0.0,0.0,1.0986122886681098,1.0986122886681098,0.0,0.6931471805599453,0.6931471805599453
16,Female,Second year,Science,26-33,In your room (dorms),Alone,Lectures;Learning by practicing;Mind mapping and visualization;Online courses and tutorials,Books;Online tutorials;Online documents;YouTube videos,Yes,Bad quality of internet,Lack of time,Teachers' teaching method,Private life problems,Pressure,Lack of previous knowledge or experience in the field,Teaching language,Not having a good (powerful) computer,Lack of motivation,3.0,Yes,4.0,5.0,Positively,8 hours or more,3.0,8.0,8.0,8.0,6.0,Lack of previous knowledge or experience in the field,You do not care about,2,1.0,12.0,10.0,11.0,Moderate,High,Low,High,High,High,Moderate,High,Low,Low,Low,High,High,Moderate,High,High,Moderate,Moderate,High,Moderate,Low,0,2,1,2,3,0,39,13,1,0,2,6,5,4,1,7,3,8,1,1,2,1,3,2,0,1,0,0,0,2,0,1,1,1,0,0,1,0,0,2,2,0,1,1,2.833213344056216,1.3862943611198906,1.6094379124341003,1.791759469228055,1.3862943611198906,2.1972245773362196,2.1972245773362196,2.1972245773362196,1.9459101490553132,1.0986122886681098,0.6931471805599453,2.5649493574615367,2.3978952727983707,2.4849066497880004,0.0,1.0986122886681098,0.6931471805599453,1.0986122886681098,1.3862943611198906,0.0,3.6888794541139363,2.6390573296152584,0.6931471805599453,0.0,1.0986122886681098,1.9459101490553132,1.791759469228055,1.6094379124341003,0.6931471805599453,2.0794415416798357,1.3862943611198906,2.1972245773362196,0.6931471805599453,0.6931471805599453,1.0986122886681098,0.6931471805599453,1.3862943611198906,1.0986122886681098,0.0,0.6931471805599453,0.0,0.0,0.0,1.0986122886681098,0.0,0.6931471805599453,0.6931471805599453,0.6931471805599453,0.0,0.0,0.6931471805599453,0.0,0.0,1.0986122886681098,1.0986122886681098,0.0,0.6931471805599453,0.6931471805599453
17,Male,Second year,Science,10-17,In your room (dorms),With a group,Learning by practicing,YouTube videos,No,Private life problems,Teachers' teaching method,Lack of previous knowledge or experience in the field,Pressure,Lack of time,Bad quality of internet,Teaching language,Not having a good (powerful) computer,Lack of motivation,3.0,Yes,1.0,4.0,You do not care about,8 hours or more,5.0,8.0,3.0,3.0,7.0,Lack of previous knowledge or experience in the field,You do not care about,2,1.0,12.0,10.0,11.0,High,Moderate,Low,Moderate,High,Moderate,Moderate,Moderate,Low,Low,High,Moderate,High,Moderate,High,High,Moderate,Moderate,High,Moderate,Low,1,2,1,0,3,2,0,36,0,4,6,1,4,2,0,7,3,8,1,2,2,1,3,0,2,1,2,0,2,2,2,1,1,0,2,0,1,0,0,2,2,0,1,1,2.8903717578961645,1.3862943611198906,0.6931471805599453,1.6094379124341003,1.791759469228055,2.1972245773362196,1.3862943611198906,1.3862943611198906,2.0794415416798357,1.0986122886681098,0.6931471805599453,2.5649493574615367,2.3978952727983707,2.4849066497880004,0.6931471805599453,1.0986122886681098,0.6931471805599453,0.0,1.3862943611198906,1.0986122886681098,0.0,3.6109179126442243,0.0,1.6094379124341003,1.9459101490553132,0.6931471805599453,1.6094379124341003,1.0986122886681098,0.0,2.0794415416798357,1.3862943611198906,2.1972245773362196,0.6931471805599453,1.0986122886681098,1.0986122886681098,0.6931471805599453,1.3862943611198906,0.0,1.0986122886681098,0.6931471805599453,1.0986122886681098,0.0,1.0986122886681098,1.0986122886681098,1.0986122886681098,0.6931471805599453,0.6931471805599453,0.0,1.0986122886681098,0.0,0.6931471805599453,0.0,0.0,1.0986122886681098,1.0986122886681098,0.0,0.6931471805599453,0.6931471805599453
18,Male,Third year,Mathematics,10-17,In the school's library,Alone,Learning by practicing,Books;YouTube videos,No,Private life problems,Lack of time,Teachers' teaching method,Lack of previous knowledge or experience in the field,Pressure,Teaching language,Bad quality of internet,Not having a good (powerful) computer,Nothing,3.0,Yes,5.0,4.0,You do not care about,8 hours or more,3.0,6.0,8.0,8.0,7.0,Bad quality of internet,You do not care about,3,2.0,12.0,10.0,11.0,High,Moderate,Moderate,Moderate,Low,Moderate,High,Moderate,Moderate,High,Moderate,Low,High,Moderate,High,High,Moderate,Moderate,High,Moderate,Low,1,3,0,0,2,0,0,16,0,4,2,6,1,4,7,0,3,13,1,2,2,0,3,0,2,2,2,1,2,0,2,2,0,2,1,0,1,0,0,2,2,0,1,1,2.9444389791664403,1.3862943611198906,1.791759469228055,1.6094379124341003,1.3862943611198906,1.9459101490553132,2.1972245773362196,2.1972245773362196,2.0794415416798357,1.3862943611198906,1.0986122886681098,2.5649493574615367,2.3978952727983707,2.4849066497880004,0.6931471805599453,1.3862943611198906,0.0,0.0,1.0986122886681098,0.0,0.0,2.833213344056216,0.0,1.6094379124341003,1.0986122886681098,1.9459101490553132,0.6931471805599453,1.6094379124341003,2.0794415416798357,0.0,1.3862943611198906,2.6390573296152584,0.6931471805599453,1.0986122886681098,1.0986122886681098,0.0,1.3862943611198906,0.0,1.0986122886681098,1.0986122886681098,1.0986122886681098,0.6931471805599453,1.0986122886681098,0.0,1.0986122886681098,1.0986122886681098,0.0,1.0986122886681098,0.6931471805599453,0.0,0.6931471805599453,0.0,0.0,1.0986122886681098,1.0986122886681098,0.0,0.6931471805599453,0.6931471805599453
19,Female,Second year,Mathematics,18-25,In your room (dorms),Alone,"Lectures, Learning by practicing, Project-based learning, Mind mapping and visualization, Interactive workshops","Books, Online documents, YouTube videos",Yes,Lack of time,Lack of previous knowledge or experience in the field,Teachers' teaching method,Lack of previous knowledge or experience in the field,Bad quality of internet,Teaching language,Not having a good (powerful) computer,Private life problems,Lack of motivation,2.0,Yes,3.0,3.0,You do not care about,5-7 hours,4.0,6.0,5.0,3.0,3.0,Pressure,Negatively,2,1.0,12.0,10.0,11.0,High,Moderate,Moderate,Moderate,Low,Very High,Moderate,Moderate,Moderate,High,Moderate,Low,High,High,High,Moderate,Moderate,Moderate,High,High,Low,0,2,0,1,3,0,30,2,1,2,1,6,1,0,7,3,5,8,1,2,1,4,0,0,2,2,2,1,3,2,2,2,0,2,1,0,0,0,1,2,2,0,0,1,2.995732273553991,1.0986122886681098,1.3862943611198906,1.3862943611198906,1.6094379124341003,1.9459101490553132,1.791759469228055,1.3862943611198906,1.3862943611198906,1.0986122886681098,0.6931471805599453,2.5649493574615367,2.3978952727983707,2.4849066497880004,0.0,1.0986122886681098,0.0,0.6931471805599453,1.3862943611198906,0.0,3.4339872044851463,1.0986122886681098,0.6931471805599453,1.0986122886681098,0.6931471805599453,1.9459101490553132,0.6931471805599453,0.0,2.0794415416798357,1.3862943611198906,1.791759469228055,2.1972245773362196,0.6931471805599453,1.0986122886681098,0.6931471805599453,1.6094379124341003,0.0,0.0,1.0986122886681098,1.0986122886681098,1.0986122886681098,0.6931471805599453,1.3862943611198906,1.0986122886681098,1.0986122886681098,1.0986122886681098,0.0,1.0986122886681098,0.6931471805599453,0.0,0.0,0.0,0.6931471805599453,1.0986122886681098,1.0986122886681098,0.0,0.0,0.6931471805599453
20,Female,Second year,Mathematics,18-25,At home,Alone,Learning by practicing;Project-based learning;Mind mapping and visualization;Interactive workshops;Online courses and tutorials,Books;Online tutorials;Online documents;YouTube videos,No,Lack of time,Pressure,ما,Teachers' teaching method,Bad quality of internet,Lack of previous knowledge or experience in the field,Private life problems,Lack of previous knowledge or experience in the field,Transportation,3.0,Yes,4.0,4.0,You do not care about,5-7 hours,3.0,8.0,7.0,8.0,6.0,Lack of previous knowledge or experience in the field,You do not care about,2,1.0,12.0,10.0,11.0,Moderate,Moderate,Moderate,High,Very High,Very High,Moderate,Moderate,Moderate,Low,High,High,High,High,High,Moderate,Moderate,Moderate,High,High,Low,0,2,0,1,0,0,20,13,0,2,4,8,6,0,1,5,1,23,1,2,1,1,3,2,2,2,0,3,3,2,2,2,1,0,0,0,0,0,1,2,2,0,0,1,3.044522437723423,1.3862943611198906,1.6094379124341003,1.6094379124341003,1.3862943611198906,2.1972245773362196,2.0794415416798357,2.1972245773362196,1.9459101490553132,1.0986122886681098,0.6931471805599453,2.5649493574615367,2.3978952727983707,2.4849066497880004,0.0,1.0986122886681098,0.0,0.6931471805599453,0.0,0.0,3.044522437723423,2.6390573296152584,0.0,1.0986122886681098,1.6094379124341003,2.1972245773362196,1.9459101490553132,0.0,0.6931471805599453,1.791759469228055,0.6931471805599453,3.1780538303479458,0.6931471805599453,1.0986122886681098,0.6931471805599453,0.6931471805599453,1.3862943611198906,1.0986122886681098,1.0986122886681098,1.0986122886681098,0.0,1.3862943611198906,1.3862943611198906,1.0986122886681098,1.0986122886681098,1.0986122886681098,0.6931471805599453,0.0,0.0,0.0,0.0,0.0,0.6931471805599453,1.0986122886681098,1.0986122886681098,0.0,0.0,0.6931471805599453
21,Male,Second year,Mathematics,10-17,At home,Alone,Learning by practicing,YouTube videos,No,Teachers' teaching method,Lack of time,Lack of previous knowledge or experience in the field,Lack of previous knowledge or experience in the field,Private life problems,Teaching language,Bad quality of internet,Not having a good (powerful) computer,Lack of motivation,2.0,Yes,3.0,5.0,You do not care about,5-7 hours,2.0,7.0,5.0,5.0,3.0,Pressure,You do not care about,2,1.0,12.0,11.0,11.0,Moderate,Moderate,Moderate,High,Very High,High,High,Moderate,Moderate,Low,High,High,High,High,Very High,Moderate,Moderate,Moderate,High,High,Moderate,1,2,0,0,0,0,0,36,0,5,2,1,1,5,7,0,3,8,1,2,1,4,3,2,2,2,0,3,0,0,2,2,1,0,0,0,0,1,1,2,2,0,0,2,3.091042453358316,1.0986122886681098,1.3862943611198906,1.791759469228055,1.0986122886681098,2.0794415416798357,1.791759469228055,1.791759469228055,1.3862943611198906,1.0986122886681098,0.6931471805599453,2.5649493574615367,2.4849066497880004,2.4849066497880004,0.6931471805599453,1.0986122886681098,0.0,0.0,0.0,0.0,0.0,3.6109179126442243,0.0,1.791759469228055,1.0986122886681098,0.6931471805599453,0.6931471805599453,1.791759469228055,2.0794415416798357,0.0,1.3862943611198906,2.1972245773362196,0.6931471805599453,1.0986122886681098,0.6931471805599453,1.6094379124341003,1.3862943611198906,1.0986122886681098,1.0986122886681098,1.0986122886681098,0.0,1.3862943611198906,0.0,0.0,1.0986122886681098,1.0986122886681098,0.6931471805599453,0.0,0.0,0.0,0.0,0.6931471805599453,0.6931471805599453,1.0986122886681098,1.0986122886681098,0.0,0.0,1.0986122886681098
22,Male,Second year,Mathematics,10-17,In your room (dorms),Alone,"Learning by practicing, Project-based learning","Online documents, YouTube videos",No,Teachers' teaching method,Lack of time,Pressure,Lack of previous knowledge or experience in the field,Lack of previous knowledge or experience in the field,Teaching language,Private life problems,Not having a good (powerful) computer,Lack of motivation,2.0,Yes,2.0,4.0,You do not care about,8 hours or more,1.0,5.0,6.0,5.0,7.0,Bad quality of internet,You do not care about,2,1.0,12.0,11.0,11.0,Moderate,Moderate,Moderate,High,Very High,High,High,Moderate,Moderate,Low,High,High,Moderate,High,High,High,Low,High,High,Moderate,Low,1,2,0,0,3,0,7,19,0,5,2,4,1,1,7,5,3,8,1,2,2,0,3,2,2,2,0,3,0,0,2,2,1,0,0,1,0,0,0,1,0,0,1,1,3.1354942159291497,1.0986122886681098,1.0986122886681098,1.6094379124341003,0.6931471805599453,1.791759469228055,1.9459101490553132,1.791759469228055,2.0794415416798357,1.0986122886681098,0.6931471805599453,2.5649493574615367,2.4849066497880004,2.4849066497880004,0.6931471805599453,1.0986122886681098,0.0,0.0,1.3862943611198906,0.0,2.0794415416798357,2.995732273553991,0.0,1.791759469228055,1.0986122886681098,1.6094379124341003,0.6931471805599453,0.6931471805599453,2.0794415416798357,1.791759469228055,1.3862943611198906,2.1972245773362196,0.6931471805599453,1.0986122886681098,1.0986122886681098,0.0,1.3862943611198906,1.0986122886681098,1.0986122886681098,1.0986122886681098,0.0,1.3862943611198906,0.0,0.0,1.0986122886681098,1.0986122886681098,0.6931471805599453,0.0,0.0,0.6931471805599453,0.0,0.0,0.0,0.6931471805599453,0.0,0.0,0.6931471805599453,0.6931471805599453
23,Female,Second year,Mathematics,34-41,In the school's library,Alone,"Learning by practicing, Mind mapping and visualization, Online courses and tutorials",YouTube videos,Yes,Lack of time,Teachers' teaching method,Pressure,Lack of previous knowledge or experience in the field,Bad quality of internet,Teaching language,Not having a good (powerful) computer,Private life problems,Lack of motivation,2.0,No,5.0,5.0,You do not care about,5-7 hours,4.0,8.0,5.0,6.0,7.0,Lack of previous knowledge or experience in the field,Positively,2,1.0,12.0,11.0,11.0,Moderate,Moderate,Moderate,High,Very High,High,Moderate,Moderate,Moderate,Low,High,High,High,High,High,Moderate,High,Moderate,High,High,Low,0,2,0,3,2,0,5,36,1,2,6,4,1,0,7,3,5,8,0,2,1,1,1,2,2,2,0,3,0,2,2,2,1,0,0,0,0,0,1,0,2,0,0,1,3.1780538303479458,1.0986122886681098,1.791759469228055,1.791759469228055,1.6094379124341003,2.1972245773362196,1.791759469228055,1.9459101490553132,2.0794415416798357,1.0986122886681098,0.6931471805599453,2.5649493574615367,2.4849066497880004,2.4849066497880004,0.0,1.0986122886681098,0.0,1.3862943611198906,1.0986122886681098,0.0,1.791759469228055,3.6109179126442243,0.6931471805599453,1.0986122886681098,1.9459101490553132,1.6094379124341003,0.6931471805599453,0.0,2.0794415416798357,1.3862943611198906,1.791759469228055,2.1972245773362196,0.0,1.0986122886681098,0.6931471805599453,0.6931471805599453,0.6931471805599453,1.0986122886681098,1.0986122886681098,1.0986122886681098,0.0,1.3862943611198906,0.0,1.0986122886681098,1.0986122886681098,1.0986122886681098,0.6931471805599453,0.0,0.0,0.0,0.0,0.0,0.6931471805599453,0.0,1.0986122886681098,0.0,0.0,0.6931471805599453
24,Female,Second year,Mathematics,26-33,In your room (dorms),Alone,Learning by practicing;Mind mapping and visualization,Books;Online tutorials;Online documents;YouTube videos,Yes,Pressure,Lack of time,Private life problems,Lack of previous knowledge or experience in the field,Teachers' teaching method,Bad quality of internet,Teaching language,Not having a good (powerful) computer,Trying to balence life with studies,2.0,Yes,5.0,3.0,You do not care about,5-7 hours,2.0,10.0,6.0,4.0,5.0,Lack of previous knowledge or experience in the field,You do not care about,2,1.0,12.0,11.0,11.0,Moderate,Moderate,Moderate,Moderate,Very High,High,Moderate,Moderate,Moderate,Low,Moderate,Very High,High,High,High,Moderate,High,Moderate,High,High,Low,0,2,0,2,3,0,13,13,1,3,2,5,1,6,0,7,3,24,1,2,1,1,3,2,2,2,2,3,0,2,2,2,1,2,3,0,0,0,1,0,2,0,0,1,3.2188758248682006,1.0986122886681098,1.791759469228055,1.3862943611198906,1.0986122886681098,2.3978952727983707,1.9459101490553132,1.6094379124341003,1.791759469228055,1.0986122886681098,0.6931471805599453,2.5649493574615367,2.4849066497880004,2.4849066497880004,0.0,1.0986122886681098,0.0,1.0986122886681098,1.3862943611198906,0.0,2.6390573296152584,2.6390573296152584,0.6931471805599453,1.3862943611198906,1.0986122886681098,1.791759469228055,0.6931471805599453,1.9459101490553132,0.0,2.0794415416798357,1.3862943611198906,3.2188758248682006,0.6931471805599453,1.0986122886681098,0.6931471805599453,0.6931471805599453,1.3862943611198906,1.0986122886681098,1.0986122886681098,1.0986122886681098,1.0986122886681098,1.3862943611198906,0.0,1.0986122886681098,1.0986122886681098,1.0986122886681098,0.6931471805599453,1.0986122886681098,1.3862943611198906,0.0,0.0,0.0,0.6931471805599453,0.0,1.0986122886681098,0.0,0.0,0.6931471805599453
25,Female,Second year,Science,18-25,In your room (dorms),Alone,Learning by practicing,YouTube videos,Yes,Pressure,Lack of time,Bad quality of internet,Lack of previous knowledge or experience in the field,Teachers' teaching method,Teaching language,Not having a good (powerful) computer,Private life problems,Lack of motivation,3.0,No,4.0,4.0,You do not care about,5-7 hours,3.0,7.0,6.0,6.0,8.0,Lack of previous knowledge or experience in the field,You do not care about,2,1.0,12.0,11.0,11.0,Moderate,Moderate,Moderate,Moderate,Very High,High,Moderate,Moderate,Moderate,Low,Moderate,Very High,High,High,High,Moderate,Moderate,Low,High,High,High,0,2,1,1,3,0,0,36,1,3,2,0,1,6,7,3,5,8,0,2,1,1,3,2,2,2,2,3,0,2,2,2,1,2,3,0,0,0,1,2,1,0,0,0,3.258096538021482,1.3862943611198906,1.6094379124341003,1.6094379124341003,1.3862943611198906,2.0794415416798357,1.9459101490553132,1.9459101490553132,2.1972245773362196,1.0986122886681098,0.6931471805599453,2.5649493574615367,2.4849066497880004,2.4849066497880004,0.0,1.0986122886681098,0.6931471805599453,0.6931471805599453,1.3862943611198906,0.0,0.0,3.6109179126442243,0.6931471805599453,1.3862943611198906,1.0986122886681098,0.0,0.6931471805599453,1.9459101490553132,2.0794415416798357,1.3862943611198906,1.791759469228055,2.1972245773362196,0.0,1.0986122886681098,0.6931471805599453,0.6931471805599453,1.3862943611198906,1.0986122886681098,1.0986122886681098,1.0986122886681098,1.0986122886681098,1.3862943611198906,0.0,1.0986122886681098,1.0986122886681098,1.0986122886681098,0.6931471805599453,1.0986122886681098,1.3862943611198906,0.0,0.0,0.0,0.6931471805599453,1.0986122886681098,0.6931471805599453,0.0,0.0,0.0
26,Female,Second year,Science,34-41,In your room (dorms),Alone,Learning by practicing,Online documents,No,Private life problems,Lack of time,Pressure,Lack of previous knowledge or experience in the field,Lack of previous knowledge or experience in the field,Bad quality of internet,Teaching language,Not having a good (powerful) computer,Lack of motivation,2.0,No,3.0,5.0,You do not care about,5-7 hours,3.0,9.0,6.0,6.0,9.0,Teachers' teaching method,Positively,2,1.0,12.0,11.0,11.0,Moderate,Moderate,Moderate,Moderate,Very High,High,Moderate,Moderate,Moderate,Low,Moderate,Very High,High,High,High,Moderate,Moderate,Moderate,Moderate,Very High,Moderate,0,2,1,3,3,0,0,18,0,4,2,4,1,1,0,7,3,8,0,2,1,6,1,2,2,2,2,3,0,2,2,2,1,2,3,0,0,0,1,2,2,1,2,2,3.295836866004329,1.0986122886681098,1.3862943611198906,1.791759469228055,1.3862943611198906,2.302585092994046,1.9459101490553132,1.9459101490553132,2.302585092994046,1.0986122886681098,0.6931471805599453,2.5649493574615367,2.4849066497880004,2.4849066497880004,0.0,1.0986122886681098,0.6931471805599453,1.3862943611198906,1.3862943611198906,0.0,0.0,2.9444389791664403,0.0,1.6094379124341003,1.0986122886681098,1.6094379124341003,0.6931471805599453,0.6931471805599453,0.0,2.0794415416798357,1.3862943611198906,2.1972245773362196,0.0,1.0986122886681098,0.6931471805599453,1.9459101490553132,0.6931471805599453,1.0986122886681098,1.0986122886681098,1.0986122886681098,1.0986122886681098,1.3862943611198906,0.0,1.0986122886681098,1.0986122886681098,1.0986122886681098,0.6931471805599453,1.0986122886681098,1.3862943611198906,0.0,0.0,0.0,0.6931471805599453,1.0986122886681098,1.0986122886681098,0.6931471805599453,1.0986122886681098,1.0986122886681098
27,Female,Second year,Mathematics,10-17,In the school's library,In peer,Learning by practicing;Interactive workshops,YouTube videos,No,Lack of time,Pressure,Teachers' teaching method,Lack of previous knowledge or experience in the field,Bad quality of internet,Teaching language,Private life problems,Not having a good (powerful) computer,Lack of motivation,3.0,Yes,3.0,4.0,You do not care about,8 hours or more,3.0,6.0,5.0,5.0,5.0,Lack of previous knowledge or experience in the field,You do not care about,2,1.0,12.0,11.0,11.0,High,High,Moderate,High,High,Moderate,Moderate,High,Moderate,Moderate,Moderate,High,High,High,High,Moderate,Moderate,Moderate,Moderate,Very High,Moderate,0,2,0,0,2,1,12,36,0,2,4,6,1,0,7,5,3,8,1,2,2,1,3,0,0,2,0,0,2,2,0,2,2,2,0,0,0,0,1,2,2,1,2,2,3.332204510175204,1.3862943611198906,1.3862943611198906,1.6094379124341003,1.3862943611198906,1.9459101490553132,1.791759469228055,1.791759469228055,1.791759469228055,1.0986122886681098,0.6931471805599453,2.5649493574615367,2.4849066497880004,2.4849066497880004,0.0,1.0986122886681098,0.0,0.0,1.0986122886681098,0.6931471805599453,2.5649493574615367,3.6109179126442243,0.0,1.0986122886681098,1.6094379124341003,1.9459101490553132,0.6931471805599453,0.0,2.0794415416798357,1.791759469228055,1.3862943611198906,2.1972245773362196,0.6931471805599453,1.0986122886681098,1.0986122886681098,0.6931471805599453,1.3862943611198906,0.0,0.0,1.0986122886681098,0.0,0.0,1.0986122886681098,1.0986122886681098,0.0,1.0986122886681098,1.0986122886681098,1.0986122886681098,0.0,0.0,0.0,0.0,0.6931471805599453,1.0986122886681098,1.0986122886681098,0.6931471805599453,1.0986122886681098,1.0986122886681098
28,Female,Second year,Science,18-25,In the school's library,Alone,Mind mapping and visualization;Online courses and tutorials,Online documents;YouTube videos,Yes,Pressure,Lack of time,Lack of previous knowledge or experience in the field,Teaching language,Teaching language,Bad quality of internet,Not having a good (powerful) computer,Private life problems,Lack of motivation,2.0,Yes,3.0,5.0,You do not care about,5-7 hours,1.0,7.0,5.0,6.0,7.0,Lack of previous knowledge or experience in the field,You do not care about,2,2.0,12.0,11.0,11.0,High,High,Moderate,High,High,Moderate,Moderate,High,Moderate,Moderate,Moderate,High,High,High,High,Moderate,Moderate,Moderate,Moderate,Very High,Moderate,0,2,1,1,2,0,53,22,1,3,2,1,7,7,0,3,5,8,1,2,1,1,3,0,0,2,0,0,2,2,0,2,2,2,0,0,0,0,1,2,2,1,2,2,3.367295829986474,1.0986122886681098,1.3862943611198906,1.791759469228055,0.6931471805599453,2.0794415416798357,1.791759469228055,1.9459101490553132,2.0794415416798357,1.0986122886681098,1.0986122886681098,2.5649493574615367,2.4849066497880004,2.4849066497880004,0.0,1.0986122886681098,0.6931471805599453,0.6931471805599453,1.0986122886681098,0.0,3.9889840465642745,3.1354942159291497,0.6931471805599453,1.3862943611198906,1.0986122886681098,0.6931471805599453,2.0794415416798357,2.0794415416798357,0.0,1.3862943611198906,1.791759469228055,2.1972245773362196,0.6931471805599453,1.0986122886681098,0.6931471805599453,0.6931471805599453,1.3862943611198906,0.0,0.0,1.0986122886681098,0.0,0.0,1.0986122886681098,1.0986122886681098,0.0,1.0986122886681098,1.0986122886681098,1.0986122886681098,0.0,0.0,0.0,0.0,0.6931471805599453,1.0986122886681098,1.0986122886681098,0.6931471805599453,1.0986122886681098,1.0986122886681098
29,Male,Third year,Mathematics,18-25,In your room (dorms),With a group,Lectures;Learning by practicing;Online courses and tutorials,Online tutorials;YouTube videos,No,Lack of time,Pressure,Lack of previous knowledge or experience in the field,Private life problems,Teaching language,Teachers' teaching method,Bad quality of internet,Not having a good (powerful) computer,"Guergour, thabet, dib, w abdou jirani, nahkiw mashi n9raw ( w mouchaal lol)",3.0,Yes,4.0,3.0,You do not care about,5-7 hours,2.0,6.0,6.0,6.0,7.0,Bad quality of internet,You do not care about,3,2.0,12.0,11.0,11.0,High,High,Moderate,High,High,Moderate,Moderate,High,Moderate,Moderate,Moderate,High,High,High,High,Moderate,Moderate,Moderate,Moderate,Very High,Moderate,1,3,0,1,3,2,40,34,0,2,4,1,5,7,6,0,3,4,1,2,1,0,3,0,0,2,0,0,2,2,0,2,2,2,0,0,0,0,1,2,2,1,2,2,3.4011973816621555,1.3862943611198906,1.6094379124341003,1.3862943611198906,1.0986122886681098,1.9459101490553132,1.9459101490553132,1.9459101490553132,2.0794415416798357,1.3862943611198906,1.0986122886681098,2.5649493574615367,2.4849066497880004,2.4849066497880004,0.6931471805599453,1.3862943611198906,0.0,0.6931471805599453,1.3862943611198906,1.0986122886681098,3.713572066704308,3.5553480614894135,0.0,1.0986122886681098,1.6094379124341003,0.6931471805599453,1.791759469228055,2.0794415416798357,1.9459101490553132,0.0,1.3862943611198906,1.6094379124341003,0.6931471805599453,1.0986122886681098,0.6931471805599453,0.0,1.3862943611198906,0.0,0.0,1.0986122886681098,0.0,0.0,1.0986122886681098,1.0986122886681098,0.0,1.0986122886681098,1.0986122886681098,1.0986122886681098,0.0,0.0,0.0,0.0,0.6931471805599453,1.0986122886681098,1.0986122886681098,0.6931471805599453,1.0986122886681098,1.0986122886681098
30,Male,Third year,Science,10-17,In your room (dorms),Alone,Lectures;Learning by practicing,Online documents;YouTube videos,No,Private life problems,Lack of previous knowledge or experience in the field,Pressure,Lack of time,Teachers' teaching method,Teaching language,Bad quality of internet,Not having a good (powerful) computer,"Guergour, thabet, dib, w abdou jirani, nahkiw mashi n9raw ( w mouchaal lol)",2.0,No,4.0,3.0,You do not care about,5-7 hours,3.0,5.0,4.0,4.0,5.0,Bad quality of internet,You do not care about,3,2.0,13.0,9.0,11.0,Moderate,Moderate,Moderate,Moderate,Moderate,High,Moderate,Moderate,Low,Moderate,Moderate,Moderate,High,High,High,Moderate,Moderate,Moderate,Moderate,Very High,Moderate,1,3,1,0,3,0,37,22,0,4,1,4,2,6,7,0,3,4,0,2,1,0,3,2,2,2,2,2,0,2,2,1,2,2,2,0,0,0,1,2,2,1,2,2,3.4339872044851463,1.0986122886681098,1.6094379124341003,1.3862943611198906,1.3862943611198906,1.791759469228055,1.6094379124341003,1.6094379124341003,1.791759469228055,1.3862943611198906,1.0986122886681098,2.6390573296152584,2.302585092994046,2.4849066497880004,0.6931471805599453,1.3862943611198906,0.6931471805599453,0.0,1.3862943611198906,0.0,3.6375861597263857,3.1354942159291497,0.0,1.6094379124341003,0.6931471805599453,1.6094379124341003,1.0986122886681098,1.9459101490553132,2.0794415416798357,0.0,1.3862943611198906,1.6094379124341003,0.0,1.0986122886681098,0.6931471805599453,0.0,1.3862943611198906,1.0986122886681098,1.0986122886681098,1.0986122886681098,1.0986122886681098,1.0986122886681098,0.0,1.0986122886681098,1.0986122886681098,0.6931471805599453,1.0986122886681098,1.0986122886681098,1.0986122886681098,0.0,0.0,0.0,0.6931471805599453,1.0986122886681098,1.0986122886681098,0.6931471805599453,1.0986122886681098,1.0986122886681098
31,Female,Second year,Science,18-25,In the school's library,Alone,"Learning by practicing, Mind mapping and visualization, Online courses and tutorials","Online documents, YouTube videos",Yes,Pressure,Lack of time,Teachers' teaching method,Lack of previous knowledge or experience in the field,Bad quality of internet,Lack of previous knowledge or experience in the field,Private life problems,Not having a good (powerful) computer,Lack of motivation,3.0,Yes,3.0,5.0,You do not care about,8 hours or more,3.0,7.0,6.0,6.0,6.0,Teaching language,You do not care about,2,1.0,13.0,9.0,11.0,Moderate,Moderate,Moderate,Moderate,Moderate,High,Low,Moderate,Moderate,Moderate,Moderate,Moderate,High,High,High,Moderate,High,Low,Moderate,High,Moderate,0,2,1,1,2,0,5,19,1,3,2,6,1,0,1,5,3,8,1,2,2,7,3,2,2,2,2,2,0,1,2,2,2,2,2,0,0,0,1,0,1,1,0,2,3.4657359027997265,1.3862943611198906,1.3862943611198906,1.791759469228055,1.3862943611198906,2.0794415416798357,1.9459101490553132,1.9459101490553132,1.9459101490553132,1.0986122886681098,0.6931471805599453,2.6390573296152584,2.302585092994046,2.4849066497880004,0.0,1.0986122886681098,0.6931471805599453,0.6931471805599453,1.0986122886681098,0.0,1.791759469228055,2.995732273553991,0.6931471805599453,1.3862943611198906,1.0986122886681098,1.9459101490553132,0.6931471805599453,0.0,0.6931471805599453,1.791759469228055,1.3862943611198906,2.1972245773362196,0.6931471805599453,1.0986122886681098,1.0986122886681098,2.0794415416798357,1.3862943611198906,1.0986122886681098,1.0986122886681098,1.0986122886681098,1.0986122886681098,1.0986122886681098,0.0,0.6931471805599453,1.0986122886681098,1.0986122886681098,1.0986122886681098,1.0986122886681098,1.0986122886681098,0.0,0.0,0.0,0.6931471805599453,0.0,0.6931471805599453,0.6931471805599453,0.0,1.0986122886681098
32,Female,Second year,Mathematics,10-17,At home,Alone,"Lectures, Learning by practicing, Project-based learning","Books, YouTube videos",Yes,Lack of time,Pressure,Lack of previous knowledge or experience in the field,Lack of previous knowledge or experience in the field,Not having a good (powerful) computer,Bad quality of internet,Lack of time,Lack of time,Lack of motivation,3.0,No,3.0,5.0,You do not care about,8 hours or more,3.0,7.0,6.0,6.0,5.0,Private life problems,Positively,2,1.0,13.0,10.0,11.0,Moderate,Moderate,Moderate,Moderate,Moderate,High,High,Moderate,Low,Moderate,Moderate,Moderate,High,High,High,Moderate,Moderate,Moderate,High,High,Low,0,2,0,0,0,0,28,7,1,2,4,1,1,3,0,2,2,8,0,2,2,5,1,2,2,2,2,2,0,0,2,1,2,2,2,0,0,0,1,2,2,0,0,1,3.4965075614664802,1.3862943611198906,1.3862943611198906,1.791759469228055,1.3862943611198906,2.0794415416798357,1.9459101490553132,1.9459101490553132,1.791759469228055,1.0986122886681098,0.6931471805599453,2.6390573296152584,2.3978952727983707,2.4849066497880004,0.0,1.0986122886681098,0.0,0.0,0.0,0.0,3.367295829986474,2.0794415416798357,0.6931471805599453,1.0986122886681098,1.6094379124341003,0.6931471805599453,0.6931471805599453,1.3862943611198906,0.0,1.0986122886681098,1.0986122886681098,2.1972245773362196,0.0,1.0986122886681098,1.0986122886681098,1.791759469228055,0.6931471805599453,1.0986122886681098,1.0986122886681098,1.0986122886681098,1.0986122886681098,1.0986122886681098,0.0,0.0,1.0986122886681098,0.6931471805599453,1.0986122886681098,1.0986122886681098,1.0986122886681098,0.0,0.0,0.0,0.6931471805599453,1.0986122886681098,1.0986122886681098,0.0,0.0,0.6931471805599453
33,Female,Second year,Science,18-25,In your room (dorms),Alone,"Lectures, Learning by practicing, Project-based learning, Mind mapping and visualization","Online tutorials, Online documents, YouTube videos, couses and slides sent by our teachers",Yes,Bad quality of internet,Lack of time,Pressure,Lack of previous knowledge or experience in the field,Lack of previous knowledge or experience in the field,Teaching language,Not having a good (powerful) computer,Private life problems,Lack of motivation,3.0,Yes,4.0,3.0,You do not care about,5-7 hours,2.0,8.0,7.0,8.0,6.0,Teachers' teaching method,Positively,2,1.0,13.0,10.0,11.0,Moderate,Moderate,Moderate,Moderate,Moderate,High,High,Moderate,Low,Moderate,Moderate,Moderate,High,High,High,Moderate,High,Moderate,Moderate,High,Moderate,0,2,1,1,3,0,29,28,1,0,2,4,1,1,7,3,5,8,1,2,1,6,1,2,2,2,2,2,0,0,2,1,2,2,2,0,0,0,1,0,2,1,0,2,3.5263605246161616,1.3862943611198906,1.6094379124341003,1.3862943611198906,1.0986122886681098,2.1972245773362196,2.0794415416798357,2.1972245773362196,1.9459101490553132,1.0986122886681098,0.6931471805599453,2.6390573296152584,2.3978952727983707,2.4849066497880004,0.0,1.0986122886681098,0.6931471805599453,0.6931471805599453,1.3862943611198906,0.0,3.4011973816621555,3.367295829986474,0.6931471805599453,0.0,1.0986122886681098,1.6094379124341003,0.6931471805599453,0.6931471805599453,2.0794415416798357,1.3862943611198906,1.791759469228055,2.1972245773362196,0.6931471805599453,1.0986122886681098,0.6931471805599453,1.9459101490553132,0.6931471805599453,1.0986122886681098,1.0986122886681098,1.0986122886681098,1.0986122886681098,1.0986122886681098,0.0,0.0,1.0986122886681098,0.6931471805599453,1.0986122886681098,1.0986122886681098,1.0986122886681098,0.0,0.0,0.0,0.6931471805599453,0.0,1.0986122886681098,0.6931471805599453,0.0,1.0986122886681098
34,Female,Second year,Mathematics,10-17,At home,Alone,"Learning by practicing, Mind mapping and visualization, Online courses and tutorials","Online tutorials, Online documents, YouTube videos, asking friends",Yes,Private life problems,Pressure,Lack of time,Lack of previous knowledge or experience in the field,Lack of previous knowledge or experience in the field,Teachers' teaching method,Not having a good (powerful) computer,Teaching language,Lack of motivation,2.0,Yes,5.0,4.0,You do not care about,5-7 hours,1.0,7.0,5.0,3.0,4.0,Bad quality of internet,Negatively,2,1.0,13.0,10.0,11.0,Moderate,Moderate,Moderate,Moderate,Moderate,High,Moderate,Moderate,Low,Moderate,Moderate,Moderate,Very High,High,High,Moderate,High,Moderate,Moderate,Very High,Moderate,0,2,0,0,0,0,5,27,1,4,4,2,1,1,6,3,7,8,1,2,1,0,0,2,2,2,2,2,0,2,2,1,2,2,2,2,0,0,1,0,2,1,2,2,3.5553480614894135,1.0986122886681098,1.791759469228055,1.6094379124341003,0.6931471805599453,2.0794415416798357,1.791759469228055,1.3862943611198906,1.6094379124341003,1.0986122886681098,0.6931471805599453,2.6390573296152584,2.3978952727983707,2.4849066497880004,0.0,1.0986122886681098,0.0,0.0,0.0,0.0,1.791759469228055,3.332204510175204,0.6931471805599453,1.6094379124341003,1.6094379124341003,1.0986122886681098,0.6931471805599453,0.6931471805599453,1.9459101490553132,1.3862943611198906,2.0794415416798357,2.1972245773362196,0.6931471805599453,1.0986122886681098,0.6931471805599453,0.0,0.0,1.0986122886681098,1.0986122886681098,1.0986122886681098,1.0986122886681098,1.0986122886681098,0.0,1.0986122886681098,1.0986122886681098,0.6931471805599453,1.0986122886681098,1.0986122886681098,1.0986122886681098,1.0986122886681098,0.0,0.0,0.6931471805599453,0.0,1.0986122886681098,0.6931471805599453,1.0986122886681098,1.0986122886681098
35,Female,Second year,Science,More than 41 hours,In your room (dorms),Alone,"Learning by practicing, Mind mapping and visualization, Online courses and tutorials","Online tutorials, Online documents, YouTube videos",No,Teachers' teaching method,Lack of time,Pressure,Lack of previous knowledge or experience in the field,Lack of previous knowledge or experience in the field,Private life problems,Not having a good (powerful) computer,Teaching language,Lack of motivation,1.0,No,1.0,5.0,You do not care about,4 hours or less,1.0,10.0,6.0,7.0,8.0,Bad quality of internet,Positively,2,1.0,13.0,10.0,11.0,Moderate,Moderate,Moderate,Moderate,Moderate,High,Moderate,Moderate,Low,Moderate,Moderate,Moderate,High,High,High,Moderate,High,Moderate,High,High,Moderate,0,2,1,5,3,0,5,26,0,5,2,4,1,1,5,3,7,8,0,2,0,0,1,2,2,2,2,2,0,2,2,1,2,2,2,0,0,0,1,0,2,0,0,2,3.58351893845611,0.6931471805599453,0.6931471805599453,1.791759469228055,0.6931471805599453,2.3978952727983707,1.9459101490553132,2.0794415416798357,2.1972245773362196,1.0986122886681098,0.6931471805599453,2.6390573296152584,2.3978952727983707,2.4849066497880004,0.0,1.0986122886681098,0.6931471805599453,1.791759469228055,1.3862943611198906,0.0,1.791759469228055,3.295836866004329,0.0,1.791759469228055,1.0986122886681098,1.6094379124341003,0.6931471805599453,0.6931471805599453,1.791759469228055,1.3862943611198906,2.0794415416798357,2.1972245773362196,0.0,1.0986122886681098,0.0,0.0,0.6931471805599453,1.0986122886681098,1.0986122886681098,1.0986122886681098,1.0986122886681098,1.0986122886681098,0.0,1.0986122886681098,1.0986122886681098,0.6931471805599453,1.0986122886681098,1.0986122886681098,1.0986122886681098,0.0,0.0,0.0,0.6931471805599453,0.0,1.0986122886681098,0.0,0.0,1.0986122886681098
36,Female,Second year,Science,More than 41 hours,In the school's library,Alone,"Lectures, Learning by practicing, Mind mapping and visualization","Books, Online documents, YouTube videos",Yes,Lack of previous knowledge or experience in the field,Pressure,Lack of time,Lack of previous knowledge or experience in the field,Bad quality of internet,Private life problems,Teaching language,Not having a good (powerful) computer,Lack of motivation,2.0,No,4.0,4.0,You do not care about,5-7 hours,3.0,7.0,5.0,4.0,4.0,Teachers' teaching method,Positively,2,1.0,13.0,10.0,11.0,Moderate,Moderate,Moderate,Moderate,Moderate,High,Moderate,Moderate,Moderate,Moderate,Moderate,Moderate,High,High,High,Moderate,High,Moderate,Moderate,Very High,Low,0,2,1,5,2,0,25,2,1,1,4,2,1,0,5,7,3,8,0,2,1,6,1,2,2,2,2,2,0,2,2,2,2,2,2,0,0,0,1,0,2,1,2,1,3.6109179126442243,1.0986122886681098,1.6094379124341003,1.6094379124341003,1.3862943611198906,2.0794415416798357,1.791759469228055,1.6094379124341003,1.6094379124341003,1.0986122886681098,0.6931471805599453,2.6390573296152584,2.3978952727983707,2.4849066497880004,0.0,1.0986122886681098,0.6931471805599453,1.791759469228055,1.0986122886681098,0.0,3.258096538021482,1.0986122886681098,0.6931471805599453,0.6931471805599453,1.6094379124341003,1.0986122886681098,0.6931471805599453,0.0,1.791759469228055,2.0794415416798357,1.3862943611198906,2.1972245773362196,0.0,1.0986122886681098,0.6931471805599453,1.9459101490553132,0.6931471805599453,1.0986122886681098,1.0986122886681098,1.0986122886681098,1.0986122886681098,1.0986122886681098,0.0,1.0986122886681098,1.0986122886681098,1.0986122886681098,1.0986122886681098,1.0986122886681098,1.0986122886681098,0.0,0.0,0.0,0.6931471805599453,0.0,1.0986122886681098,0.6931471805599453,1.0986122886681098,0.6931471805599453
37,Female,Second year,Mathematics,26-33,In the school's library,Alone,"Learning by practicing, Mind mapping and visualization","Books, Online tutorials, Online documents, YouTube videos",No,Pressure,Teachers' teaching method,Lack of time,Lack of previous knowledge or experience in the field,Private life problems,Lack of previous knowledge or experience in the field,Teaching language,Not having a good (powerful) computer,Lack of motivation,2.0,Yes,4.0,2.0,You do not care about,5-7 hours,4.0,8.0,5.0,5.0,8.0,Bad quality of internet,You do not care about,2,1.0,13.0,10.0,11.0,Moderate,Moderate,Moderate,Moderate,Moderate,High,Moderate,Moderate,Moderate,Moderate,Moderate,Moderate,High,High,High,High,Moderate,Moderate,High,High,Moderate,0,2,0,2,2,0,2,4,0,3,6,2,1,5,1,7,3,8,1,2,1,0,3,2,2,2,2,2,0,2,2,2,2,2,2,0,0,0,0,2,2,0,0,2,3.6375861597263857,1.0986122886681098,1.6094379124341003,1.0986122886681098,1.6094379124341003,2.1972245773362196,1.791759469228055,1.791759469228055,2.1972245773362196,1.0986122886681098,0.6931471805599453,2.6390573296152584,2.3978952727983707,2.4849066497880004,0.0,1.0986122886681098,0.0,1.0986122886681098,1.0986122886681098,0.0,1.0986122886681098,1.6094379124341003,0.0,1.3862943611198906,1.9459101490553132,1.0986122886681098,0.6931471805599453,1.791759469228055,0.6931471805599453,2.0794415416798357,1.3862943611198906,2.1972245773362196,0.6931471805599453,1.0986122886681098,0.6931471805599453,0.0,1.3862943611198906,1.0986122886681098,1.0986122886681098,1.0986122886681098,1.0986122886681098,1.0986122886681098,0.0,1.0986122886681098,1.0986122886681098,1.0986122886681098,1.0986122886681098,1.0986122886681098,1.0986122886681098,0.0,0.0,0.0,0.0,1.0986122886681098,1.0986122886681098,0.0,0.0,1.0986122886681098
38,Female,Second year,Science,18-25,In your room (dorms),Alone,"Learning by practicing, Project-based learning, Mind mapping and visualization, Interactive workshops, Online courses and tutorials","Online tutorials, Online documents, YouTube videos",Yes,Teachers' teaching method,Lack of time,Lack of previous knowledge or experience in the field,Lack of previous knowledge or experience in the field,Pressure,Bad quality of internet,Teaching language,Private life problems,Lack of motivation,3.0,No,5.0,5.0,You do not care about,5-7 hours,5.0,9.0,6.0,6.0,8.0,Lack of time,You do not care about,2,1.0,13.0,10.0,11.0,Moderate,Moderate,Moderate,Moderate,Moderate,High,Moderate,Moderate,Moderate,Moderate,Moderate,Moderate,Very High,High,High,Moderate,High,Moderate,Moderate,Very High,Moderate,0,2,1,1,3,0,9,26,1,5,2,1,1,4,0,7,5,8,0,2,1,2,3,2,2,2,2,2,0,2,2,2,2,2,2,2,0,0,1,0,2,1,2,2,3.6635616461296463,1.3862943611198906,1.791759469228055,1.791759469228055,1.791759469228055,2.302585092994046,1.9459101490553132,1.9459101490553132,2.1972245773362196,1.0986122886681098,0.6931471805599453,2.6390573296152584,2.3978952727983707,2.4849066497880004,0.0,1.0986122886681098,0.6931471805599453,0.6931471805599453,1.3862943611198906,0.0,2.302585092994046,3.295836866004329,0.6931471805599453,1.791759469228055,1.0986122886681098,0.6931471805599453,0.6931471805599453,1.6094379124341003,0.0,2.0794415416798357,1.791759469228055,2.1972245773362196,0.0,1.0986122886681098,0.6931471805599453,1.0986122886681098,1.3862943611198906,1.0986122886681098,1.0986122886681098,1.0986122886681098,1.0986122886681098,1.0986122886681098,0.0,1.0986122886681098,1.0986122886681098,1.0986122886681098,1.0986122886681098,1.0986122886681098,1.0986122886681098,1.0986122886681098,0.0,0.0,0.6931471805599453,0.0,1.0986122886681098,0.6931471805599453,1.0986122886681098,1.0986122886681098
39,Female,Second year,Science,10-17,At home,Alone,"Learning by practicing, Mind mapping and visualization","Books, YouTube videos",No,Pressure,Lack of time,Teachers' teaching method,Lack of previous knowledge or experience in the field,Private life problems,Bad quality of internet,Teaching language,Not having a good (powerful) computer,Lack of motivation,2.0,No,3.0,5.0,You do not care about,8 hours or more,2.0,8.0,6.0,6.0,5.0,Lack of previous knowledge or experience in the field,You do not care about,2,1.0,13.0,10.0,11.0,Moderate,Moderate,Moderate,Moderate,Moderate,High,Moderate,Moderate,Moderate,Moderate,Moderate,Moderate,Very High,High,High,Moderate,High,Moderate,Moderate,High,Moderate,0,2,1,0,0,0,2,7,0,3,2,6,1,5,0,7,3,8,0,2,2,1,3,2,2,2,2,2,0,2,2,2,2,2,2,2,0,0,1,0,2,1,0,2,3.6888794541139363,1.0986122886681098,1.3862943611198906,1.791759469228055,1.0986122886681098,2.1972245773362196,1.9459101490553132,1.9459101490553132,1.791759469228055,1.0986122886681098,0.6931471805599453,2.6390573296152584,2.3978952727983707,2.4849066497880004,0.0,1.0986122886681098,0.6931471805599453,0.0,0.0,0.0,1.0986122886681098,2.0794415416798357,0.0,1.3862943611198906,1.0986122886681098,1.9459101490553132,0.6931471805599453,1.791759469228055,0.0,2.0794415416798357,1.3862943611198906,2.1972245773362196,0.0,1.0986122886681098,1.0986122886681098,0.6931471805599453,1.3862943611198906,1.0986122886681098,1.0986122886681098,1.0986122886681098,1.0986122886681098,1.0986122886681098,0.0,1.0986122886681098,1.0986122886681098,1.0986122886681098,1.0986122886681098,1.0986122886681098,1.0986122886681098,1.0986122886681098,0.0,0.0,0.6931471805599453,0.0,1.0986122886681098,0.6931471805599453,0.0,1.0986122886681098
40,Female,Second year,Science,26-33,At home,Alone,"Learning by practicing, Online courses and tutorials","Books, Online tutorials, Online documents, YouTube videos",Yes,Lack of time,Teachers' teaching method,Pressure,Lack of previous knowledge or experience in the field,Private life problems,Bad quality of internet,Teaching language,Not having a good (powerful) computer,Lack of motivation,2.0,No,2.0,3.0,You do not care about,5-7 hours,3.0,6.0,6.0,6.0,4.0,Lack of previous knowledge or experience in the field,You do not care about,2,1.0,12.0,11.0,12.0,Moderate,Moderate,Moderate,Moderate,Moderate,High,High,Moderate,Low,Moderate,Moderate,Moderate,High,High,High,Moderate,High,High,High,Very High,Moderate,0,2,1,2,0,0,6,4,1,2,6,4,1,5,0,7,3,8,0,2,1,1,3,2,2,2,2,2,0,0,2,1,2,2,2,0,0,0,1,0,0,0,2,2,3.713572066704308,1.0986122886681098,1.0986122886681098,1.3862943611198906,1.3862943611198906,1.9459101490553132,1.9459101490553132,1.9459101490553132,1.6094379124341003,1.0986122886681098,0.6931471805599453,2.5649493574615367,2.4849066497880004,2.5649493574615367,0.0,1.0986122886681098,0.6931471805599453,1.0986122886681098,0.0,0.0,1.9459101490553132,1.6094379124341003,0.6931471805599453,1.0986122886681098,1.9459101490553132,1.6094379124341003,0.6931471805599453,1.791759469228055,0.0,2.0794415416798357,1.3862943611198906,2.1972245773362196,0.0,1.0986122886681098,0.6931471805599453,0.6931471805599453,1.3862943611198906,1.0986122886681098,1.0986122886681098,1.0986122886681098,1.0986122886681098,1.0986122886681098,0.0,0.0,1.0986122886681098,0.6931471805599453,1.0986122886681098,1.0986122886681098,1.0986122886681098,0.0,0.0,0.0,0.6931471805599453,0.0,0.0,0.0,1.0986122886681098,1.0986122886681098
41,Male,Second year,Mathematics,18-25,In the school's library,Alone,Learning by practicing;Project-based learning;Mind mapping and visualization;Interactive workshops;Online courses and tutorials,Online tutorials;YouTube videos,No,Lack of time,Lack of previous knowledge or experience in the field,Pressure,Teachers' teaching method,Bad quality of internet,Not having a good (powerful) computer,Teaching language,Private life problems,Lack of motivation,2.0,Yes,3.0,3.0,Negatively,5-7 hours,3.0,8.0,6.0,4.0,4.0,Lack of previous knowledge or experience in the field,You do not care about,2,1.0,12.0,11.0,12.0,Moderate,Moderate,Moderate,Moderate,Very High,High,High,High,Moderate,Low,Moderate,Very High,High,High,High,Moderate,High,High,High,Very High,Moderate,1,2,0,1,2,0,20,34,0,2,1,4,6,0,3,7,5,8,1,0,1,1,3,2,2,2,2,3,0,0,0,2,1,2,3,0,0,0,1,0,0,0,2,2,3.7376696182833684,1.0986122886681098,1.3862943611198906,1.3862943611198906,1.3862943611198906,2.1972245773362196,1.9459101490553132,1.6094379124341003,1.6094379124341003,1.0986122886681098,0.6931471805599453,2.5649493574615367,2.4849066497880004,2.5649493574615367,0.6931471805599453,1.0986122886681098,0.0,0.6931471805599453,1.0986122886681098,0.0,3.044522437723423,3.5553480614894135,0.0,1.0986122886681098,0.6931471805599453,1.6094379124341003,1.9459101490553132,0.0,1.3862943611198906,2.0794415416798357,1.791759469228055,2.1972245773362196,0.6931471805599453,0.0,0.6931471805599453,0.6931471805599453,1.3862943611198906,1.0986122886681098,1.0986122886681098,1.0986122886681098,1.0986122886681098,1.3862943611198906,0.0,0.0,0.0,1.0986122886681098,0.6931471805599453,1.0986122886681098,1.3862943611198906,0.0,0.0,0.0,0.6931471805599453,0.0,0.0,0.0,1.0986122886681098,1.0986122886681098
42,Female,Second year,Mathematics,10-17,In your room (dorms),Alone,"Lectures, Learning by practicing","Online tutorials, Online documents",Yes,Lack of time,Bad quality of internet,Pressure,Lack of previous knowledge or experience in the field,Teachers' teaching method,Private life problems,Not having a good (powerful) computer,Teaching language,Lack of motivation,2.0,No,2.0,5.0,You do not care about,5-7 hours,1.0,7.0,5.0,6.0,8.0,Lack of previous knowledge or experience in the field,Positively,2,1.0,12.0,11.0,12.0,Moderate,Moderate,Moderate,Moderate,Very High,Moderate,High,High,Moderate,Low,Moderate,Very High,High,High,High,Moderate,High,Moderate,High,High,Moderate,0,2,0,0,3,0,24,25,1,2,0,4,1,6,5,3,7,8,0,2,1,1,1,2,2,2,2,3,2,0,0,2,1,2,3,0,0,0,1,0,2,0,0,2,3.7612001156935624,1.0986122886681098,1.0986122886681098,1.791759469228055,0.6931471805599453,2.0794415416798357,1.791759469228055,1.9459101490553132,2.1972245773362196,1.0986122886681098,0.6931471805599453,2.5649493574615367,2.4849066497880004,2.5649493574615367,0.0,1.0986122886681098,0.0,0.0,1.3862943611198906,0.0,3.2188758248682006,3.258096538021482,0.6931471805599453,1.0986122886681098,0.0,1.6094379124341003,0.6931471805599453,1.9459101490553132,1.791759469228055,1.3862943611198906,2.0794415416798357,2.1972245773362196,0.0,1.0986122886681098,0.6931471805599453,0.6931471805599453,0.6931471805599453,1.0986122886681098,1.0986122886681098,1.0986122886681098,1.0986122886681098,1.3862943611198906,1.0986122886681098,0.0,0.0,1.0986122886681098,0.6931471805599453,1.0986122886681098,1.3862943611198906,0.0,0.0,0.0,0.6931471805599453,0.0,1.0986122886681098,0.0,0.0,1.0986122886681098
43,Female,Second year,Mathematics,10-17,In the school's library,In peer,Learning by practicing;Online courses and tutorials,Online documents;YouTube videos,No,Lack of previous knowledge or experience in the field,Pressure,Teachers' teaching method,Lack of time,Bad quality of internet,Private life problems,Not having a good (powerful) computer,Teaching language,Lack of motivation,3.0,No,5.0,5.0,Positively,5-7 hours,4.0,6.0,6.0,7.0,7.0,Lack of previous knowledge or experience in the field,You do not care about,2,1.0,12.0,12.0,12.0,High,High,Moderate,Moderate,High,High,Moderate,High,Moderate,Moderate,Moderate,Moderate,High,High,High,Moderate,High,Moderate,High,High,Moderate,0,2,0,0,2,1,16,22,0,1,4,6,2,0,5,3,7,8,0,1,1,1,3,0,0,2,2,0,0,2,0,2,2,2,2,0,0,0,1,0,2,0,0,2,3.784189633918261,1.3862943611198906,1.791759469228055,1.791759469228055,1.6094379124341003,1.9459101490553132,1.9459101490553132,2.0794415416798357,2.0794415416798357,1.0986122886681098,0.6931471805599453,2.5649493574615367,2.5649493574615367,2.5649493574615367,0.0,1.0986122886681098,0.0,0.0,1.0986122886681098,0.6931471805599453,2.833213344056216,3.1354942159291497,0.0,0.6931471805599453,1.6094379124341003,1.9459101490553132,1.0986122886681098,0.0,1.791759469228055,1.3862943611198906,2.0794415416798357,2.1972245773362196,0.0,0.6931471805599453,0.6931471805599453,0.6931471805599453,1.3862943611198906,0.0,0.0,1.0986122886681098,1.0986122886681098,0.0,0.0,1.0986122886681098,0.0,1.0986122886681098,1.0986122886681098,1.0986122886681098,1.0986122886681098,0.0,0.0,0.0,0.6931471805599453,0.0,1.0986122886681098,0.0,0.0,1.0986122886681098
44,Male,Second year,Technical maths,26-33,In your room (dorms),Alone,Learning by practicing;Online courses and tutorials,Books;YouTube videos,No,Teachers' teaching method,Lack of time,ما,Private life problems,Bad quality of internet,Lack of previous knowledge or experience in the field,Teaching language,Not having a good (powerful) computer,Lack of motivation,2.0,No,5.0,5.0,Positively,5-7 hours,2.0,7.0,7.0,8.0,5.0,Lack of previous knowledge or experience in the field,You do not care about,2,1.0,12.0,12.0,12.0,Moderate,Moderate,High,High,High,Moderate,High,High,Moderate,Moderate,Moderate,High,High,High,High,Moderate,High,Moderate,High,High,Moderate,1,2,2,2,3,0,16,16,0,5,2,8,5,0,1,7,3,8,0,1,1,1,3,2,2,0,0,0,2,0,0,2,2,2,0,0,0,0,1,0,2,0,0,2,3.8066624897703196,1.0986122886681098,1.791759469228055,1.791759469228055,1.0986122886681098,2.0794415416798357,2.0794415416798357,2.1972245773362196,1.791759469228055,1.0986122886681098,0.6931471805599453,2.5649493574615367,2.5649493574615367,2.5649493574615367,0.6931471805599453,1.0986122886681098,1.0986122886681098,1.0986122886681098,1.3862943611198906,0.0,2.833213344056216,2.833213344056216,0.0,1.791759469228055,1.0986122886681098,2.1972245773362196,1.791759469228055,0.0,0.6931471805599453,2.0794415416798357,1.3862943611198906,2.1972245773362196,0.0,0.6931471805599453,0.6931471805599453,0.6931471805599453,1.3862943611198906,1.0986122886681098,1.0986122886681098,0.0,0.0,0.0,1.0986122886681098,0.0,0.0,1.0986122886681098,1.0986122886681098,1.0986122886681098,0.0,0.0,0.0,0.0,0.6931471805599453,0.0,1.0986122886681098,0.0,0.0,1.0986122886681098
45,Female,Fourth year,Technical maths,10-17,In your room (dorms),Alone,Lectures;Learning by practicing;Mind mapping and visualization;Online courses and tutorials,Books;Online tutorials;Online documents;YouTube videos,Yes,Pressure,Lack of previous knowledge or experience in the field,Teachers' teaching method,Not having a good (powerful) computer,Lack of time,Private life problems,Teaching language,Bad quality of internet,"social media addiction , health problems, not being able to work on a team in group projects",2.0,Yes,2.0,3.0,You do not care about,5-7 hours,1.0,7.0,2.0,5.0,2.0,Unknown,Unknown,4,3.0,12.0,12.0,12.0,Moderate,Moderate,Low,Moderate,High,Moderate,Low,Low,Moderate,Moderate,Moderate,High,High,High,High,Moderate,High,Moderate,High,High,Moderate,0,1,2,0,3,0,39,13,1,3,1,6,3,2,5,7,0,29,1,2,1,8,2,2,2,1,2,0,2,1,1,2,2,2,0,0,0,0,1,0,2,0,0,2,3.828641396489095,1.0986122886681098,1.0986122886681098,1.3862943611198906,0.6931471805599453,2.0794415416798357,1.0986122886681098,1.791759469228055,1.0986122886681098,1.6094379124341003,1.3862943611198906,2.5649493574615367,2.5649493574615367,2.5649493574615367,0.0,0.6931471805599453,1.0986122886681098,0.0,1.3862943611198906,0.0,3.6888794541139363,2.6390573296152584,0.6931471805599453,1.3862943611198906,0.6931471805599453,1.9459101490553132,1.3862943611198906,1.0986122886681098,1.791759469228055,2.0794415416798357,0.0,3.4011973816621555,0.6931471805599453,1.0986122886681098,0.6931471805599453,2.1972245773362196,1.0986122886681098,1.0986122886681098,1.0986122886681098,0.6931471805599453,1.0986122886681098,0.0,1.0986122886681098,0.6931471805599453,0.6931471805599453,1.0986122886681098,1.0986122886681098,1.0986122886681098,0.0,0.0,0.0,0.0,0.6931471805599453,0.0,1.0986122886681098,0.0,0.0,1.0986122886681098
46,Female,Second year,Science,18-25,In your room (dorms),Alone,Lectures;Learning by practicing;Mind mapping and visualization;Online courses and tutorials,Online tutorials;YouTube videos,No,Pressure,Lack of previous knowledge or experience in the field,Lack of time,Private life problems,Teachers' teaching method,Teaching language,Bad quality of internet,Not having a good (powerful) computer,Teacher’s rating,2.0,Yes,1.0,1.0,You do not care about,8 hours or more,1.0,9.0,5.0,6.0,7.0,Lack of previous knowledge or experience in the field,You do not care about,2,1.0,12.0,12.0,12.0,Moderate,Low,High,Very High,Moderate,Very Low,High,Very High,Very High,High,High,Moderate,High,High,High,Moderate,High,Moderate,High,High,Moderate,0,2,1,1,3,0,39,34,0,3,1,2,5,6,7,0,3,18,1,2,2,1,3,2,1,0,3,2,4,0,3,3,0,0,2,0,0,0,1,0,2,0,0,2,3.8501476017100584,1.0986122886681098,0.6931471805599453,0.6931471805599453,0.6931471805599453,2.302585092994046,1.791759469228055,1.9459101490553132,2.0794415416798357,1.0986122886681098,0.6931471805599453,2.5649493574615367,2.5649493574615367,2.5649493574615367,0.0,1.0986122886681098,0.6931471805599453,0.6931471805599453,1.3862943611198906,0.0,3.6888794541139363,3.5553480614894135,0.0,1.3862943611198906,0.6931471805599453,1.0986122886681098,1.791759469228055,1.9459101490553132,2.0794415416798357,0.0,1.3862943611198906,2.9444389791664403,0.6931471805599453,1.0986122886681098,1.0986122886681098,0.6931471805599453,1.3862943611198906,1.0986122886681098,0.6931471805599453,0.0,1.3862943611198906,1.0986122886681098,1.6094379124341003,0.0,1.3862943611198906,1.3862943611198906,0.0,0.0,1.0986122886681098,0.0,0.0,0.0,0.6931471805599453,0.0,1.0986122886681098,0.0,0.0,1.0986122886681098
47,Female,Second year,Science,18-25,In the school's library,Alone,Lectures;Learning by practicing;Mind mapping and visualization;Online courses and tutorials,Online tutorials;Online documents,Yes,Private life problems,Pressure,Lack of previous knowledge or experience in the field,Lack of time,Teachers' teaching method,Bad quality of internet,Teaching language,Not having a good (powerful) computer,Lack of energy,3.0,No,4.0,5.0,You do not care about,5-7 hours,1.0,7.0,6.0,6.0,6.0,Lack of previous knowledge or experience in the field,You do not care about,2,1.0,12.0,13.0,12.0,Moderate,Moderate,Moderate,Moderate,High,High,High,High,Moderate,Moderate,Moderate,High,High,High,High,Moderate,High,Moderate,High,High,Moderate,0,2,1,1,2,0,39,30,1,4,4,1,2,6,0,7,3,7,0,2,1,1,3,2,2,2,2,0,0,0,0,2,2,2,0,0,0,0,1,0,2,0,0,2,3.871201010907891,1.3862943611198906,1.6094379124341003,1.791759469228055,0.6931471805599453,2.0794415416798357,1.9459101490553132,1.9459101490553132,1.9459101490553132,1.0986122886681098,0.6931471805599453,2.5649493574615367,2.6390573296152584,2.5649493574615367,0.0,1.0986122886681098,0.6931471805599453,0.6931471805599453,1.0986122886681098,0.0,3.6888794541139363,3.4339872044851463,0.6931471805599453,1.6094379124341003,1.6094379124341003,0.6931471805599453,1.0986122886681098,1.9459101490553132,0.0,2.0794415416798357,1.3862943611198906,2.0794415416798357,0.0,1.0986122886681098,0.6931471805599453,0.6931471805599453,1.3862943611198906,1.0986122886681098,1.0986122886681098,1.0986122886681098,1.0986122886681098,0.0,0.0,0.0,0.0,1.0986122886681098,1.0986122886681098,1.0986122886681098,0.0,0.0,0.0,0.0,0.6931471805599453,0.0,1.0986122886681098,0.0,0.0,1.0986122886681098
48,Male,Third year,Mathematics,10-17,In the school's library,Alone,Lectures;Learning by practicing;Mind mapping and visualization;Online courses and tutorials,Online tutorials;Online documents;YouTube videos;Chat GPT,No,Pressure,Teaching language,Lack of time,Lack of previous knowledge or experience in the field,Teachers' teaching method,Private life problems,Bad quality of internet,Not having a good (powerful) computer,"Guergour, thabet, dib, w abdou jirani, nahkiw mashi n9raw ( w mouchaal lol)",2.0,Yes,3.0,3.0,You do not care about,5-7 hours,3.0,6.0,7.0,7.0,8.0,Bad quality of internet,You do not care about,3,2.0,12.0,13.0,12.0,Moderate,High,Moderate,Moderate,Moderate,Moderate,Moderate,High,Moderate,Moderate,Moderate,High,High,High,High,Moderate,High,Moderate,High,High,Moderate,1,3,0,0,2,0,39,32,0,3,7,2,1,6,5,0,3,4,1,2,1,0,3,2,0,2,2,2,2,2,0,2,2,2,0,0,0,0,1,0,2,0,0,2,3.8918202981106265,1.0986122886681098,1.3862943611198906,1.3862943611198906,1.3862943611198906,1.9459101490553132,2.0794415416798357,2.0794415416798357,2.1972245773362196,1.3862943611198906,1.0986122886681098,2.5649493574615367,2.6390573296152584,2.5649493574615367,0.6931471805599453,1.3862943611198906,0.0,0.0,1.0986122886681098,0.0,3.6888794541139363,3.4965075614664802,0.0,1.3862943611198906,2.0794415416798357,1.0986122886681098,0.6931471805599453,1.9459101490553132,1.791759469228055,0.0,1.3862943611198906,1.6094379124341003,0.6931471805599453,1.0986122886681098,0.6931471805599453,0.0,1.3862943611198906,1.0986122886681098,0.0,1.0986122886681098,1.0986122886681098,1.0986122886681098,1.0986122886681098,1.0986122886681098,0.0,1.0986122886681098,1.0986122886681098,1.0986122886681098,0.0,0.0,0.0,0.0,0.6931471805599453,0.0,1.0986122886681098,0.0,0.0,1.0986122886681098
49,Female,Second year,Mathematics,18-25,In your room (dorms),Alone,"Lectures, Project-based learning, Interactive workshops, Online courses and tutorials","Books, YouTube videos",No,Teaching language,Lack of previous knowledge or experience in the field,Bad quality of internet,Lack of previous knowledge or experience in the field,Teachers' teaching method,Not having a good (powerful) computer,Pressure,Private life problems,Lack of motivation,3.0,Yes,5.0,5.0,You do not care about,4 hours or less,2.0,3.0,5.0,5.0,5.0,Lack of time,Positively,2,1.0,13.0,11.0,12.0,Moderate,High,Moderate,Moderate,Moderate,High,High,High,Low,Moderate,Moderate,High,High,High,High,Moderate,High,Moderate,High,High,Moderate,0,2,0,1,3,0,36,7,0,6,1,0,1,6,3,4,5,8,1,2,0,2,1,2,0,2,2,2,0,0,0,1,2,2,0,0,0,0,1,0,2,0,0,2,3.912023005428146,1.3862943611198906,1.791759469228055,1.791759469228055,1.0986122886681098,1.3862943611198906,1.791759469228055,1.791759469228055,1.791759469228055,1.0986122886681098,0.6931471805599453,2.6390573296152584,2.4849066497880004,2.5649493574615367,0.0,1.0986122886681098,0.0,0.6931471805599453,1.3862943611198906,0.0,3.6109179126442243,2.0794415416798357,0.0,1.9459101490553132,0.6931471805599453,0.0,0.6931471805599453,1.9459101490553132,1.3862943611198906,1.6094379124341003,1.791759469228055,2.1972245773362196,0.6931471805599453,1.0986122886681098,0.0,1.0986122886681098,0.6931471805599453,1.0986122886681098,0.0,1.0986122886681098,1.0986122886681098,1.0986122886681098,0.0,0.0,0.0,0.6931471805599453,1.0986122886681098,1.0986122886681098,0.0,0.0,0.0,0.0,0.6931471805599453,0.0,1.0986122886681098,0.0,0.0,1.0986122886681098
50,Female,Second year,Science,18-25,In your room (dorms),Alone,"Lectures, Online courses and tutorials","Books, Online tutorials, Online documents, YouTube videos",Yes,Pressure,Lack of time,Teachers' teaching method,Lack of previous knowledge or experience in the field,Bad quality of internet,Private life problems,Teaching language,Not having a good (powerful) computer,Lack of motivation,2.0,No,3.0,3.0,You do not care about,5-7 hours,2.0,9.0,6.0,7.0,7.0,Lack of previous knowledge or experience in the field,You do not care about,2,1.0,13.0,11.0,12.0,Moderate,High,Moderate,Moderate,Moderate,High,High,High,Moderate,Moderate,Moderate,High,High,High,High,Moderate,Moderate,Moderate,High,High,High,0,2,1,1,3,0,35,4,1,3,2,6,1,0,5,7,3,8,0,2,1,1,3,2,0,2,2,2,0,0,0,2,2,2,0,0,0,0,1,2,2,0,0,0,3.9318256327243257,1.0986122886681098,1.3862943611198906,1.3862943611198906,1.0986122886681098,2.302585092994046,1.9459101490553132,2.0794415416798357,2.0794415416798357,1.0986122886681098,0.6931471805599453,2.6390573296152584,2.4849066497880004,2.5649493574615367,0.0,1.0986122886681098,0.6931471805599453,0.6931471805599453,1.3862943611198906,0.0,3.58351893845611,1.6094379124341003,0.6931471805599453,1.3862943611198906,1.0986122886681098,1.9459101490553132,0.6931471805599453,0.0,1.791759469228055,2.0794415416798357,1.3862943611198906,2.1972245773362196,0.0,1.0986122886681098,0.6931471805599453,0.6931471805599453,1.3862943611198906,1.0986122886681098,0.0,1.0986122886681098,1.0986122886681098,1.0986122886681098,0.0,0.0,0.0,1.0986122886681098,1.0986122886681098,1.0986122886681098,0.0,0.0,0.0,0.0,0.6931471805599453,1.0986122886681098,1.0986122886681098,0.0,0.0,0.0
51,Female,Second year,Mathematics,18-25,In your room (dorms),Alone,"Learning by practicing, Interactive workshops","Books, YouTube videos",Yes,Bad quality of internet,Not having a good (powerful) computer,Lack of time,Lack of previous knowledge or experience in the field,Teachers' teaching method,Lack of previous knowledge or experience in the field,Teaching language,Private life problems,Lack of motivation,2.0,No,2.0,5.0,You do not care about,5-7 hours,3.0,7.0,3.0,2.0,8.0,Pressure,You do not care about,2,1.0,13.0,11.0,12.0,Moderate,High,Moderate,Moderate,Moderate,High,Moderate,High,Moderate,Moderate,Moderate,High,High,High,Very High,Moderate,High,Moderate,High,Very High,High,0,2,0,1,3,0,1,7,1,0,3,2,1,6,1,7,5,8,0,2,1,4,3,2,0,2,2,2,0,2,0,2,2,2,0,0,0,1,1,0,2,0,2,0,3.9512437185814275,1.0986122886681098,1.0986122886681098,1.791759469228055,1.3862943611198906,2.0794415416798357,1.3862943611198906,1.0986122886681098,2.1972245773362196,1.0986122886681098,0.6931471805599453,2.6390573296152584,2.4849066497880004,2.5649493574615367,0.0,1.0986122886681098,0.0,0.6931471805599453,1.3862943611198906,0.0,0.6931471805599453,2.0794415416798357,0.6931471805599453,0.0,1.3862943611198906,1.0986122886681098,0.6931471805599453,1.9459101490553132,0.6931471805599453,2.0794415416798357,1.791759469228055,2.1972245773362196,0.0,1.0986122886681098,0.6931471805599453,1.6094379124341003,1.3862943611198906,1.0986122886681098,0.0,1.0986122886681098,1.0986122886681098,1.0986122886681098,0.0,1.0986122886681098,0.0,1.0986122886681098,1.0986122886681098,1.0986122886681098,0.0,0.0,0.0,0.6931471805599453,0.6931471805599453,0.0,1.0986122886681098,0.0,1.0986122886681098,0.0
52,Female,Second year,Science,More than 41 hours,In the school's library,Alone,"Lectures, Learning by practicing, Mind mapping and visualization","Books, YouTube videos",No,Pressure,Teachers' teaching method,Lack of previous knowledge or experience in the field,Lack of previous knowledge or experience in the field,Teaching language,Not having a good (powerful) computer,Private life problems,Private life problems,Lack of motivation,2.0,Yes,5.0,5.0,You do not care about,5-7 hours,3.0,5.0,5.0,4.0,6.0,Lack of time,Positively,2,1.0,13.0,11.0,12.0,Moderate,High,Moderate,Moderate,Moderate,High,Moderate,High,Moderate,Moderate,Moderate,High,High,High,High,High,High,High,High,High,Moderate,0,2,1,5,2,0,25,7,0,3,6,1,1,7,3,5,5,8,1,2,1,2,1,2,0,2,2,2,0,2,0,2,2,2,0,0,0,0,0,0,0,0,0,2,3.970291913552122,1.0986122886681098,1.791759469228055,1.791759469228055,1.3862943611198906,1.791759469228055,1.791759469228055,1.6094379124341003,1.9459101490553132,1.0986122886681098,0.6931471805599453,2.6390573296152584,2.4849066497880004,2.5649493574615367,0.0,1.0986122886681098,0.6931471805599453,1.791759469228055,1.0986122886681098,0.0,3.258096538021482,2.0794415416798357,0.0,1.3862943611198906,1.9459101490553132,0.6931471805599453,0.6931471805599453,2.0794415416798357,1.3862943611198906,1.791759469228055,1.791759469228055,2.1972245773362196,0.6931471805599453,1.0986122886681098,0.6931471805599453,1.0986122886681098,0.6931471805599453,1.0986122886681098,0.0,1.0986122886681098,1.0986122886681098,1.0986122886681098,0.0,1.0986122886681098,0.0,1.0986122886681098,1.0986122886681098,1.0986122886681098,0.0,0.0,0.0,0.0,0.0,0.0,0.0,0.0,0.0,1.0986122886681098
53,Male,Second year,Mathematics,10-17,In the school's library,Alone,"Lectures, Learning by practicing, Online courses and tutorials","Books, Online documents, YouTube videos",No,Lack of time,Private life problems,Pressure,Lack of previous knowledge or experience in the field,Bad quality of internet,Teachers' teaching method,Teaching language,Not having a good (powerful) computer,Lack of motivation,2.0,Yes,2.0,4.0,You do not care about,5-7 hours,2.0,8.0,6.0,7.0,7.0,Lack of previous knowledge or experience in the field,You do not care about,2,1.0,13.0,11.0,12.0,Moderate,High,Moderate,Moderate,Moderate,High,Moderate,High,Moderate,Moderate,Moderate,High,Very High,High,High,Moderate,High,High,High,Very High,Moderate,1,2,0,0,2,0,27,2,0,2,5,4,1,0,6,7,3,8,1,2,1,1,3,2,0,2,2,2,0,2,0,2,2,2,0,2,0,0,1,0,0,0,2,2,3.9889840465642745,1.0986122886681098,1.0986122886681098,1.6094379124341003,1.0986122886681098,2.1972245773362196,1.9459101490553132,2.0794415416798357,2.0794415416798357,1.0986122886681098,0.6931471805599453,2.6390573296152584,2.4849066497880004,2.5649493574615367,0.6931471805599453,1.0986122886681098,0.0,0.0,1.0986122886681098,0.0,3.332204510175204,1.0986122886681098,0.0,1.0986122886681098,1.791759469228055,1.6094379124341003,0.6931471805599453,0.0,1.9459101490553132,2.0794415416798357,1.3862943611198906,2.1972245773362196,0.6931471805599453,1.0986122886681098,0.6931471805599453,0.6931471805599453,1.3862943611198906,1.0986122886681098,0.0,1.0986122886681098,1.0986122886681098,1.0986122886681098,0.0,1.0986122886681098,0.0,1.0986122886681098,1.0986122886681098,1.0986122886681098,0.0,1.0986122886681098,0.0,0.0,0.6931471805599453,0.0,0.0,0.0,1.0986122886681098,1.0986122886681098
54,Male,Second year,Mathematics,18-25,In the school's library,Alone,"Learning by practicing, Mind mapping and visualization, Online courses and tutorials","Books, YouTube videos",No,Lack of previous knowledge or experience in the field,Private life problems,Pressure,Lack of previous knowledge or experience in the field,Bad quality of internet,Lack of time,Not having a good (powerful) computer,Teaching language,Lack of motivation,2.0,No,4.0,5.0,You do not care about,5-7 hours,2.0,9.0,4.0,5.0,7.0,Pressure,You do not care about,2,1.0,13.0,11.0,12.0,Moderate,High,Moderate,Moderate,Moderate,Moderate,Moderate,High,High,Moderate,Moderate,High,Very High,High,High,Moderate,High,Moderate,Moderate,Moderate,Moderate,1,2,0,1,2,0,5,7,0,1,5,4,1,0,2,3,7,8,0,2,1,4,3,2,0,2,2,2,2,2,0,0,2,2,0,2,0,0,1,0,2,1,1,2,4.007333185232471,1.0986122886681098,1.6094379124341003,1.791759469228055,1.0986122886681098,2.302585092994046,1.6094379124341003,1.791759469228055,2.0794415416798357,1.0986122886681098,0.6931471805599453,2.6390573296152584,2.4849066497880004,2.5649493574615367,0.6931471805599453,1.0986122886681098,0.0,0.6931471805599453,1.0986122886681098,0.0,1.791759469228055,2.0794415416798357,0.0,0.6931471805599453,1.791759469228055,1.6094379124341003,0.6931471805599453,0.0,1.0986122886681098,1.3862943611198906,2.0794415416798357,2.1972245773362196,0.0,1.0986122886681098,0.6931471805599453,1.6094379124341003,1.3862943611198906,1.0986122886681098,0.0,1.0986122886681098,1.0986122886681098,1.0986122886681098,1.0986122886681098,1.0986122886681098,0.0,0.0,1.0986122886681098,1.0986122886681098,0.0,1.0986122886681098,0.0,0.0,0.6931471805599453,0.0,1.0986122886681098,0.6931471805599453,0.6931471805599453,1.0986122886681098
55,Female,Second year,Science,26-33,In the school's library,Alone,Lectures;Learning by practicing;Mind mapping and visualization,Online tutorials;YouTube videos,No,Lack of time,Pressure,Lack of previous knowledge or experience in the field,Private life problems,Bad quality of internet,Not having a good (powerful) computer,Teachers' teaching method,Teaching language,Lack of motivation,3.0,No,2.0,3.0,Negatively,8 hours or more,2.0,7.0,5.0,3.0,4.0,Lack of previous knowledge or experience in the field,You do not care about,2,1.0,13.0,11.0,12.0,Moderate,Moderate,Low,High,High,Moderate,Moderate,Moderate,Low,Low,Moderate,High,Very High,High,High,Moderate,High,Moderate,Moderate,Moderate,Moderate,0,2,1,2,2,0,38,34,0,2,4,1,5,0,3,6,7,8,0,0,2,1,3,2,2,1,0,0,2,2,2,1,1,2,0,2,0,0,1,0,2,1,1,2,4.02535169073515,1.3862943611198906,1.0986122886681098,1.3862943611198906,1.0986122886681098,2.0794415416798357,1.791759469228055,1.3862943611198906,1.6094379124341003,1.0986122886681098,0.6931471805599453,2.6390573296152584,2.4849066497880004,2.5649493574615367,0.0,1.0986122886681098,0.6931471805599453,1.0986122886681098,1.0986122886681098,0.0,3.6635616461296463,3.5553480614894135,0.0,1.0986122886681098,1.6094379124341003,0.6931471805599453,1.791759469228055,0.0,1.3862943611198906,1.9459101490553132,2.0794415416798357,2.1972245773362196,0.0,0.0,1.0986122886681098,0.6931471805599453,1.3862943611198906,1.0986122886681098,1.0986122886681098,0.6931471805599453,0.0,0.0,1.0986122886681098,1.0986122886681098,1.0986122886681098,0.6931471805599453,0.6931471805599453,1.0986122886681098,0.0,1.0986122886681098,0.0,0.0,0.6931471805599453,0.0,1.0986122886681098,0.6931471805599453,0.6931471805599453,1.0986122886681098
56,Female,Second year,Science,18-25,In your room (dorms),Alone,Learning by practicing,Books;Online tutorials;Online documents;YouTube videos,Yes,Pressure,Not having a good (powerful) computer,Teachers' teaching method,Lack of time,Private life problems,Private life problems,Lack of previous knowledge or experience in the field,Teaching language,Lack of motivation,2.0,No,1.0,1.0,Positively,8 hours or more,3.0,8.0,7.0,9.0,8.0,Lack of previous knowledge or experience in the field,You do not care about,2,1.0,13.0,11.0,12.0,High,Moderate,Moderate,Moderate,High,Moderate,High,Moderate,Moderate,Low,Moderate,High,Very High,High,High,Moderate,High,Moderate,Moderate,Moderate,Moderate,0,2,1,1,3,0,0,13,1,3,3,6,2,5,5,1,7,8,0,1,2,1,3,0,2,2,2,0,2,0,2,2,1,2,0,2,0,0,1,0,2,1,1,2,4.04305126783455,1.0986122886681098,0.6931471805599453,0.6931471805599453,1.3862943611198906,2.1972245773362196,2.0794415416798357,2.302585092994046,2.1972245773362196,1.0986122886681098,0.6931471805599453,2.6390573296152584,2.4849066497880004,2.5649493574615367,0.0,1.0986122886681098,0.6931471805599453,0.6931471805599453,1.3862943611198906,0.0,0.0,2.6390573296152584,0.6931471805599453,1.3862943611198906,1.3862943611198906,1.9459101490553132,1.0986122886681098,1.791759469228055,1.791759469228055,0.6931471805599453,2.0794415416798357,2.1972245773362196,0.0,0.6931471805599453,1.0986122886681098,0.6931471805599453,1.3862943611198906,0.0,1.0986122886681098,1.0986122886681098,1.0986122886681098,0.0,1.0986122886681098,0.0,1.0986122886681098,1.0986122886681098,0.6931471805599453,1.0986122886681098,0.0,1.0986122886681098,0.0,0.0,0.6931471805599453,0.0,1.0986122886681098,0.6931471805599453,0.6931471805599453,1.0986122886681098
57,Male,Second year,Mathematics,26-33,In your room (dorms),Alone,Lectures;Learning by practicing;Mind mapping and visualization,Books;Online tutorials;Online documents;YouTube videos,Yes,Lack of time,Lack of previous knowledge or experience in the field,Bad quality of internet,Not having a good (powerful) computer,Pressure,Private life problems,Teachers' teaching method,Teaching language,Lack of motivation,3.0,No,5.0,5.0,Positively,5-7 hours,3.0,8.0,7.0,6.0,5.0,Lack of previous knowledge or experience in the field,You do not care about,2,1.0,13.0,11.0,12.0,High,Moderate,Moderate,Moderate,High,Moderate,High,Moderate,Moderate,Low,Moderate,High,Very High,High,High,Moderate,High,Moderate,Moderate,Moderate,Moderate,1,2,0,2,3,0,38,13,1,2,1,0,3,4,5,6,7,8,0,1,1,1,3,0,2,2,2,0,2,0,2,2,1,2,0,2,0,0,1,0,2,1,1,2,4.060443010546419,1.3862943611198906,1.791759469228055,1.791759469228055,1.3862943611198906,2.1972245773362196,2.0794415416798357,1.9459101490553132,1.791759469228055,1.0986122886681098,0.6931471805599453,2.6390573296152584,2.4849066497880004,2.5649493574615367,0.6931471805599453,1.0986122886681098,0.0,1.0986122886681098,1.3862943611198906,0.0,3.6635616461296463,2.6390573296152584,0.6931471805599453,1.0986122886681098,0.6931471805599453,0.0,1.3862943611198906,1.6094379124341003,1.791759469228055,1.9459101490553132,2.0794415416798357,2.1972245773362196,0.0,0.6931471805599453,0.6931471805599453,0.6931471805599453,1.3862943611198906,0.0,1.0986122886681098,1.0986122886681098,1.0986122886681098,0.0,1.0986122886681098,0.0,1.0986122886681098,1.0986122886681098,0.6931471805599453,1.0986122886681098,0.0,1.0986122886681098,0.0,0.0,0.6931471805599453,0.0,1.0986122886681098,0.6931471805599453,0.6931471805599453,1.0986122886681098
58,Male,Third year,Science,10-17,In your room (dorms),Alone,Lectures;Learning by practicing;Project-based learning;Mind mapping and visualization;Online courses and tutorials,Online tutorials;YouTube videos,No,Teachers' teaching method,Lack of time,Lack of previous knowledge or experience in the field,Pressure,Teaching language,Lack of previous knowledge or experience in the field,Private life problems,Not having a good (powerful) computer,"Guergour, thabet, dib, w abdou jirani, nahkiw mashi n9raw ( w mouchaal lol)",2.0,No,3.0,5.0,Positively,5-7 hours,3.0,6.0,7.0,7.0,6.0,Bad quality of internet,You do not care about,3,2.0,13.0,12.0,12.0,Moderate,High,Moderate,Moderate,High,High,High,Moderate,Moderate,High,Moderate,High,Very High,High,High,Moderate,High,Moderate,Moderate,Moderate,Moderate,1,3,1,0,3,0,44,34,0,5,2,1,4,7,1,5,3,4,0,1,1,0,3,2,0,2,2,0,0,0,2,2,0,2,0,2,0,0,1,0,2,1,1,2,4.07753744390572,1.0986122886681098,1.3862943611198906,1.791759469228055,1.3862943611198906,1.9459101490553132,2.0794415416798357,2.0794415416798357,1.9459101490553132,1.3862943611198906,1.0986122886681098,2.6390573296152584,2.5649493574615367,2.5649493574615367,0.6931471805599453,1.3862943611198906,0.6931471805599453,0.0,1.3862943611198906,0.0,3.8066624897703196,3.5553480614894135,0.0,1.791759469228055,1.0986122886681098,0.6931471805599453,1.6094379124341003,2.0794415416798357,0.6931471805599453,1.791759469228055,1.3862943611198906,1.6094379124341003,0.0,0.6931471805599453,0.6931471805599453,0.0,1.3862943611198906,1.0986122886681098,0.0,1.0986122886681098,1.0986122886681098,0.0,0.0,0.0,1.0986122886681098,1.0986122886681098,0.0,1.0986122886681098,0.0,1.0986122886681098,0.0,0.0,0.6931471805599453,0.0,1.0986122886681098,0.6931471805599453,0.6931471805599453,1.0986122886681098
59,Male,Second year,Mathematics,More than 41 hours,At home,In peer,"Learning by practicing, Mind mapping and visualization, Online courses and tutorials","Online tutorials, Online documents, YouTube videos",No,Pressure,Teachers' teaching method,Lack of time,Lack of previous knowledge or experience in the field,Bad quality of internet,Private life problems,Not having a good (powerful) computer,Teaching language,Lack of motivation,2.0,No,3.0,4.0,You do not care about,8 hours or more,3.0,7.0,7.0,8.0,5.0,Lack of previous knowledge or experience in the field,Positively,2,1.0,13.0,12.0,12.0,Moderate,High,Moderate,Moderate,High,High,High,Moderate,Moderate,High,Moderate,High,High,High,High,High,High,Moderate,High,Very High,Moderate,1,2,0,5,0,1,5,26,0,3,6,2,1,0,5,3,7,8,0,2,2,1,1,2,0,2,2,0,0,0,2,2,0,2,0,0,0,0,0,0,2,0,2,2,4.0943445622221,1.0986122886681098,1.3862943611198906,1.6094379124341003,1.3862943611198906,2.0794415416798357,2.0794415416798357,2.1972245773362196,1.791759469228055,1.0986122886681098,0.6931471805599453,2.6390573296152584,2.5649493574615367,2.5649493574615367,0.6931471805599453,1.0986122886681098,0.0,1.791759469228055,0.0,0.6931471805599453,1.791759469228055,3.295836866004329,0.0,1.3862943611198906,1.9459101490553132,1.0986122886681098,0.6931471805599453,0.0,1.791759469228055,1.3862943611198906,2.0794415416798357,2.1972245773362196,0.0,1.0986122886681098,1.0986122886681098,0.6931471805599453,0.6931471805599453,1.0986122886681098,0.0,1.0986122886681098,1.0986122886681098,0.0,0.0,0.0,1.0986122886681098,1.0986122886681098,0.0,1.0986122886681098,0.0,0.0,0.0,0.0,0.0,0.0,1.0986122886681098,0.0,1.0986122886681098,1.0986122886681098
60,Female,Second year,Mathematics,26-33,In the school's library,Alone,Learning by practicing;Mind mapping and visualization,Books;Online documents;YouTube videos,Yes,Pressure,Lack of time,Lack of previous knowledge or experience in the field,Teachers' teaching method,Bad quality of internet,Private life problems,Teaching language,Not having a good (powerful) computer,The lack of الشغف,4.0,Yes,5.0,4.0,Positively,8 hours or more,5.0,8.0,7.0,8.0,8.0,Lack of previous knowledge or experience in the field,You do not care about,2,1.0,13.0,12.0,12.0,High,Moderate,Very High,High,Very High,Very High,Moderate,Very High,Moderate,Low,Moderate,Very High,High,High,High,High,High,Moderate,High,Very High,Moderate,0,2,0,2,2,0,13,10,1,3,2,1,6,0,5,7,3,20,1,1,2,1,3,0,2,3,0,3,3,2,3,2,1,2,3,0,0,0,0,0,2,0,2,2,4.110873864173311,1.6094379124341003,1.791759469228055,1.6094379124341003,1.791759469228055,2.1972245773362196,2.0794415416798357,2.1972245773362196,2.1972245773362196,1.0986122886681098,0.6931471805599453,2.6390573296152584,2.5649493574615367,2.5649493574615367,0.0,1.0986122886681098,0.0,1.0986122886681098,1.0986122886681098,0.0,2.6390573296152584,2.3978952727983707,0.6931471805599453,1.3862943611198906,1.0986122886681098,0.6931471805599453,1.9459101490553132,0.0,1.791759469228055,2.0794415416798357,1.3862943611198906,3.044522437723423,0.6931471805599453,0.6931471805599453,1.0986122886681098,0.6931471805599453,1.3862943611198906,0.0,1.0986122886681098,1.3862943611198906,0.0,1.3862943611198906,1.3862943611198906,1.0986122886681098,1.3862943611198906,1.0986122886681098,0.6931471805599453,1.0986122886681098,1.3862943611198906,0.0,0.0,0.0,0.0,0.0,1.0986122886681098,0.0,1.0986122886681098,1.0986122886681098
61,Female,Second year,Mathematics,10-17,In your room (dorms),In peer,Learning by practicing,"Online documents, YouTube videos",No,Lack of previous knowledge or experience in the field,Teachers' teaching method,Bad quality of internet,Lack of previous knowledge or experience in the field,Lack of time,Teaching language,Private life problems,Not having a good (powerful) computer,Lack of motivation,2.0,Yes,5.0,4.0,You do not care about,5-7 hours,1.0,8.0,3.0,3.0,6.0,Pressure,Positively,2,1.0,14.0,10.0,12.0,High,Moderate,Very High,High,Very High,High,High,Very High,Moderate,Low,Moderate,Very High,High,High,High,High,High,Moderate,High,Very High,Low,0,2,0,0,3,1,0,19,0,1,6,0,1,2,7,5,3,8,1,2,1,4,1,0,2,3,0,3,0,0,3,2,1,2,3,0,0,0,0,0,2,0,2,1,4.127134385045092,1.0986122886681098,1.791759469228055,1.6094379124341003,0.6931471805599453,2.1972245773362196,1.3862943611198906,1.3862943611198906,1.9459101490553132,1.0986122886681098,0.6931471805599453,2.70805020110221,2.3978952727983707,2.5649493574615367,0.0,1.0986122886681098,0.0,0.0,1.3862943611198906,0.6931471805599453,0.0,2.995732273553991,0.0,0.6931471805599453,1.9459101490553132,0.0,0.6931471805599453,1.0986122886681098,2.0794415416798357,1.791759469228055,1.3862943611198906,2.1972245773362196,0.6931471805599453,1.0986122886681098,0.6931471805599453,1.6094379124341003,0.6931471805599453,0.0,1.0986122886681098,1.3862943611198906,0.0,1.3862943611198906,0.0,0.0,1.3862943611198906,1.0986122886681098,0.6931471805599453,1.0986122886681098,1.3862943611198906,0.0,0.0,0.0,0.0,0.0,1.0986122886681098,0.0,1.0986122886681098,0.6931471805599453
62,Female,Second year,Science,34-41,In your room (dorms),Alone,"Learning by practicing, Mind mapping and visualization, Online courses and tutorials","Books, Online tutorials, Online documents, YouTube videos",Yes,Lack of time,Pressure,Bad quality of internet,Lack of previous knowledge or experience in the field,Teachers' teaching method,Private life problems,Not having a good (powerful) computer,Teaching language,Lack of motivation,2.0,Yes,5.0,5.0,You do not care about,5-7 hours,1.0,8.0,5.0,5.0,8.0,Lack of previous knowledge or experience in the field,You do not care about,2,1.0,14.0,10.0,12.0,High,Moderate,Very High,High,Very High,High,Moderate,Very High,Moderate,Low,Moderate,Very High,Very High,High,High,High,High,Moderate,High,High,Moderate,0,2,1,3,3,0,5,4,1,2,4,0,1,6,5,3,7,8,1,2,1,1,3,0,2,3,0,3,0,2,3,2,1,2,3,2,0,0,0,0,2,0,0,2,4.143134726391533,1.0986122886681098,1.791759469228055,1.791759469228055,0.6931471805599453,2.1972245773362196,1.791759469228055,1.791759469228055,2.1972245773362196,1.0986122886681098,0.6931471805599453,2.70805020110221,2.3978952727983707,2.5649493574615367,0.0,1.0986122886681098,0.6931471805599453,1.3862943611198906,1.3862943611198906,0.0,1.791759469228055,1.6094379124341003,0.6931471805599453,1.0986122886681098,1.6094379124341003,0.0,0.6931471805599453,1.9459101490553132,1.791759469228055,1.3862943611198906,2.0794415416798357,2.1972245773362196,0.6931471805599453,1.0986122886681098,0.6931471805599453,0.6931471805599453,1.3862943611198906,0.0,1.0986122886681098,1.3862943611198906,0.0,1.3862943611198906,0.0,1.0986122886681098,1.3862943611198906,1.0986122886681098,0.6931471805599453,1.0986122886681098,1.3862943611198906,1.0986122886681098,0.0,0.0,0.0,0.0,1.0986122886681098,0.0,0.0,1.0986122886681098
63,Female,Second year,Science,18-25,In your room (dorms),In peer,Lectures;Learning by practicing;Project-based learning;Mind mapping and visualization;Online courses and tutorials,Books;Online tutorials;Online documents;YouTube videos,Yes,Teachers' teaching method,Pressure,Lack of time,Pressure,Bad quality of internet,Private life problems,Not having a good (powerful) computer,Teaching language,Lack of motivation,2.0,Yes,3.0,5.0,Negatively,5-7 hours,4.0,8.0,6.0,7.0,8.0,Lack of previous knowledge or experience in the field,You do not care about,2,2.0,14.0,10.0,12.0,High,Moderate,Very High,High,Very High,High,Moderate,Very High,Moderate,Low,Moderate,Very High,Very High,High,High,High,High,Moderate,High,High,Moderate,0,2,1,1,3,1,44,13,1,5,4,2,4,0,5,3,7,8,1,0,1,1,3,0,2,3,0,3,0,2,3,2,1,2,3,2,0,0,0,0,2,0,0,2,4.1588830833596715,1.0986122886681098,1.3862943611198906,1.791759469228055,1.6094379124341003,2.1972245773362196,1.9459101490553132,2.0794415416798357,2.1972245773362196,1.0986122886681098,1.0986122886681098,2.70805020110221,2.3978952727983707,2.5649493574615367,0.0,1.0986122886681098,0.6931471805599453,0.6931471805599453,1.3862943611198906,0.6931471805599453,3.8066624897703196,2.6390573296152584,0.6931471805599453,1.791759469228055,1.6094379124341003,1.0986122886681098,1.6094379124341003,0.0,1.791759469228055,1.3862943611198906,2.0794415416798357,2.1972245773362196,0.6931471805599453,0.0,0.6931471805599453,0.6931471805599453,1.3862943611198906,0.0,1.0986122886681098,1.3862943611198906,0.0,1.3862943611198906,0.0,1.0986122886681098,1.3862943611198906,1.0986122886681098,0.6931471805599453,1.0986122886681098,1.3862943611198906,1.0986122886681098,0.0,0.0,0.0,0.0,1.0986122886681098,0.0,0.0,1.0986122886681098
64,Female,Second year,Mathematics,26-33,In the school's library,In peer,"Learning by practicing, Mind mapping and visualization, Interactive workshops, Online courses and tutorials","Online tutorials, Online documents, YouTube videos",No,Teachers' teaching method,Lack of time,Lack of previous knowledge or experience in the field,Lack of previous knowledge or experience in the field,Pressure,Private life problems,Bad quality of internet,Teaching language,Lack of motivation,2.0,No,2.0,3.0,You do not care about,5-7 hours,3.0,8.0,5.0,4.0,7.0,Not having a good (powerful) computer,Positively,2,1.0,14.0,11.0,12.0,High,Moderate,Very High,High,Very High,High,High,Very High,Moderate,Low,Moderate,Very High,Very High,High,Very High,High,Moderate,Moderate,Moderate,Very High,Moderate,0,2,0,2,2,1,4,26,0,5,2,1,1,4,5,0,7,8,0,2,1,3,1,0,2,3,0,3,0,0,3,2,1,2,3,2,0,1,0,2,2,1,2,2,4.174387269895637,1.0986122886681098,1.0986122886681098,1.3862943611198906,1.3862943611198906,2.1972245773362196,1.791759469228055,1.6094379124341003,2.0794415416798357,1.0986122886681098,0.6931471805599453,2.70805020110221,2.4849066497880004,2.5649493574615367,0.0,1.0986122886681098,0.0,1.0986122886681098,1.0986122886681098,0.6931471805599453,1.6094379124341003,3.295836866004329,0.0,1.791759469228055,1.0986122886681098,0.6931471805599453,0.6931471805599453,1.6094379124341003,1.791759469228055,0.0,2.0794415416798357,2.1972245773362196,0.0,1.0986122886681098,0.6931471805599453,1.3862943611198906,0.6931471805599453,0.0,1.0986122886681098,1.3862943611198906,0.0,1.3862943611198906,0.0,0.0,1.3862943611198906,1.0986122886681098,0.6931471805599453,1.0986122886681098,1.3862943611198906,1.0986122886681098,0.0,0.6931471805599453,0.0,1.0986122886681098,1.0986122886681098,0.6931471805599453,1.0986122886681098,1.0986122886681098
65,Female,Second year,Mathematics,34-41,In your room (dorms),Alone,"Lectures, Learning by practicing, Mind mapping and visualization, Online courses and tutorials","Books, Online tutorials, Online documents, YouTube videos",Yes,Teachers' teaching method,Lack of time,Pressure,Lack of previous knowledge or experience in the field,Bad quality of internet,Teaching language,Lack of time,Lack of time,Lack of motivation,2.0,No,3.0,4.0,You do not care about,5-7 hours,3.0,8.0,7.0,7.0,7.0,Lack of previous knowledge or experience in the field,Positively,2,1.0,14.0,11.0,12.0,High,Moderate,Very High,High,Very High,High,Moderate,Very High,Moderate,Low,Moderate,Very High,Very High,High,High,Moderate,High,Moderate,High,Very High,Moderate,0,2,0,3,3,0,26,4,1,5,2,4,1,0,7,2,2,8,0,2,1,1,1,0,2,3,0,3,0,2,3,2,1,2,3,2,0,0,1,0,2,0,2,2,4.189654742026425,1.0986122886681098,1.3862943611198906,1.6094379124341003,1.3862943611198906,2.1972245773362196,2.0794415416798357,2.0794415416798357,2.0794415416798357,1.0986122886681098,0.6931471805599453,2.70805020110221,2.4849066497880004,2.5649493574615367,0.0,1.0986122886681098,0.0,1.3862943611198906,1.3862943611198906,0.0,3.295836866004329,1.6094379124341003,0.6931471805599453,1.791759469228055,1.0986122886681098,1.6094379124341003,0.6931471805599453,0.0,2.0794415416798357,1.0986122886681098,1.0986122886681098,2.1972245773362196,0.0,1.0986122886681098,0.6931471805599453,0.6931471805599453,0.6931471805599453,0.0,1.0986122886681098,1.3862943611198906,0.0,1.3862943611198906,0.0,1.0986122886681098,1.3862943611198906,1.0986122886681098,0.6931471805599453,1.0986122886681098,1.3862943611198906,1.0986122886681098,0.0,0.0,0.6931471805599453,0.0,1.0986122886681098,0.0,1.0986122886681098,1.0986122886681098
66,Female,Second year,Science,26-33,In your room (dorms),Alone,"Lectures, Learning by practicing, Online courses and tutorials","Online tutorials, Online documents",Yes,Lack of time,Pressure,Bad quality of internet,Lack of previous knowledge or experience in the field,Lack of previous knowledge or experience in the field,Private life problems,Teaching language,Not having a good (powerful) computer,Lack of motivation,2.0,Yes,4.0,2.0,You do not care about,5-7 hours,4.0,8.0,6.0,7.0,7.0,Teachers' teaching method,Negatively,2,1.0,14.0,11.0,12.0,High,Moderate,Very High,High,Very High,Very High,High,Very High,High,Low,Moderate,Very High,High,High,High,Moderate,High,Low,Moderate,Very High,Moderate,0,2,1,2,3,0,27,25,1,2,4,0,1,1,5,7,3,8,1,2,1,6,0,0,2,3,0,3,3,0,3,0,1,2,3,0,0,0,1,0,1,1,2,2,4.204692619390966,1.0986122886681098,1.6094379124341003,1.0986122886681098,1.6094379124341003,2.1972245773362196,1.9459101490553132,2.0794415416798357,2.0794415416798357,1.0986122886681098,0.6931471805599453,2.70805020110221,2.4849066497880004,2.5649493574615367,0.0,1.0986122886681098,0.6931471805599453,1.0986122886681098,1.3862943611198906,0.0,3.332204510175204,3.258096538021482,0.6931471805599453,1.0986122886681098,1.6094379124341003,0.0,0.6931471805599453,0.6931471805599453,1.791759469228055,2.0794415416798357,1.3862943611198906,2.1972245773362196,0.6931471805599453,1.0986122886681098,0.6931471805599453,1.9459101490553132,0.0,0.0,1.0986122886681098,1.3862943611198906,0.0,1.3862943611198906,1.3862943611198906,0.0,1.3862943611198906,0.0,0.6931471805599453,1.0986122886681098,1.3862943611198906,0.0,0.0,0.0,0.6931471805599453,0.0,0.6931471805599453,0.6931471805599453,1.0986122886681098,1.0986122886681098
67,Male,Second year,Mathematics,10-17,In your room (dorms),Alone,"Learning by practicing, Project-based learning, Online courses and tutorials","Books, Online tutorials, Online documents, YouTube videos",No,Pressure,Private life problems,Lack of time,Lack of previous knowledge or experience in the field,Teachers' teaching method,Bad quality of internet,Lack of previous knowledge or experience in the field,Teaching language,Lack of motivation,3.0,Yes,5.0,5.0,You do not care about,5-7 hours,4.0,9.0,7.0,7.0,8.0,Not having a good (powerful) computer,You do not care about,2,1.0,14.0,11.0,12.0,High,Moderate,Very High,High,Very High,Very High,High,Very High,Low,Low,Moderate,Very High,Very High,High,Very High,High,Moderate,High,High,High,Moderate,1,2,0,0,3,0,11,4,0,3,5,2,1,6,0,1,7,8,1,2,1,3,3,0,2,3,0,3,3,0,3,1,1,2,3,2,0,1,0,2,0,0,0,2,4.219507705176107,1.3862943611198906,1.791759469228055,1.791759469228055,1.6094379124341003,2.302585092994046,2.0794415416798357,2.0794415416798357,2.1972245773362196,1.0986122886681098,0.6931471805599453,2.70805020110221,2.4849066497880004,2.5649493574615367,0.6931471805599453,1.0986122886681098,0.0,0.0,1.3862943611198906,0.0,2.4849066497880004,1.6094379124341003,0.0,1.3862943611198906,1.791759469228055,1.0986122886681098,0.6931471805599453,1.9459101490553132,0.0,0.6931471805599453,2.0794415416798357,2.1972245773362196,0.6931471805599453,1.0986122886681098,0.6931471805599453,1.3862943611198906,1.3862943611198906,0.0,1.0986122886681098,1.3862943611198906,0.0,1.3862943611198906,1.3862943611198906,0.0,1.3862943611198906,0.6931471805599453,0.6931471805599453,1.0986122886681098,1.3862943611198906,1.0986122886681098,0.0,0.6931471805599453,0.0,1.0986122886681098,0.0,0.0,0.0,1.0986122886681098
68,Female,Second year,Mathematics,26-33,In your room (dorms),Alone,"Learning by practicing, Mind mapping and visualization, Interactive workshops","Books, Online tutorials",No,Private life problems,Pressure,Lack of time,Lack of previous knowledge or experience in the field,Teachers' teaching method,Bad quality of internet,Not having a good (powerful) computer,Teaching language,Lack of motivation,2.0,Yes,2.0,5.0,You do not care about,8 hours or more,1.0,8.0,5.0,4.0,6.0,Lack of previous knowledge or experience in the field,You do not care about,2,1.0,14.0,11.0,12.0,High,Moderate,Very High,High,Very High,Very High,Moderate,Very High,Moderate,Low,Moderate,Very High,High,High,Very High,Moderate,High,High,Moderate,High,Moderate,0,2,0,2,3,0,3,3,0,4,4,2,1,6,0,3,7,8,1,2,2,1,3,0,2,3,0,3,3,2,3,2,1,2,3,0,0,1,1,0,0,1,0,2,4.23410650459726,1.0986122886681098,1.0986122886681098,1.791759469228055,0.6931471805599453,2.1972245773362196,1.791759469228055,1.6094379124341003,1.9459101490553132,1.0986122886681098,0.6931471805599453,2.70805020110221,2.4849066497880004,2.5649493574615367,0.0,1.0986122886681098,0.0,1.0986122886681098,1.3862943611198906,0.0,1.3862943611198906,1.3862943611198906,0.0,1.6094379124341003,1.6094379124341003,1.0986122886681098,0.6931471805599453,1.9459101490553132,0.0,1.3862943611198906,2.0794415416798357,2.1972245773362196,0.6931471805599453,1.0986122886681098,1.0986122886681098,0.6931471805599453,1.3862943611198906,0.0,1.0986122886681098,1.3862943611198906,0.0,1.3862943611198906,1.3862943611198906,1.0986122886681098,1.3862943611198906,1.0986122886681098,0.6931471805599453,1.0986122886681098,1.3862943611198906,0.0,0.0,0.6931471805599453,0.6931471805599453,0.0,0.0,0.6931471805599453,0.0,1.0986122886681098
69,Male,Second year,Science,26-33,In your room (dorms),Alone,"Lectures, Learning by practicing, Project-based learning, Mind mapping and visualization, Online courses and tutorials","Online tutorials, Online documents, YouTube videos",No,Teachers' teaching method,Lack of time,Private life problems,Lack of previous knowledge or experience in the field,Pressure,Lack of previous knowledge or experience in the field,Bad quality of internet,Not having a good (powerful) computer,Lack of motivation,2.0,No,3.0,4.0,You do not care about,5-7 hours,3.0,6.0,8.0,7.0,6.0,Teaching language,Negatively,2,1.0,14.0,12.0,12.0,High,Moderate,Very High,High,Very High,High,High,Very High,Moderate,Low,Moderate,Very High,High,High,High,High,High,High,High,High,Low,1,2,1,2,3,0,32,26,0,5,2,5,1,4,1,0,3,8,0,2,1,7,0,0,2,3,0,3,0,0,3,2,1,2,3,0,0,0,0,0,0,0,0,1,4.248495242049359,1.0986122886681098,1.3862943611198906,1.6094379124341003,1.3862943611198906,1.9459101490553132,2.1972245773362196,2.0794415416798357,1.9459101490553132,1.0986122886681098,0.6931471805599453,2.70805020110221,2.5649493574615367,2.5649493574615367,0.6931471805599453,1.0986122886681098,0.6931471805599453,1.0986122886681098,1.3862943611198906,0.0,3.4965075614664802,3.295836866004329,0.0,1.791759469228055,1.0986122886681098,1.791759469228055,0.6931471805599453,1.6094379124341003,0.6931471805599453,0.0,1.3862943611198906,2.1972245773362196,0.0,1.0986122886681098,0.6931471805599453,2.0794415416798357,0.0,0.0,1.0986122886681098,1.3862943611198906,0.0,1.3862943611198906,0.0,0.0,1.3862943611198906,1.0986122886681098,0.6931471805599453,1.0986122886681098,1.3862943611198906,0.0,0.0,0.0,0.0,0.0,0.0,0.0,0.0,0.6931471805599453
70,Female,Second year,Science,26-33,In your room (dorms),In peer,Lectures;Learning by practicing;Mind mapping and visualization,Books;YouTube videos,No,Teachers' teaching method,Pressure,Private life problems,Lack of time,Lack of previous knowledge or experience in the field,Bad quality of internet,Teaching language,Not having a good (powerful) computer,Lack of motivation,2.0,No,5.0,3.0,Positively,5-7 hours,3.0,7.0,6.0,6.0,7.0,Lack of previous knowledge or experience in the field,You do not care about,2,1.0,13.0,12.0,13.0,Moderate,High,High,High,High,High,High,High,Moderate,Low,Moderate,High,High,High,High,High,High,High,High,High,Low,0,2,1,2,3,1,38,16,0,5,4,5,2,1,0,7,3,8,0,1,1,1,3,2,0,0,0,0,0,0,0,2,1,2,0,0,0,0,0,0,0,0,0,1,4.2626798770413155,1.0986122886681098,1.791759469228055,1.3862943611198906,1.3862943611198906,2.0794415416798357,1.9459101490553132,1.9459101490553132,2.0794415416798357,1.0986122886681098,0.6931471805599453,2.6390573296152584,2.5649493574615367,2.6390573296152584,0.0,1.0986122886681098,0.6931471805599453,1.0986122886681098,1.3862943611198906,0.6931471805599453,3.6635616461296463,2.833213344056216,0.0,1.791759469228055,1.6094379124341003,1.791759469228055,1.0986122886681098,0.6931471805599453,0.0,2.0794415416798357,1.3862943611198906,2.1972245773362196,0.0,0.6931471805599453,0.6931471805599453,0.6931471805599453,1.3862943611198906,1.0986122886681098,0.0,0.0,0.0,0.0,0.0,0.0,0.0,1.0986122886681098,0.6931471805599453,1.0986122886681098,0.0,0.0,0.0,0.0,0.0,0.0,0.0,0.0,0.0,0.6931471805599453
71,Female,Second year,Mathematics,34-41,In your room (dorms),Alone,Learning by practicing;Mind mapping and visualization,Online tutorials;Online documents;YouTube videos,No,Pressure,Lack of time,Bad quality of internet,Teachers' teaching method,Lack of previous knowledge or experience in the field,Private life problems,Teaching language,Not having a good (powerful) computer,Lack of motivation,2.0,Yes,3.0,5.0,You do not care about,5-7 hours,4.0,8.0,5.0,6.0,6.0,Lack of previous knowledge or experience in the field,You do not care about,2,1.0,13.0,12.0,13.0,Moderate,Moderate,Moderate,High,Very High,High,Moderate,High,Moderate,Moderate,Moderate,Very High,High,High,High,High,High,High,High,High,Low,0,2,0,3,3,0,13,31,0,3,2,0,6,1,5,7,3,8,1,2,1,1,3,2,2,2,0,3,0,2,0,2,2,2,3,0,0,0,0,0,0,0,0,1,4.276666119016055,1.0986122886681098,1.3862943611198906,1.791759469228055,1.6094379124341003,2.1972245773362196,1.791759469228055,1.9459101490553132,1.9459101490553132,1.0986122886681098,0.6931471805599453,2.6390573296152584,2.5649493574615367,2.6390573296152584,0.0,1.0986122886681098,0.0,1.3862943611198906,1.3862943611198906,0.0,2.6390573296152584,3.4657359027997265,0.0,1.3862943611198906,1.0986122886681098,0.0,1.9459101490553132,0.6931471805599453,1.791759469228055,2.0794415416798357,1.3862943611198906,2.1972245773362196,0.6931471805599453,1.0986122886681098,0.6931471805599453,0.6931471805599453,1.3862943611198906,1.0986122886681098,1.0986122886681098,1.0986122886681098,0.0,1.3862943611198906,0.0,1.0986122886681098,0.0,1.0986122886681098,1.0986122886681098,1.0986122886681098,1.3862943611198906,0.0,0.0,0.0,0.0,0.0,0.0,0.0,0.0,0.6931471805599453
72,Male,Second year,Science,18-25,In your room (dorms),Alone,Lectures;Learning by practicing;Online courses and tutorials,Books,No,Lack of time,Pressure,Lack of previous knowledge or experience in the field,Teachers' teaching method,Teaching language,Private life problems,Bad quality of internet,Not having a good (powerful) computer,Lack of motivation,3.0,Yes,4.0,5.0,You do not care about,8 hours or more,4.0,6.0,7.0,6.0,5.0,Lack of previous knowledge or experience in the field,You do not care about,2,2.0,13.0,12.0,13.0,Moderate,Moderate,High,High,High,Moderate,High,High,High,High,Moderate,High,High,High,High,High,High,High,High,High,Low,1,2,1,1,3,0,40,0,0,2,4,1,6,7,5,0,3,8,1,2,2,1,3,2,2,0,0,0,2,0,0,0,0,2,0,0,0,0,0,0,0,0,0,1,4.290459441148391,1.3862943611198906,1.6094379124341003,1.791759469228055,1.6094379124341003,1.9459101490553132,2.0794415416798357,1.9459101490553132,1.791759469228055,1.0986122886681098,1.0986122886681098,2.6390573296152584,2.5649493574615367,2.6390573296152584,0.6931471805599453,1.0986122886681098,0.6931471805599453,0.6931471805599453,1.3862943611198906,0.0,3.713572066704308,0.0,0.0,1.0986122886681098,1.6094379124341003,0.6931471805599453,1.9459101490553132,2.0794415416798357,1.791759469228055,0.0,1.3862943611198906,2.1972245773362196,0.6931471805599453,1.0986122886681098,1.0986122886681098,0.6931471805599453,1.3862943611198906,1.0986122886681098,1.0986122886681098,0.0,0.0,0.0,1.0986122886681098,0.0,0.0,0.0,0.0,1.0986122886681098,0.0,0.0,0.0,0.0,0.0,0.0,0.0,0.0,0.0,0.6931471805599453
73,Male,Third year,Mathematics,10-17,In your room (dorms),In peer,Lectures;Project-based learning,Online documents;YouTube videos,No,Teachers' teaching method,Pressure,Lack of previous knowledge or experience in the field,Lack of time,Bad quality of internet,Teaching language,Private life problems,Not having a good (powerful) computer,"Guergour, thabet, dib, w abdou jirani, nahkiw mashi n9raw ( w mouchaal lol)",3.0,Yes,4.0,4.0,Negatively,8 hours or more,4.0,7.0,6.0,7.0,5.0,Bad quality of internet,You do not care about,3,2.0,13.0,12.0,13.0,High,High,High,High,High,Moderate,High,High,Moderate,High,Moderate,High,High,High,High,High,High,High,High,High,Low,1,3,0,0,3,1,48,22,0,5,4,1,2,0,7,5,3,4,1,0,2,0,3,0,0,0,0,0,2,0,0,2,0,2,0,0,0,0,0,0,0,0,0,1,4.30406509320417,1.3862943611198906,1.6094379124341003,1.6094379124341003,1.6094379124341003,2.0794415416798357,1.9459101490553132,2.0794415416798357,1.791759469228055,1.3862943611198906,1.0986122886681098,2.6390573296152584,2.5649493574615367,2.6390573296152584,0.6931471805599453,1.3862943611198906,0.0,0.0,1.3862943611198906,0.6931471805599453,3.8918202981106265,3.1354942159291497,0.0,1.791759469228055,1.6094379124341003,0.6931471805599453,1.0986122886681098,0.0,2.0794415416798357,1.791759469228055,1.3862943611198906,1.6094379124341003,0.6931471805599453,0.0,1.0986122886681098,0.0,1.3862943611198906,0.0,0.0,0.0,0.0,0.0,1.0986122886681098,0.0,0.0,1.0986122886681098,0.0,1.0986122886681098,0.0,0.0,0.0,0.0,0.0,0.0,0.0,0.0,0.0,0.6931471805599453
74,Male,Second year,Technical maths,18-25,In your room (dorms),Alone,"Lectures, Learning by practicing, Online courses and tutorials","Online documents, YouTube videos",No,Teaching language,Lack of time,Teachers' teaching method,Lack of previous knowledge or experience in the field,Pressure,Bad quality of internet,Private life problems,Not having a good (powerful) computer,Lack of motivation,1.0,Yes,2.0,3.0,You do not care about,8 hours or more,3.0,2.0,6.0,6.0,8.0,Lack of previous knowledge or experience in the field,You do not care about,2,1.0,13.0,13.0,13.0,High,High,High,High,High,High,High,High,High,High,Moderate,High,High,High,Very High,High,Moderate,High,Very High,High,Moderate,1,2,2,1,3,0,27,19,0,6,2,6,1,4,0,5,3,8,1,2,2,1,3,0,0,0,0,0,0,0,0,0,0,2,0,0,0,1,0,2,0,2,0,2,4.31748811353631,0.6931471805599453,1.0986122886681098,1.3862943611198906,1.3862943611198906,1.0986122886681098,1.9459101490553132,1.9459101490553132,2.1972245773362196,1.0986122886681098,0.6931471805599453,2.6390573296152584,2.6390573296152584,2.6390573296152584,0.6931471805599453,1.0986122886681098,1.0986122886681098,0.6931471805599453,1.3862943611198906,0.0,3.332204510175204,2.995732273553991,0.0,1.9459101490553132,1.0986122886681098,1.9459101490553132,0.6931471805599453,1.6094379124341003,0.0,1.791759469228055,1.3862943611198906,2.1972245773362196,0.6931471805599453,1.0986122886681098,1.0986122886681098,0.6931471805599453,1.3862943611198906,0.0,0.0,0.0,0.0,0.0,0.0,0.0,0.0,0.0,0.0,1.0986122886681098,0.0,0.0,0.0,0.6931471805599453,0.0,1.0986122886681098,0.0,1.0986122886681098,0.0,1.0986122886681098
75,Female,Second year,Science,18-25,In the school's library,With a group,Learning by practicing;Project-based learning;Mind mapping and visualization,YouTube videos,Yes,Lack of time,Bad quality of internet,Private life problems,Pressure,Teachers' teaching method,Lack of previous knowledge or experience in the field,Not having a good (powerful) computer,Teaching language,Lack of motivation,3.0,Yes,4.0,4.0,Positively,5-7 hours,5.0,8.0,6.0,7.0,7.0,Lack of previous knowledge or experience in the field,You do not care about,2,1.0,13.0,13.0,13.0,Moderate,Moderate,Moderate,Moderate,Very High,High,High,High,Moderate,High,Moderate,High,High,High,Very High,High,Moderate,High,Very High,High,Moderate,0,2,1,1,2,2,18,36,1,2,0,5,4,6,1,3,7,8,1,1,1,1,3,2,2,2,2,3,0,0,0,2,0,2,0,0,0,1,0,2,0,2,0,2,4.330733340286331,1.3862943611198906,1.6094379124341003,1.6094379124341003,1.791759469228055,2.1972245773362196,1.9459101490553132,2.0794415416798357,2.0794415416798357,1.0986122886681098,0.6931471805599453,2.6390573296152584,2.6390573296152584,2.6390573296152584,0.0,1.0986122886681098,0.6931471805599453,0.6931471805599453,1.0986122886681098,1.0986122886681098,2.9444389791664403,3.6109179126442243,0.6931471805599453,1.0986122886681098,0.0,1.791759469228055,1.6094379124341003,1.9459101490553132,0.6931471805599453,1.3862943611198906,2.0794415416798357,2.1972245773362196,0.6931471805599453,0.6931471805599453,0.6931471805599453,0.6931471805599453,1.3862943611198906,1.0986122886681098,1.0986122886681098,1.0986122886681098,1.0986122886681098,1.3862943611198906,0.0,0.0,0.0,1.0986122886681098,0.0,1.0986122886681098,0.0,0.0,0.0,0.6931471805599453,0.0,1.0986122886681098,0.0,1.0986122886681098,0.0,1.0986122886681098
76,Male,Second year,Mathematics,10-17,In your room (dorms),Alone,Learning by practicing,Online documents,No,Pressure,Teaching language,Teachers' teaching method,Lack of previous knowledge or experience in the field,Bad quality of internet,Lack of previous knowledge or experience in the field,Private life problems,Bad quality of internet,Lack of motivation,2.0,Yes,2.0,3.0,You do not care about,5-7 hours,4.0,6.0,8.0,9.0,7.0,Lack of time,You do not care about,2,1.0,13.0,13.0,13.0,Moderate,Moderate,Moderate,Moderate,Very High,High,High,High,Moderate,High,Moderate,High,High,High,High,High,Moderate,High,High,High,High,1,2,0,0,3,0,0,18,0,3,7,6,1,0,1,5,0,8,1,2,1,2,3,2,2,2,2,3,0,0,0,2,0,2,0,0,0,0,0,2,0,0,0,0,4.343805421853684,1.0986122886681098,1.0986122886681098,1.3862943611198906,1.6094379124341003,1.9459101490553132,2.1972245773362196,2.302585092994046,2.0794415416798357,1.0986122886681098,0.6931471805599453,2.6390573296152584,2.6390573296152584,2.6390573296152584,0.6931471805599453,1.0986122886681098,0.0,0.0,1.3862943611198906,0.0,0.0,2.9444389791664403,0.0,1.3862943611198906,2.0794415416798357,1.9459101490553132,0.6931471805599453,0.0,0.6931471805599453,1.791759469228055,0.0,2.1972245773362196,0.6931471805599453,1.0986122886681098,0.6931471805599453,1.0986122886681098,1.3862943611198906,1.0986122886681098,1.0986122886681098,1.0986122886681098,1.0986122886681098,1.3862943611198906,0.0,0.0,0.0,1.0986122886681098,0.0,1.0986122886681098,0.0,0.0,0.0,0.0,0.0,1.0986122886681098,0.0,0.0,0.0,0.0
77,Female,Second year,Mathematics,34-41,In the school's library,Alone,Lectures;Learning by practicing;Mind mapping and visualization;Online courses and tutorials,Books;Online tutorials;Online documents;YouTube videos,No,Pressure,Lack of time,Teachers' teaching method,Lack of previous knowledge or experience in the field,Bad quality of internet,Private life problems,Not having a good (powerful) computer,Teaching language,Lack of motivation,3.0,Yes,5.0,5.0,You do not care about,5-7 hours,2.0,10.0,9.0,7.0,8.0,Lack of previous knowledge or experience in the field,You do not care about,2,1.0,13.0,13.0,13.0,Moderate,Moderate,Moderate,High,High,High,High,High,Moderate,Moderate,High,High,High,High,High,High,Moderate,High,High,High,High,0,2,0,3,2,0,39,13,0,3,2,6,1,0,5,3,7,8,1,2,1,1,3,2,2,2,0,0,0,0,0,2,2,0,0,0,0,0,0,2,0,0,0,0,4.356708826689592,1.3862943611198906,1.791759469228055,1.791759469228055,1.0986122886681098,2.3978952727983707,2.302585092994046,2.0794415416798357,2.1972245773362196,1.0986122886681098,0.6931471805599453,2.6390573296152584,2.6390573296152584,2.6390573296152584,0.0,1.0986122886681098,0.0,1.3862943611198906,1.0986122886681098,0.0,3.6888794541139363,2.6390573296152584,0.0,1.3862943611198906,1.0986122886681098,1.9459101490553132,0.6931471805599453,0.0,1.791759469228055,1.3862943611198906,2.0794415416798357,2.1972245773362196,0.6931471805599453,1.0986122886681098,0.6931471805599453,0.6931471805599453,1.3862943611198906,1.0986122886681098,1.0986122886681098,1.0986122886681098,0.0,0.0,0.0,0.0,0.0,1.0986122886681098,1.0986122886681098,0.0,0.0,0.0,0.0,0.0,0.0,1.0986122886681098,0.0,0.0,0.0,0.0
78,Male,Fourth year,Technical maths,10-17,In your room (dorms),Alone,Mind mapping and visualization,Books;YouTube videos,Yes,Private life problems,Lack of time,Pressure,Teachers' teaching method,Pressure,Bad quality of internet,Lack of previous knowledge or experience in the field,Not having a good (powerful) computer,"The not organized study schedule put by the school , some modules requires TD and they do not have ...",1.0,No,2.0,3.0,You do not care about,8 hours or more,2.0,7.0,5.0,5.0,5.0,Unknown,Unknown,4,3.0,13.0,13.0,13.0,High,High,High,High,Very High,Low,Moderate,Moderate,High,High,High,High,High,High,High,High,Moderate,High,High,High,High,1,1,2,0,3,0,50,16,1,4,2,4,6,4,0,1,3,21,0,2,2,8,2,0,0,0,0,3,1,2,2,0,0,0,0,0,0,0,0,2,0,0,0,0,4.3694478524670215,0.6931471805599453,1.0986122886681098,1.3862943611198906,1.0986122886681098,2.0794415416798357,1.791759469228055,1.791759469228055,1.791759469228055,1.6094379124341003,1.3862943611198906,2.6390573296152584,2.6390573296152584,2.6390573296152584,0.6931471805599453,0.6931471805599453,1.0986122886681098,0.0,1.3862943611198906,0.0,3.9318256327243257,2.833213344056216,0.6931471805599453,1.6094379124341003,1.0986122886681098,1.6094379124341003,1.9459101490553132,1.6094379124341003,0.0,0.6931471805599453,1.3862943611198906,3.091042453358316,0.0,1.0986122886681098,1.0986122886681098,2.1972245773362196,1.0986122886681098,0.0,0.0,0.0,0.0,1.3862943611198906,0.6931471805599453,1.0986122886681098,1.0986122886681098,0.0,0.0,0.0,0.0,0.0,0.0,0.0,0.0,1.0986122886681098,0.0,0.0,0.0,0.0
79,Female,Second year,Mathematics,18-25,In your room (dorms),Alone,Online courses and tutorials,Online tutorials;YouTube videos;Private courses,No,Teachers' teaching method,Lack of time,Lack of time,Lack of previous knowledge or experience in the field,Teaching language,Teaching language,Not having a good (powerful) computer,Private life problems,Lack of motivation,3.0,Yes,4.0,4.0,Negatively,5-7 hours,3.0,8.0,8.0,7.0,7.0,Lack of previous knowledge or experience in the field,You do not care about,2,1.0,13.0,13.0,13.0,High,Moderate,Moderate,Moderate,High,Moderate,Moderate,Very High,High,High,High,High,High,High,High,High,Moderate,High,High,High,High,0,2,0,1,3,0,54,35,0,5,2,2,1,7,7,3,5,8,1,0,1,1,3,0,2,2,2,0,2,2,3,0,0,0,0,0,0,0,0,2,0,0,0,0,4.382026634673881,1.3862943611198906,1.6094379124341003,1.6094379124341003,1.3862943611198906,2.1972245773362196,2.1972245773362196,2.0794415416798357,2.0794415416798357,1.0986122886681098,0.6931471805599453,2.6390573296152584,2.6390573296152584,2.6390573296152584,0.0,1.0986122886681098,0.0,0.6931471805599453,1.3862943611198906,0.0,4.007333185232471,3.58351893845611,0.0,1.791759469228055,1.0986122886681098,1.0986122886681098,0.6931471805599453,2.0794415416798357,2.0794415416798357,1.3862943611198906,1.791759469228055,2.1972245773362196,0.6931471805599453,0.0,0.6931471805599453,0.6931471805599453,1.3862943611198906,0.0,1.0986122886681098,1.0986122886681098,1.0986122886681098,0.0,1.0986122886681098,1.0986122886681098,1.3862943611198906,0.0,0.0,0.0,0.0,0.0,0.0,0.0,0.0,1.0986122886681098,0.0,0.0,0.0,0.0
80,Male,Fourth year,Technical maths,10-17,At home,In peer,Lectures;Learning by practicing;Project-based learning;Online courses and tutorials,Books;Online documents,No,Pressure,Teachers' teaching method,Lack of previous knowledge or experience in the field,Not having a good (powerful) computer,Bad quality of internet,Private life problems,Teaching language,Lack of time,"The not organized study schedule put by the school , some modules requires TD and they do not have ...",2.0,No,3.0,4.0,You do not care about,5-7 hours,3.0,7.0,7.0,7.0,6.0,Unknown,Unknown,4,3.0,13.0,13.0,13.0,Moderate,Moderate,Moderate,Moderate,High,Moderate,High,Moderate,Moderate,High,Moderate,Moderate,High,High,High,High,Moderate,High,High,High,High,1,1,2,0,0,1,45,8,0,3,6,1,3,0,5,7,2,21,0,2,1,8,2,2,2,2,2,0,2,0,2,2,0,2,2,0,0,0,0,2,0,0,0,0,4.394449154672439,1.0986122886681098,1.3862943611198906,1.6094379124341003,1.3862943611198906,2.0794415416798357,2.0794415416798357,2.0794415416798357,1.9459101490553132,1.6094379124341003,1.3862943611198906,2.6390573296152584,2.6390573296152584,2.6390573296152584,0.6931471805599453,0.6931471805599453,1.0986122886681098,0.0,0.0,0.6931471805599453,3.828641396489095,2.1972245773362196,0.0,1.3862943611198906,1.9459101490553132,0.6931471805599453,1.3862943611198906,0.0,1.791759469228055,2.0794415416798357,1.0986122886681098,3.091042453358316,0.0,1.0986122886681098,0.6931471805599453,2.1972245773362196,1.0986122886681098,1.0986122886681098,1.0986122886681098,1.0986122886681098,1.0986122886681098,0.0,1.0986122886681098,0.0,1.0986122886681098,1.0986122886681098,0.0,1.0986122886681098,1.0986122886681098,0.0,0.0,0.0,0.0,1.0986122886681098,0.0,0.0,0.0,0.0
81,Female,Second year,Science,26-33,In your room (dorms),Alone,Lectures;Learning by practicing;Mind mapping and visualization;Online courses and tutorials,Online tutorials;Online documents;YouTube videos;Chat Gpt,No,Pressure,Teachers' teaching method,Lack of time,Lack of previous knowledge or experience in the field,Bad quality of internet,Private life problems,Teaching language,Not having a good (powerful) computer,Lack of motivation,2.0,Yes,4.0,4.0,Positively,5-7 hours,2.0,7.0,7.0,6.0,5.0,Lack of previous knowledge or experience in the field,You do not care about,2,1.0,13.0,13.0,13.0,High,High,High,Moderate,Moderate,Moderate,High,High,Moderate,Moderate,Moderate,High,High,High,High,High,Moderate,High,High,High,High,0,2,1,2,3,0,39,33,0,3,6,2,1,0,5,7,3,8,1,1,1,1,3,0,0,0,2,2,2,0,0,2,2,2,0,0,0,0,0,2,0,0,0,0,4.406719247264253,1.0986122886681098,1.6094379124341003,1.6094379124341003,1.0986122886681098,2.0794415416798357,2.0794415416798357,1.9459101490553132,1.791759469228055,1.0986122886681098,0.6931471805599453,2.6390573296152584,2.6390573296152584,2.6390573296152584,0.0,1.0986122886681098,0.6931471805599453,1.0986122886681098,1.3862943611198906,0.0,3.6888794541139363,3.5263605246161616,0.0,1.3862943611198906,1.9459101490553132,1.0986122886681098,0.6931471805599453,0.0,1.791759469228055,2.0794415416798357,1.3862943611198906,2.1972245773362196,0.6931471805599453,0.6931471805599453,0.6931471805599453,0.6931471805599453,1.3862943611198906,0.0,0.0,0.0,1.0986122886681098,1.0986122886681098,1.0986122886681098,0.0,0.0,1.0986122886681098,1.0986122886681098,1.0986122886681098,0.0,0.0,0.0,0.0,0.0,1.0986122886681098,0.0,0.0,0.0,0.0
82,Male,Second year,Technical maths,10-17,In your room (dorms),Alone,Learning by practicing;Mind mapping and visualization;Online courses and tutorials,Books;Online documents;YouTube videos,Yes,Pressure,Lack of time,Teaching language,Lack of previous knowledge or experience in the field,Bad quality of internet,Teachers' teaching method,Not having a good (powerful) computer,Private life problems,Lack of motivation,2.0,No,1.0,2.0,You do not care about,8 hours or more,1.0,3.0,4.0,2.0,3.0,Lack of previous knowledge or experience in the field,You do not care about,2,1.0,13.0,13.0,13.0,Moderate,High,Very Low,Moderate,Very Low,Very Low,Moderate,Low,Low,Moderate,Moderate,Very Low,High,High,High,High,Moderate,High,High,High,High,1,2,2,0,3,0,15,10,1,3,2,7,1,0,6,3,5,8,0,2,2,1,3,2,0,4,2,4,4,2,1,1,2,2,4,0,0,0,0,2,0,0,0,0,4.418840607796598,1.0986122886681098,0.6931471805599453,1.0986122886681098,0.6931471805599453,1.3862943611198906,1.6094379124341003,1.0986122886681098,1.3862943611198906,1.0986122886681098,0.6931471805599453,2.6390573296152584,2.6390573296152584,2.6390573296152584,0.6931471805599453,1.0986122886681098,1.0986122886681098,0.0,1.3862943611198906,0.0,2.772588722239781,2.3978952727983707,0.6931471805599453,1.3862943611198906,1.0986122886681098,2.0794415416798357,0.6931471805599453,0.0,1.9459101490553132,1.3862943611198906,1.791759469228055,2.1972245773362196,0.0,1.0986122886681098,1.0986122886681098,0.6931471805599453,1.3862943611198906,1.0986122886681098,0.0,1.6094379124341003,1.0986122886681098,1.6094379124341003,1.6094379124341003,1.0986122886681098,0.6931471805599453,0.6931471805599453,1.0986122886681098,1.0986122886681098,1.6094379124341003,0.0,0.0,0.0,0.0,1.0986122886681098,0.0,0.0,0.0,0.0
83,Male,Third year,Mathematics,10-17,In your room (dorms),Alone,Mind mapping and visualization;Online courses and tutorials,Books;Online documents,Yes,Lack of time,Pressure,Private life problems,Teachers' teaching method,Lack of previous knowledge or experience in the field,Not having a good (powerful) computer,Teaching language,Bad quality of internet,"Guergour, thabet, dib, w abdou jirani, nahkiw mashi n9raw ( w mouchaal lol)",3.0,No,3.0,3.0,Negatively,8 hours or more,2.0,7.0,6.0,6.0,7.0,Bad quality of internet,You do not care about,3,2.0,13.0,13.0,13.0,Moderate,High,Very Low,Moderate,Very Low,Very Low,Moderate,Low,Low,Moderate,Moderate,Very Low,High,High,High,High,Moderate,High,High,High,High,1,3,0,0,3,0,53,8,1,2,4,5,6,1,3,7,0,4,0,0,2,0,3,2,0,4,2,4,4,2,1,1,2,2,4,0,0,0,0,2,0,0,0,0,4.430816798843313,1.3862943611198906,1.3862943611198906,1.3862943611198906,1.0986122886681098,2.0794415416798357,1.9459101490553132,1.9459101490553132,2.0794415416798357,1.3862943611198906,1.0986122886681098,2.6390573296152584,2.6390573296152584,2.6390573296152584,0.6931471805599453,1.3862943611198906,0.0,0.0,1.3862943611198906,0.0,3.9889840465642745,2.1972245773362196,0.6931471805599453,1.0986122886681098,1.6094379124341003,1.791759469228055,1.9459101490553132,0.6931471805599453,1.3862943611198906,2.0794415416798357,0.0,1.6094379124341003,0.0,0.0,1.0986122886681098,0.0,1.3862943611198906,1.0986122886681098,0.0,1.6094379124341003,1.0986122886681098,1.6094379124341003,1.6094379124341003,1.0986122886681098,0.6931471805599453,0.6931471805599453,1.0986122886681098,1.0986122886681098,1.6094379124341003,0.0,0.0,0.0,0.0,1.0986122886681098,0.0,0.0,0.0,0.0
84,Female,Fourth year,Mathematics,10-17,In your room (dorms),Alone,Learning by practicing;Project-based learning;Mind mapping and visualization,Online tutorials;YouTube videos,Yes,Lack of time,Bad quality of internet,Lack of previous knowledge or experience in the field,Pressure,Not having a good (powerful) computer,Private life problems,Teachers' teaching method,Teaching language,"The not organized study schedule put by the school , some modules requires TD and they do not have ...",2.0,Yes,4.0,4.0,You do not care about,5-7 hours,4.0,9.0,7.0,9.0,8.0,Unknown,Unknown,4,3.0,13.0,13.0,13.0,Moderate,High,Very Low,Moderate,Very Low,Very Low,Moderate,Low,Low,Moderate,Moderate,Very Low,High,High,High,High,Moderate,High,High,High,High,0,1,0,0,3,0,18,34,1,2,0,1,4,3,5,6,7,21,1,2,1,8,2,2,0,4,2,4,4,2,1,1,2,2,4,0,0,0,0,2,0,0,0,0,4.442651256490317,1.0986122886681098,1.6094379124341003,1.6094379124341003,1.6094379124341003,2.302585092994046,2.0794415416798357,2.302585092994046,2.1972245773362196,1.6094379124341003,1.3862943611198906,2.6390573296152584,2.6390573296152584,2.6390573296152584,0.0,0.6931471805599453,0.0,0.0,1.3862943611198906,0.0,2.9444389791664403,3.5553480614894135,0.6931471805599453,1.0986122886681098,0.0,0.6931471805599453,1.6094379124341003,1.3862943611198906,1.791759469228055,1.9459101490553132,2.0794415416798357,3.091042453358316,0.6931471805599453,1.0986122886681098,0.6931471805599453,2.1972245773362196,1.0986122886681098,1.0986122886681098,0.0,1.6094379124341003,1.0986122886681098,1.6094379124341003,1.6094379124341003,1.0986122886681098,0.6931471805599453,0.6931471805599453,1.0986122886681098,1.0986122886681098,1.6094379124341003,0.0,0.0,0.0,0.0,1.0986122886681098,0.0,0.0,0.0,0.0
85,Female,Third year,Science,26-33,At home,Alone,Lectures;Learning by practicing;Mind mapping and visualization,Online tutorials;Online documents,No,Lack of time,Pressure,Teachers' teaching method,Lack of previous knowledge or experience in the field,Bad quality of internet,Private life problems,Teaching language,Not having a good (powerful) computer,"Guergour, thabet, dib, w abdou jirani, nahkiw mashi n9raw ( w mouchaal lol)",2.0,No,2.0,4.0,Negatively,5-7 hours,5.0,8.0,7.0,6.0,7.0,Bad quality of internet,You do not care about,3,2.0,13.0,13.0,13.0,Moderate,High,Very Low,Moderate,Very Low,Very Low,Moderate,Low,Low,Moderate,Moderate,Very Low,High,High,High,High,Moderate,High,High,High,High,0,3,1,2,0,0,38,30,0,2,4,6,1,0,5,7,3,4,0,0,1,0,3,2,0,4,2,4,4,2,1,1,2,2,4,0,0,0,0,2,0,0,0,0,4.454347296253507,1.0986122886681098,1.0986122886681098,1.6094379124341003,1.791759469228055,2.1972245773362196,2.0794415416798357,1.9459101490553132,2.0794415416798357,1.3862943611198906,1.0986122886681098,2.6390573296152584,2.6390573296152584,2.6390573296152584,0.0,1.3862943611198906,0.6931471805599453,1.0986122886681098,0.0,0.0,3.6635616461296463,3.4339872044851463,0.0,1.0986122886681098,1.6094379124341003,1.9459101490553132,0.6931471805599453,0.0,1.791759469228055,2.0794415416798357,1.3862943611198906,1.6094379124341003,0.0,0.0,0.6931471805599453,0.0,1.3862943611198906,1.0986122886681098,0.0,1.6094379124341003,1.0986122886681098,1.6094379124341003,1.6094379124341003,1.0986122886681098,0.6931471805599453,0.6931471805599453,1.0986122886681098,1.0986122886681098,1.6094379124341003,0.0,0.0,0.0,0.0,1.0986122886681098,0.0,0.0,0.0,0.0
86,Female,Fourth year,Mathematics,10-17,In your room (dorms),In peer,Learning by practicing;Mind mapping and visualization,Online documents;YouTube videos,Yes,Teachers' teaching method,Lack of time,Lack of previous knowledge or experience in the field,Bad quality of internet,Not having a good (powerful) computer,Private life problems,Pressure,Pressure,"The not organized study schedule put by the school , some modules requires TD and they do not have ...",2.0,No,3.0,4.0,You do not care about,5-7 hours,2.0,9.0,7.0,7.0,6.0,Unknown,Unknown,4,3.0,13.0,14.0,13.0,Moderate,High,Very Low,Moderate,Very Low,Very Low,Moderate,Low,Low,Moderate,Moderate,Very Low,High,High,High,High,Moderate,High,High,High,High,0,1,0,0,3,1,13,22,1,5,2,1,0,3,5,4,4,21,0,2,1,8,2,2,0,4,2,4,4,2,1,1,2,2,4,0,0,0,0,2,0,0,0,0,4.465908118654584,1.0986122886681098,1.3862943611198906,1.6094379124341003,1.0986122886681098,2.302585092994046,2.0794415416798357,2.0794415416798357,1.9459101490553132,1.6094379124341003,1.3862943611198906,2.6390573296152584,2.70805020110221,2.6390573296152584,0.0,0.6931471805599453,0.0,0.0,1.3862943611198906,0.6931471805599453,2.6390573296152584,3.1354942159291497,0.6931471805599453,1.791759469228055,1.0986122886681098,0.6931471805599453,0.0,1.3862943611198906,1.791759469228055,1.6094379124341003,1.6094379124341003,3.091042453358316,0.0,1.0986122886681098,0.6931471805599453,2.1972245773362196,1.0986122886681098,1.0986122886681098,0.0,1.6094379124341003,1.0986122886681098,1.6094379124341003,1.6094379124341003,1.0986122886681098,0.6931471805599453,0.6931471805599453,1.0986122886681098,1.0986122886681098,1.6094379124341003,0.0,0.0,0.0,0.0,1.0986122886681098,0.0,0.0,0.0,0.0
87,Female,Second year,Science,26-33,In the school's library,Alone,"Learning by practicing, Project-based learning, Mind mapping and visualization","Books, Online tutorials, Online documents, YouTube videos",Yes,Lack of time,Pressure,Teachers' teaching method,Lack of previous knowledge or experience in the field,Private life problems,Bad quality of internet,Not having a good (powerful) computer,Teaching language,Lack of motivation,3.0,No,4.0,5.0,You do not care about,5-7 hours,3.0,7.0,7.0,8.0,9.0,Lack of previous knowledge or experience in the field,Positively,2,1.0,14.0,12.0,13.0,Moderate,High,Very Low,Moderate,Very Low,High,High,Low,Moderate,Moderate,Moderate,Very Low,High,High,Very High,High,High,Moderate,Very High,Very High,Moderate,0,2,1,2,2,0,8,4,1,2,4,6,1,5,0,3,7,8,0,2,1,1,1,2,0,4,2,4,0,0,1,2,2,2,4,0,0,1,0,0,2,2,2,2,4.477336814478207,1.3862943611198906,1.6094379124341003,1.791759469228055,1.3862943611198906,2.0794415416798357,2.0794415416798357,2.1972245773362196,2.302585092994046,1.0986122886681098,0.6931471805599453,2.70805020110221,2.5649493574615367,2.6390573296152584,0.0,1.0986122886681098,0.6931471805599453,1.0986122886681098,1.0986122886681098,0.0,2.1972245773362196,1.6094379124341003,0.6931471805599453,1.0986122886681098,1.6094379124341003,1.9459101490553132,0.6931471805599453,1.791759469228055,0.0,1.3862943611198906,2.0794415416798357,2.1972245773362196,0.0,1.0986122886681098,0.6931471805599453,0.6931471805599453,0.6931471805599453,1.0986122886681098,0.0,1.6094379124341003,1.0986122886681098,1.6094379124341003,0.0,0.0,0.6931471805599453,1.0986122886681098,1.0986122886681098,1.0986122886681098,1.6094379124341003,0.0,0.0,0.6931471805599453,0.0,0.0,1.0986122886681098,1.0986122886681098,1.0986122886681098,1.0986122886681098
88,Female,Second year,Mathematics,34-41,In the school's library,Alone,"Learning by practicing, Online courses and tutorials","Online tutorials, YouTube videos",Yes,Pressure,Lack of time,Lack of previous knowledge or experience in the field,Lack of previous knowledge or experience in the field,Teachers' teaching method,Not having a good (powerful) computer,Bad quality of internet,Teaching language,Lack of motivation,2.0,Yes,3.0,3.0,You do not care about,5-7 hours,2.0,9.0,3.0,4.0,7.0,Private life problems,Positively,2,1.0,14.0,12.0,13.0,Moderate,High,Very Low,Moderate,Very Low,High,Moderate,Low,Moderate,Moderate,Moderate,Very Low,Very High,High,High,High,High,Moderate,High,Very High,High,0,2,0,3,2,0,6,29,1,3,2,1,1,6,3,0,7,8,1,2,1,5,1,2,0,4,2,4,0,2,1,2,2,2,4,2,0,0,0,0,2,0,2,0,4.48863636973214,1.0986122886681098,1.3862943611198906,1.3862943611198906,1.0986122886681098,2.302585092994046,1.3862943611198906,1.6094379124341003,2.0794415416798357,1.0986122886681098,0.6931471805599453,2.70805020110221,2.5649493574615367,2.6390573296152584,0.0,1.0986122886681098,0.0,1.3862943611198906,1.0986122886681098,0.0,1.9459101490553132,3.4011973816621555,0.6931471805599453,1.3862943611198906,1.0986122886681098,0.6931471805599453,0.6931471805599453,1.9459101490553132,1.3862943611198906,0.0,2.0794415416798357,2.1972245773362196,0.6931471805599453,1.0986122886681098,0.6931471805599453,1.791759469228055,0.6931471805599453,1.0986122886681098,0.0,1.6094379124341003,1.0986122886681098,1.6094379124341003,0.0,1.0986122886681098,0.6931471805599453,1.0986122886681098,1.0986122886681098,1.0986122886681098,1.6094379124341003,1.0986122886681098,0.0,0.0,0.0,0.0,1.0986122886681098,0.0,1.0986122886681098,0.0
89,Male,Second year,Science,18-25,In your room (dorms),Alone,Learning by practicing;Project-based learning,Online tutorials;Online documents;YouTube videos,No,Lack of time,Pressure,Lack of previous knowledge or experience in the field,Teachers' teaching method,Bad quality of internet,Private life problems,Not having a good (powerful) computer,Teaching language,Feeling like the program is not really going to be that useful in the future wich leads to me not putting that much effort (less so in this year however),3.0,Yes,4.0,4.0,Positively,5-7 hours,3.0,9.0,7.0,8.0,5.0,Lack of previous knowledge or experience in the field,You do not care about,2,1.0,14.0,12.0,13.0,High,Moderate,High,Very High,Very High,High,Moderate,High,Moderate,Moderate,Moderate,High,Very High,High,High,High,High,Moderate,High,Very High,High,1,2,1,1,3,0,17,31,0,2,4,1,6,0,5,3,7,3,1,1,1,1,3,0,2,0,3,3,0,2,0,2,2,2,0,2,0,0,0,0,2,0,2,0,4.499809670330265,1.3862943611198906,1.6094379124341003,1.6094379124341003,1.3862943611198906,2.302585092994046,2.0794415416798357,2.1972245773362196,1.791759469228055,1.0986122886681098,0.6931471805599453,2.70805020110221,2.5649493574615367,2.6390573296152584,0.6931471805599453,1.0986122886681098,0.6931471805599453,0.6931471805599453,1.3862943611198906,0.0,2.8903717578961645,3.4657359027997265,0.0,1.0986122886681098,1.6094379124341003,0.6931471805599453,1.9459101490553132,0.0,1.791759469228055,1.3862943611198906,2.0794415416798357,1.3862943611198906,0.6931471805599453,0.6931471805599453,0.6931471805599453,0.6931471805599453,1.3862943611198906,0.0,1.0986122886681098,0.0,1.3862943611198906,1.3862943611198906,0.0,1.0986122886681098,0.0,1.0986122886681098,1.0986122886681098,1.0986122886681098,0.0,1.0986122886681098,0.0,0.0,0.0,0.0,1.0986122886681098,0.0,1.0986122886681098,0.0
90,Male,Second year,Mathematics,18-25,In your room (dorms),Alone,Lectures;Learning by practicing;Project-based learning;Online courses and tutorials,Online tutorials;Online documents;YouTube videos,No,Lack of time,Teachers' teaching method,Private life problems,Pressure,Lack of previous knowledge or experience in the field,Bad quality of internet,Teaching language,Not having a good (powerful) computer,Lack of motivation,3.0,No,4.0,4.0,Negatively,8 hours or more,3.0,7.0,7.0,7.0,7.0,Lack of previous knowledge or experience in the field,You do not care about,2,1.0,14.0,12.0,13.0,High,High,High,High,High,High,Moderate,High,Moderate,Moderate,Moderate,High,Very High,High,High,High,High,Moderate,High,Very High,High,1,2,0,1,3,0,45,31,0,2,6,5,4,1,0,7,3,8,0,0,2,1,3,0,0,0,0,0,0,2,0,2,2,2,0,2,0,0,0,0,2,0,2,0,4.51085950651685,1.3862943611198906,1.6094379124341003,1.6094379124341003,1.3862943611198906,2.0794415416798357,2.0794415416798357,2.0794415416798357,2.0794415416798357,1.0986122886681098,0.6931471805599453,2.70805020110221,2.5649493574615367,2.6390573296152584,0.6931471805599453,1.0986122886681098,0.0,0.6931471805599453,1.3862943611198906,0.0,3.828641396489095,3.4657359027997265,0.0,1.0986122886681098,1.9459101490553132,1.791759469228055,1.6094379124341003,0.6931471805599453,0.0,2.0794415416798357,1.3862943611198906,2.1972245773362196,0.0,0.0,1.0986122886681098,0.6931471805599453,1.3862943611198906,0.0,0.0,0.0,0.0,0.0,0.0,1.0986122886681098,0.0,1.0986122886681098,1.0986122886681098,1.0986122886681098,0.0,1.0986122886681098,0.0,0.0,0.0,0.0,1.0986122886681098,0.0,1.0986122886681098,0.0
91,Male,Second year,Mathematics,10-17,In the school's library,Alone,Lectures,Books;YouTube videos,No,Bad quality of internet,Lack of time,Teachers' teaching method,Pressure,Not having a good (powerful) computer,Lack of previous knowledge or experience in the field,Private life problems,Teaching language,Lack of motivation,1.0,No,2.0,2.0,You do not care about,5-7 hours,4.0,7.0,7.0,5.0,7.0,Lack of previous knowledge or experience in the field,You do not care about,2,1.0,14.0,12.0,13.0,High,Moderate,Low,High,Very High,Low,Low,Moderate,Low,Very Low,High,Very High,Very High,High,High,High,High,Moderate,High,Very High,High,1,2,0,0,2,0,23,16,0,0,2,6,4,3,1,5,7,8,0,2,1,1,3,0,2,1,0,3,1,1,2,1,4,0,3,2,0,0,0,0,2,0,2,0,4.5217885770490405,0.6931471805599453,1.0986122886681098,1.0986122886681098,1.6094379124341003,2.0794415416798357,2.0794415416798357,1.791759469228055,2.0794415416798357,1.0986122886681098,0.6931471805599453,2.70805020110221,2.5649493574615367,2.6390573296152584,0.6931471805599453,1.0986122886681098,0.0,0.0,1.0986122886681098,0.0,3.1780538303479458,2.833213344056216,0.0,0.0,1.0986122886681098,1.9459101490553132,1.6094379124341003,1.3862943611198906,0.6931471805599453,1.791759469228055,2.0794415416798357,2.1972245773362196,0.0,1.0986122886681098,0.6931471805599453,0.6931471805599453,1.3862943611198906,0.0,1.0986122886681098,0.6931471805599453,0.0,1.3862943611198906,0.6931471805599453,0.6931471805599453,1.0986122886681098,0.6931471805599453,1.6094379124341003,0.0,1.3862943611198906,1.0986122886681098,0.0,0.0,0.0,0.0,1.0986122886681098,0.0,1.0986122886681098,0.0
92,Male,Second year,Science,10-17,In your room (dorms),Alone,"Learning by practicing, Project-based learning, Online courses and tutorials","Books, Online tutorials, Online documents, YouTube videos",Yes,Teachers' teaching method,Teachers' teaching method,Teachers' teaching method,Lack of previous knowledge or experience in the field,Teachers' teaching method,Teachers' teaching method,Pressure,Lack of time,Lack of motivation,1.0,Yes,1.0,3.0,You do not care about,5-7 hours,5.0,9.0,9.0,9.0,8.0,Teachers' teaching method,You do not care about,2,1.0,14.0,13.0,13.0,High,Moderate,Low,High,Very High,High,High,Moderate,High,Very Low,High,Very High,High,High,Very High,High,Moderate,High,High,High,Moderate,1,2,1,0,3,0,11,4,1,5,6,6,1,6,6,4,2,8,1,2,1,6,3,0,2,1,0,3,0,0,2,0,4,0,3,0,0,1,0,2,0,0,0,2,4.532599493153256,0.6931471805599453,0.6931471805599453,1.3862943611198906,1.791759469228055,2.302585092994046,2.302585092994046,2.302585092994046,2.1972245773362196,1.0986122886681098,0.6931471805599453,2.70805020110221,2.6390573296152584,2.6390573296152584,0.6931471805599453,1.0986122886681098,0.6931471805599453,0.0,1.3862943611198906,0.0,2.4849066497880004,1.6094379124341003,0.6931471805599453,1.791759469228055,1.9459101490553132,1.9459101490553132,0.6931471805599453,1.9459101490553132,1.9459101490553132,1.6094379124341003,1.0986122886681098,2.1972245773362196,0.6931471805599453,1.0986122886681098,0.6931471805599453,1.9459101490553132,1.3862943611198906,0.0,1.0986122886681098,0.6931471805599453,0.0,1.3862943611198906,0.0,0.0,1.0986122886681098,0.0,1.6094379124341003,0.0,1.3862943611198906,0.0,0.0,0.6931471805599453,0.0,1.0986122886681098,0.0,0.0,0.0,1.0986122886681098
93,Female,Second year,Mathematics,18-25,At home,Alone,Lectures;Learning by practicing;Mind mapping and visualization;Online courses and tutorials,Online tutorials;YouTube videos,Yes,Lack of time,Pressure,Private life problems,Lack of previous knowledge or experience in the field,Bad quality of internet,Teachers' teaching method,Teaching language,Not having a good (powerful) computer,fighting the urge to go and live in a cottage in the mountains,3.0,Yes,4.0,5.0,Negatively,8 hours or more,1.0,9.0,5.0,6.0,7.0,Lack of previous knowledge or experience in the field,You do not care about,2,2.0,14.0,13.0,13.0,Low,Moderate,Moderate,Moderate,Very High,High,High,Moderate,Low,Moderate,Moderate,Very High,High,High,Very High,High,Moderate,High,High,High,Moderate,0,2,0,1,0,0,39,34,1,2,4,5,1,0,6,7,3,26,1,0,2,1,3,1,2,2,2,3,0,0,2,1,2,2,3,0,0,1,0,2,0,0,0,2,4.543294782270004,1.3862943611198906,1.6094379124341003,1.791759469228055,0.6931471805599453,2.302585092994046,1.791759469228055,1.9459101490553132,2.0794415416798357,1.0986122886681098,1.0986122886681098,2.70805020110221,2.6390573296152584,2.6390573296152584,0.0,1.0986122886681098,0.0,0.6931471805599453,0.0,0.0,3.6888794541139363,3.5553480614894135,0.6931471805599453,1.0986122886681098,1.6094379124341003,1.791759469228055,0.6931471805599453,0.0,1.9459101490553132,2.0794415416798357,1.3862943611198906,3.295836866004329,0.6931471805599453,0.0,1.0986122886681098,0.6931471805599453,1.3862943611198906,0.6931471805599453,1.0986122886681098,1.0986122886681098,1.0986122886681098,1.3862943611198906,0.0,0.0,1.0986122886681098,0.6931471805599453,1.0986122886681098,1.0986122886681098,1.3862943611198906,0.0,0.0,0.6931471805599453,0.0,1.0986122886681098,0.0,0.0,0.0,1.0986122886681098
94,Female,Second year,Science,18-25,In the school's library,Alone,"Lectures, Learning by practicing, Project-based learning, Mind mapping and visualization, Interactive workshops, Online courses and tutorials","Books, Online documents, YouTube videos",No,Lack of time,Lack of previous knowledge or experience in the field,Private life problems,Lack of previous knowledge or experience in the field,Teachers' teaching method,Bad quality of internet,Teaching language,Not having a good (powerful) computer,Lack of motivation,3.0,No,3.0,3.0,You do not care about,5-7 hours,4.0,7.0,5.0,6.0,6.0,Pressure,Negatively,2,1.0,14.0,13.0,13.0,Low,Moderate,Moderate,Moderate,Very High,High,High,Moderate,Moderate,Moderate,Moderate,Very High,Very High,High,High,Moderate,Very High,Moderate,High,Very High,Moderate,0,2,1,1,2,0,31,2,0,2,1,5,1,6,0,7,3,8,0,2,1,4,0,1,2,2,2,3,0,0,2,2,2,2,3,2,0,0,1,3,2,0,2,2,4.553876891600541,1.3862943611198906,1.3862943611198906,1.3862943611198906,1.6094379124341003,2.0794415416798357,1.791759469228055,1.9459101490553132,1.9459101490553132,1.0986122886681098,0.6931471805599453,2.70805020110221,2.6390573296152584,2.6390573296152584,0.0,1.0986122886681098,0.6931471805599453,0.6931471805599453,1.0986122886681098,0.0,3.4657359027997265,1.0986122886681098,0.0,1.0986122886681098,0.6931471805599453,1.791759469228055,0.6931471805599453,1.9459101490553132,0.0,2.0794415416798357,1.3862943611198906,2.1972245773362196,0.0,1.0986122886681098,0.6931471805599453,1.6094379124341003,0.0,0.6931471805599453,1.0986122886681098,1.0986122886681098,1.0986122886681098,1.3862943611198906,0.0,0.0,1.0986122886681098,1.0986122886681098,1.0986122886681098,1.0986122886681098,1.3862943611198906,1.0986122886681098,0.0,0.0,0.6931471805599453,1.3862943611198906,1.0986122886681098,0.0,1.0986122886681098,1.0986122886681098
95,Female,Second year,Science,10-17,At home,In peer,Learning by practicing,"Books, Online tutorials, Online documents, YouTube videos",No,Teachers' teaching method,Lack of time,Lack of previous knowledge or experience in the field,Lack of previous knowledge or experience in the field,Bad quality of internet,Private life problems,Not having a good (powerful) computer,Teaching language,Lack of motivation,2.0,No,3.0,5.0,You do not care about,8 hours or more,3.0,6.0,5.0,5.0,6.0,Pressure,You do not care about,2,1.0,14.0,13.0,13.0,Low,Moderate,Moderate,Moderate,Very High,High,High,Moderate,Moderate,Moderate,Moderate,Very High,High,High,Very High,High,High,High,Very High,High,Moderate,0,2,1,0,0,1,0,4,0,5,2,1,1,0,5,3,7,8,0,2,2,4,3,1,2,2,2,3,0,0,2,2,2,2,3,0,0,1,0,0,0,2,0,2,4.564348191467836,1.0986122886681098,1.3862943611198906,1.791759469228055,1.3862943611198906,1.9459101490553132,1.791759469228055,1.791759469228055,1.9459101490553132,1.0986122886681098,0.6931471805599453,2.70805020110221,2.6390573296152584,2.6390573296152584,0.0,1.0986122886681098,0.6931471805599453,0.0,0.0,0.6931471805599453,0.0,1.6094379124341003,0.0,1.791759469228055,1.0986122886681098,0.6931471805599453,0.6931471805599453,0.0,1.791759469228055,1.3862943611198906,2.0794415416798357,2.1972245773362196,0.0,1.0986122886681098,1.0986122886681098,1.6094379124341003,1.3862943611198906,0.6931471805599453,1.0986122886681098,1.0986122886681098,1.0986122886681098,1.3862943611198906,0.0,0.0,1.0986122886681098,1.0986122886681098,1.0986122886681098,1.0986122886681098,1.3862943611198906,0.0,0.0,0.6931471805599453,0.0,0.0,0.0,1.0986122886681098,0.0,1.0986122886681098
96,Female,Third year,Science,18-25,At home,In peer,Learning by practicing;Mind mapping and visualization;Interactive workshops;Online courses and tutorials,Books;Online documents;YouTube videos,No,Lack of time,Lack of previous knowledge or experience in the field,Teachers' teaching method,Pressure,Private life problems,Bad quality of internet,Teaching language,Not having a good (powerful) computer,"Guergour, thabet, dib, w abdou jirani, nahkiw mashi n9raw ( w mouchaal lol)",2.0,No,3.0,4.0,Negatively,5-7 hours,3.0,7.0,6.0,6.0,6.0,Bad quality of internet,You do not care about,3,2.0,14.0,13.0,13.0,High,Moderate,Moderate,Moderate,High,High,High,Moderate,Moderate,High,Moderate,Very High,High,High,Very High,High,High,High,Very High,High,Moderate,0,3,1,1,0,1,14,10,0,2,1,6,4,5,0,7,3,4,0,0,1,0,3,0,2,2,2,0,0,0,2,2,0,2,3,0,0,1,0,0,0,2,0,2,4.574710978503383,1.0986122886681098,1.3862943611198906,1.6094379124341003,1.3862943611198906,2.0794415416798357,1.9459101490553132,1.9459101490553132,1.9459101490553132,1.3862943611198906,1.0986122886681098,2.70805020110221,2.6390573296152584,2.6390573296152584,0.0,1.3862943611198906,0.6931471805599453,0.6931471805599453,0.0,0.6931471805599453,2.70805020110221,2.3978952727983707,0.0,1.0986122886681098,0.6931471805599453,1.9459101490553132,1.6094379124341003,1.791759469228055,0.0,2.0794415416798357,1.3862943611198906,1.6094379124341003,0.0,0.0,0.6931471805599453,0.0,1.3862943611198906,0.0,1.0986122886681098,1.0986122886681098,1.0986122886681098,0.0,0.0,0.0,1.0986122886681098,1.0986122886681098,0.0,1.0986122886681098,1.3862943611198906,0.0,0.0,0.6931471805599453,0.0,0.0,0.0,1.0986122886681098,0.0,1.0986122886681098
97,Male,Second year,Mathematics,18-25,In your room (dorms),Alone,"Mind mapping and visualization, Online courses and tutorials","Books, Online tutorials, Online documents, YouTube videos, Private courses",Yes,Private life problems,Lack of previous knowledge or experience in the field,Teachers' teaching method,Lack of previous knowledge or experience in the field,Pressure,Bad quality of internet,Teaching language,Not having a good (powerful) computer,Lack of motivation,2.0,No,2.0,3.0,You do not care about,8 hours or more,4.0,8.0,6.0,5.0,8.0,Lack of time,You do not care about,2,1.0,14.0,13.0,13.0,High,Moderate,Moderate,Moderate,High,High,High,Moderate,Moderate,High,Moderate,Very High,High,High,Very High,High,Moderate,High,High,High,Moderate,1,2,0,1,3,0,51,5,1,4,1,6,1,4,0,7,3,8,0,2,2,2,3,0,2,2,2,0,0,0,2,2,0,2,3,0,0,1,0,2,0,0,0,2,4.584967478670572,1.0986122886681098,1.0986122886681098,1.3862943611198906,1.6094379124341003,2.1972245773362196,1.9459101490553132,1.791759469228055,2.1972245773362196,1.0986122886681098,0.6931471805599453,2.70805020110221,2.6390573296152584,2.6390573296152584,0.6931471805599453,1.0986122886681098,0.0,0.6931471805599453,1.3862943611198906,0.0,3.9512437185814275,1.791759469228055,0.6931471805599453,1.6094379124341003,0.6931471805599453,1.9459101490553132,0.6931471805599453,1.6094379124341003,0.0,2.0794415416798357,1.3862943611198906,2.1972245773362196,0.0,1.0986122886681098,1.0986122886681098,1.0986122886681098,1.3862943611198906,0.0,1.0986122886681098,1.0986122886681098,1.0986122886681098,0.0,0.0,0.0,1.0986122886681098,1.0986122886681098,0.0,1.0986122886681098,1.3862943611198906,0.0,0.0,0.6931471805599453,0.0,1.0986122886681098,0.0,0.0,0.0,1.0986122886681098
98,Female,Second year,Mathematics,18-25,At home,In peer,Learning by practicing;Online courses and tutorials,Online documents;YouTube videos,Yes,Teachers' teaching method,Lack of previous knowledge or experience in the field,Lack of time,Bad quality of internet,Pressure,Teaching language,Private life problems,Not having a good (powerful) computer,Lack of motivation,1.0,No,3.0,3.0,Positively,5-7 hours,2.0,7.0,7.0,6.0,6.0,Lack of previous knowledge or experience in the field,You do not care about,2,1.0,14.0,13.0,13.0,High,Moderate,High,High,High,High,High,High,Moderate,High,Moderate,High,High,High,Very High,High,Moderate,High,High,High,Moderate,0,2,0,1,0,1,16,22,1,5,1,2,0,4,7,5,3,8,0,1,1,1,3,0,2,0,0,0,0,0,0,2,0,2,0,0,0,1,0,2,0,0,0,2,4.59511985013459,0.6931471805599453,1.3862943611198906,1.3862943611198906,1.0986122886681098,2.0794415416798357,2.0794415416798357,1.9459101490553132,1.9459101490553132,1.0986122886681098,0.6931471805599453,2.70805020110221,2.6390573296152584,2.6390573296152584,0.0,1.0986122886681098,0.0,0.6931471805599453,0.0,0.6931471805599453,2.833213344056216,3.1354942159291497,0.6931471805599453,1.791759469228055,0.6931471805599453,1.0986122886681098,0.0,1.6094379124341003,2.0794415416798357,1.791759469228055,1.3862943611198906,2.1972245773362196,0.0,0.6931471805599453,0.6931471805599453,0.6931471805599453,1.3862943611198906,0.0,1.0986122886681098,0.0,0.0,0.0,0.0,0.0,0.0,1.0986122886681098,0.0,1.0986122886681098,0.0,0.0,0.0,0.6931471805599453,0.0,1.0986122886681098,0.0,0.0,0.0,1.0986122886681098
99,Male,Second year,Science,10-17,In the school's library,In peer,"Learning by practicing, Project-based learning, Mind mapping and visualization","YouTube videos, Private courses",No,Lack of previous knowledge or experience in the field,Teaching language,Teachers' teaching method,Lack of previous knowledge or experience in the field,Bad quality of internet,Lack of time,Private life problems,Not having a good (powerful) computer,Lack of motivation,3.0,Yes,3.0,5.0,You do not care about,8 hours or more,5.0,6.0,7.0,8.0,6.0,Pressure,You do not care about,2,1.0,14.0,13.0,13.0,High,Moderate,High,High,High,High,High,High,Moderate,High,Moderate,High,Very High,High,Very High,High,High,High,Very High,High,High,1,2,1,0,2,1,8,37,0,1,7,6,1,0,2,5,3,8,1,2,2,4,3,0,2,0,0,0,0,0,0,2,0,2,0,2,0,1,0,0,0,2,0,0,4.605170185988092,1.3862943611198906,1.3862943611198906,1.791759469228055,1.791759469228055,1.9459101490553132,2.0794415416798357,2.1972245773362196,1.9459101490553132,1.0986122886681098,0.6931471805599453,2.70805020110221,2.6390573296152584,2.6390573296152584,0.6931471805599453,1.0986122886681098,0.6931471805599453,0.0,1.0986122886681098,0.6931471805599453,2.1972245773362196,3.6375861597263857,0.0,0.6931471805599453,2.0794415416798357,1.9459101490553132,0.6931471805599453,0.0,1.0986122886681098,1.791759469228055,1.3862943611198906,2.1972245773362196,0.6931471805599453,1.0986122886681098,1.0986122886681098,1.6094379124341003,1.3862943611198906,0.0,1.0986122886681098,0.0,0.0,0.0,0.0,0.0,0.0,1.0986122886681098,0.0,1.0986122886681098,0.0,1.0986122886681098,0.0,0.6931471805599453,0.0,0.0,0.0,1.0986122886681098,0.0,0.0
100,Female,Third year,Science,10-17,At home,Alone,Learning by practicing;Project-based learning;Mind mapping and visualization;Online courses and tutorials,Books;Online tutorials;Online documents;YouTube videos,No,Lack of time,Pressure,Teachers' teaching method,Private life problems,Lack of previous knowledge or experience in the field,Not having a good (powerful) computer,Bad quality of internet,Teaching language,"Perhaps the challenge lies in the lack of resources for theoretical exercises, or the kind of exos that we find in exams",3.0,Yes,4.0,5.0,Positively,5-7 hours,4.0,7.0,8.0,7.0,7.0,Bad quality of internet,You do not care about,3,2.0,14.0,13.0,13.0,High,Moderate,High,High,High,High,High,High,Moderate,Very High,Moderate,High,Very High,High,Very High,High,High,High,Very High,High,High,0,3,1,0,0,0,21,13,0,2,4,6,5,1,3,0,7,14,1,1,1,0,3,0,2,0,0,0,0,0,0,2,3,2,0,2,0,1,0,0,0,2,0,0,4.61512051684126,1.3862943611198906,1.6094379124341003,1.791759469228055,1.6094379124341003,2.0794415416798357,2.1972245773362196,2.0794415416798357,2.0794415416798357,1.3862943611198906,1.0986122886681098,2.70805020110221,2.6390573296152584,2.6390573296152584,0.0,1.3862943611198906,0.6931471805599453,0.0,0.0,0.0,3.091042453358316,2.6390573296152584,0.0,1.0986122886681098,1.6094379124341003,1.9459101490553132,1.791759469228055,0.6931471805599453,1.3862943611198906,0.0,2.0794415416798357,2.70805020110221,0.6931471805599453,0.6931471805599453,0.6931471805599453,0.0,1.3862943611198906,0.0,1.0986122886681098,0.0,0.0,0.0,0.0,0.0,0.0,1.0986122886681098,1.3862943611198906,1.0986122886681098,0.0,1.0986122886681098,0.0,0.6931471805599453,0.0,0.0,0.0,1.0986122886681098,0.0,0.0
101,Female,Second year,Science,18-25,At home,Alone,Lectures;Online courses and tutorials,Online documents,No,Lack of time,Pressure,Lack of previous knowledge or experience in the field,Private life problems,Teachers' teaching method,Bad quality of internet,Not having a good (powerful) computer,Teaching language,nothing,2.0,Yes,4.0,3.0,You do not care about,8 hours or more,5.0,7.0,8.0,8.0,6.0,Lack of previous knowledge or experience in the field,You do not care about,2,1.0,14.0,13.0,13.0,High,Moderate,High,High,High,High,High,High,Moderate,High,Moderate,High,Very High,High,Very High,High,High,High,Very High,High,High,0,2,1,1,0,0,47,18,0,2,4,1,5,6,0,3,7,28,1,2,2,1,3,0,2,0,0,0,0,0,0,2,0,2,0,2,0,1,0,0,0,2,0,0,4.624972813284271,1.0986122886681098,1.6094379124341003,1.3862943611198906,1.791759469228055,2.0794415416798357,2.1972245773362196,2.1972245773362196,1.9459101490553132,1.0986122886681098,0.6931471805599453,2.70805020110221,2.6390573296152584,2.6390573296152584,0.0,1.0986122886681098,0.6931471805599453,0.6931471805599453,0.0,0.0,3.871201010907891,2.9444389791664403,0.0,1.0986122886681098,1.6094379124341003,0.6931471805599453,1.791759469228055,1.9459101490553132,0.0,1.3862943611198906,2.0794415416798357,3.367295829986474,0.6931471805599453,1.0986122886681098,1.0986122886681098,0.6931471805599453,1.3862943611198906,0.0,1.0986122886681098,0.0,0.0,0.0,0.0,0.0,0.0,1.0986122886681098,0.0,1.0986122886681098,0.0,1.0986122886681098,0.0,0.6931471805599453,0.0,0.0,0.0,1.0986122886681098,0.0,0.0
102,Female,Second year,Mathematics,18-25,In the dorms' library,In peer,Learning by practicing,YouTube videos,Yes,Pressure,Lack of previous knowledge or experience in the field,Teachers' teaching method,Lack of time,Teaching language,Private life problems,Bad quality of internet,Not having a good (powerful) computer,Lack of motivation,2.0,No,3.0,3.0,Negatively,5-7 hours,2.0,5.0,6.0,6.0,6.0,Lack of previous knowledge or experience in the field,You do not care about,2,1.0,14.0,13.0,13.0,Moderate,Moderate,High,Moderate,High,High,Moderate,Moderate,Moderate,Moderate,Moderate,Moderate,Very High,High,Very High,High,High,High,Very High,High,High,0,2,0,1,1,1,0,36,1,3,1,6,2,7,5,0,3,8,0,0,1,1,3,2,2,0,2,0,0,2,2,2,2,2,2,2,0,1,0,0,0,2,0,0,4.634728988229636,1.0986122886681098,1.3862943611198906,1.3862943611198906,1.0986122886681098,1.791759469228055,1.9459101490553132,1.9459101490553132,1.9459101490553132,1.0986122886681098,0.6931471805599453,2.70805020110221,2.6390573296152584,2.6390573296152584,0.0,1.0986122886681098,0.0,0.6931471805599453,0.6931471805599453,0.6931471805599453,0.0,3.6109179126442243,0.6931471805599453,1.3862943611198906,0.6931471805599453,1.9459101490553132,1.0986122886681098,2.0794415416798357,1.791759469228055,0.0,1.3862943611198906,2.1972245773362196,0.0,0.0,0.6931471805599453,0.6931471805599453,1.3862943611198906,1.0986122886681098,1.0986122886681098,0.0,1.0986122886681098,0.0,0.0,1.0986122886681098,1.0986122886681098,1.0986122886681098,1.0986122886681098,1.0986122886681098,1.0986122886681098,1.0986122886681098,0.0,0.6931471805599453,0.0,0.0,0.0,1.0986122886681098,0.0,0.0
103,Female,Third year,Mathematics,10-17,At home,Alone,Lectures;Learning by practicing,Online tutorials;YouTube videos,No,Lack of previous knowledge or experience in the field,Bad quality of internet,Teachers' teaching method,Pressure,Pressure,Teaching language,Lack of time,Private life problems,"Guergour, thabet, dib, w abdou jirani, nahkiw mashi n9raw ( w mouchaal lol)",2.0,Yes,2.0,2.0,You do not care about,8 hours or more,4.0,7.0,7.0,7.0,9.0,Bad quality of internet,You do not care about,3,3.0,14.0,13.0,13.0,Moderate,Moderate,High,Moderate,High,High,Moderate,Moderate,Moderate,High,High,High,Very High,High,Very High,High,High,High,Very High,High,High,0,3,0,0,0,0,37,34,0,1,0,6,4,4,7,2,5,4,1,2,2,0,3,2,2,0,2,0,0,2,2,2,0,0,0,2,0,1,0,0,0,2,0,0,4.6443908991413725,1.0986122886681098,1.0986122886681098,1.0986122886681098,1.6094379124341003,2.0794415416798357,2.0794415416798357,2.0794415416798357,2.302585092994046,1.3862943611198906,1.3862943611198906,2.70805020110221,2.6390573296152584,2.6390573296152584,0.0,1.3862943611198906,0.0,0.0,0.0,0.0,3.6375861597263857,3.5553480614894135,0.0,0.6931471805599453,0.0,1.9459101490553132,1.6094379124341003,1.6094379124341003,2.0794415416798357,1.0986122886681098,1.791759469228055,1.6094379124341003,0.6931471805599453,1.0986122886681098,1.0986122886681098,0.0,1.3862943611198906,1.0986122886681098,1.0986122886681098,0.0,1.0986122886681098,0.0,0.0,1.0986122886681098,1.0986122886681098,1.0986122886681098,0.0,0.0,0.0,1.0986122886681098,0.0,0.6931471805599453,0.0,0.0,0.0,1.0986122886681098,0.0,0.0
104,Male,Second year,Mathematics,18-25,In your room (dorms),Alone,"Mind mapping and visualization, Online courses and tutorials","Online tutorials, Online documents, YouTube videos",Yes,Teachers' teaching method,Lack of previous knowledge or experience in the field,Pressure,Lack of previous knowledge or experience in the field,Lack of time,Bad quality of internet,Teaching language,Not having a good (powerful) computer,Lack of motivation,2.0,Yes,3.0,3.0,You do not care about,5-7 hours,3.0,6.0,6.0,6.0,8.0,Private life problems,Negatively,2,1.0,14.0,13.0,13.0,Moderate,Moderate,High,Moderate,High,Moderate,High,Moderate,Moderate,High,High,High,High,High,Very High,High,Moderate,High,Very High,High,Moderate,1,2,0,1,3,0,51,26,1,5,1,4,1,2,0,7,3,8,1,2,1,5,0,2,2,0,2,0,2,0,2,2,0,0,0,0,0,1,0,2,0,2,0,2,4.653960350157523,1.0986122886681098,1.3862943611198906,1.3862943611198906,1.3862943611198906,1.9459101490553132,1.9459101490553132,1.9459101490553132,2.1972245773362196,1.0986122886681098,0.6931471805599453,2.70805020110221,2.6390573296152584,2.6390573296152584,0.6931471805599453,1.0986122886681098,0.0,0.6931471805599453,1.3862943611198906,0.0,3.9512437185814275,3.295836866004329,0.6931471805599453,1.791759469228055,0.6931471805599453,1.6094379124341003,0.6931471805599453,1.0986122886681098,0.0,2.0794415416798357,1.3862943611198906,2.1972245773362196,0.6931471805599453,1.0986122886681098,0.6931471805599453,1.791759469228055,0.0,1.0986122886681098,1.0986122886681098,0.0,1.0986122886681098,0.0,1.0986122886681098,0.0,1.0986122886681098,1.0986122886681098,0.0,0.0,0.0,0.0,0.0,0.6931471805599453,0.0,1.0986122886681098,0.0,1.0986122886681098,0.0,1.0986122886681098
105,Female,Third year,Technical maths,18-25,In the school's library,With a group,Learning by practicing;Project-based learning;Mind mapping and visualization;Interactive workshops,Online tutorials;YouTube videos,Yes,Lack of time,Pressure,Teachers' teaching method,Lack of previous knowledge or experience in the field,Bad quality of internet,Private life problems,Not having a good (powerful) computer,Teaching language,"Guergour, thabet, dib, w abdou jirani, nahkiw mashi n9raw ( w mouchaal lol)",3.0,Yes,3.0,5.0,Positively,5-7 hours,4.0,8.0,7.0,8.0,7.0,Bad quality of internet,You do not care about,3,2.0,14.0,13.0,13.0,Moderate,High,High,Moderate,High,Very High,High,Moderate,Moderate,High,Moderate,High,High,High,Very High,High,Moderate,High,Very High,High,Moderate,0,3,2,1,2,2,19,34,1,2,4,6,1,0,5,3,7,4,1,1,1,0,3,2,0,0,2,0,3,0,2,2,0,2,0,0,0,1,0,2,0,2,0,2,4.663439094112067,1.3862943611198906,1.3862943611198906,1.791759469228055,1.6094379124341003,2.1972245773362196,2.0794415416798357,2.1972245773362196,2.0794415416798357,1.3862943611198906,1.0986122886681098,2.70805020110221,2.6390573296152584,2.6390573296152584,0.0,1.3862943611198906,1.0986122886681098,0.6931471805599453,1.0986122886681098,1.0986122886681098,2.995732273553991,3.5553480614894135,0.6931471805599453,1.0986122886681098,1.6094379124341003,1.9459101490553132,0.6931471805599453,0.0,1.791759469228055,1.3862943611198906,2.0794415416798357,1.6094379124341003,0.6931471805599453,0.6931471805599453,0.6931471805599453,0.0,1.3862943611198906,1.0986122886681098,0.0,0.0,1.0986122886681098,0.0,1.3862943611198906,0.0,1.0986122886681098,1.0986122886681098,0.0,1.0986122886681098,0.0,0.0,0.0,0.6931471805599453,0.0,1.0986122886681098,0.0,1.0986122886681098,0.0,1.0986122886681098
106,Female,Second year,Mathematics,18-25,In the school's library,With a group,Lectures;Online courses and tutorials,Online documents;YouTube videos,Yes,Pressure,Teachers' teaching method,Lack of time,Bad quality of internet,Private life problems,Teaching language,Private life problems,Not having a good (powerful) computer,Exhausted at any time,2.0,Yes,3.0,2.0,Negatively,8 hours or more,2.0,7.0,7.0,7.0,8.0,Lack of previous knowledge or experience in the field,You do not care about,2,1.0,14.0,13.0,13.0,High,High,Moderate,High,High,Very High,High,High,Moderate,Very High,Moderate,High,High,High,Very High,High,Moderate,High,Very High,High,Moderate,0,2,0,1,2,2,47,22,1,3,6,2,0,5,7,5,3,2,1,0,2,1,3,0,0,2,0,0,3,0,0,2,3,2,0,0,0,1,0,2,0,2,0,2,4.672828834461906,1.0986122886681098,1.3862943611198906,1.0986122886681098,1.0986122886681098,2.0794415416798357,2.0794415416798357,2.0794415416798357,2.1972245773362196,1.0986122886681098,0.6931471805599453,2.70805020110221,2.6390573296152584,2.6390573296152584,0.0,1.0986122886681098,0.0,0.6931471805599453,1.0986122886681098,1.0986122886681098,3.871201010907891,3.1354942159291497,0.6931471805599453,1.3862943611198906,1.9459101490553132,1.0986122886681098,0.0,1.791759469228055,2.0794415416798357,1.791759469228055,1.3862943611198906,1.0986122886681098,0.6931471805599453,0.0,1.0986122886681098,0.6931471805599453,1.3862943611198906,0.0,0.0,1.0986122886681098,0.0,0.0,1.3862943611198906,0.0,0.0,1.0986122886681098,1.3862943611198906,1.0986122886681098,0.0,0.0,0.0,0.6931471805599453,0.0,1.0986122886681098,0.0,1.0986122886681098,0.0,1.0986122886681098
107,Female,Third year,Science,18-25,At home,In peer,Learning by practicing;Project-based learning;Mind mapping and visualization;Online courses and tutorials,Online documents;YouTube videos,Yes,Lack of time,Pressure,Lack of previous knowledge or experience in the field,Teachers' teaching method,Bad quality of internet,Private life problems,Teachers' teaching method,Not having a good (powerful) computer,"Guergour, thabet, dib, w abdou jirani, nahkiw mashi n9raw ( w mouchaal lol)",3.0,No,3.0,5.0,Positively,5-7 hours,3.0,8.0,8.0,8.0,8.0,Bad quality of internet,You do not care about,3,2.0,14.0,13.0,13.0,High,High,Moderate,High,High,Very High,High,High,Moderate,Very High,Moderate,High,High,High,Very High,High,Moderate,High,Very High,High,Moderate,0,3,1,1,0,1,21,22,1,2,4,1,6,0,5,6,3,4,0,1,1,0,3,0,0,2,0,0,3,0,0,2,3,2,0,0,0,1,0,2,0,2,0,2,4.68213122712422,1.3862943611198906,1.3862943611198906,1.791759469228055,1.3862943611198906,2.1972245773362196,2.1972245773362196,2.1972245773362196,2.1972245773362196,1.3862943611198906,1.0986122886681098,2.70805020110221,2.6390573296152584,2.6390573296152584,0.0,1.3862943611198906,0.6931471805599453,0.6931471805599453,0.0,0.6931471805599453,3.091042453358316,3.1354942159291497,0.6931471805599453,1.0986122886681098,1.6094379124341003,0.6931471805599453,1.9459101490553132,0.0,1.791759469228055,1.9459101490553132,1.3862943611198906,1.6094379124341003,0.0,0.6931471805599453,0.6931471805599453,0.0,1.3862943611198906,0.0,0.0,1.0986122886681098,0.0,0.0,1.3862943611198906,0.0,0.0,1.0986122886681098,1.3862943611198906,1.0986122886681098,0.0,0.0,0.0,0.6931471805599453,0.0,1.0986122886681098,0.0,1.0986122886681098,0.0,1.0986122886681098
108,Female,Second year,Mathematics,10-17,At home,Alone,Online courses and tutorials,Online documents,No,Lack of time,Pressure,Lack of previous knowledge or experience in the field,Lack of previous knowledge or experience in the field,Bad quality of internet,Not having a good (powerful) computer,Teaching language,Private life problems,Lack of motivation,2.0,No,4.0,4.0,You do not care about,5-7 hours,2.0,7.0,6.0,6.0,5.0,Teachers' teaching method,Negatively,2,1.0,15.0,11.0,13.0,High,High,Moderate,High,High,High,Moderate,High,Low,Very High,Moderate,High,Very High,High,Very High,High,High,Moderate,High,Very High,High,0,2,0,0,0,0,54,18,0,2,4,1,1,0,3,7,5,8,0,2,1,6,0,0,0,2,0,0,0,2,0,1,3,2,0,2,0,1,0,0,2,0,2,0,4.6913478822291435,1.0986122886681098,1.6094379124341003,1.6094379124341003,1.0986122886681098,2.0794415416798357,1.9459101490553132,1.9459101490553132,1.791759469228055,1.0986122886681098,0.6931471805599453,2.772588722239781,2.4849066497880004,2.6390573296152584,0.0,1.0986122886681098,0.0,0.0,0.0,0.0,4.007333185232471,2.9444389791664403,0.0,1.0986122886681098,1.6094379124341003,0.6931471805599453,0.6931471805599453,0.0,1.3862943611198906,2.0794415416798357,1.791759469228055,2.1972245773362196,0.0,1.0986122886681098,0.6931471805599453,1.9459101490553132,0.0,0.0,0.0,1.0986122886681098,0.0,0.0,0.0,1.0986122886681098,0.0,0.6931471805599453,1.3862943611198906,1.0986122886681098,0.0,1.0986122886681098,0.0,0.6931471805599453,0.0,0.0,1.0986122886681098,0.0,1.0986122886681098,0.0
109,Male,Second year,Mathematics,10-17,In your room (dorms),Alone,Online courses and tutorials,YouTube videos,No,Lack of time,Lack of previous knowledge or experience in the field,Pressure,Lack of previous knowledge or experience in the field,Teachers' teaching method,Bad quality of internet,Not having a good (powerful) computer,Teaching language,Lack of motivation,4.0,No,4.0,5.0,You do not care about,5-7 hours,2.0,7.0,5.0,3.0,5.0,Private life problems,Positively,2,1.0,15.0,12.0,13.0,High,High,Moderate,High,High,High,High,High,High,Very High,Moderate,High,Very High,High,High,High,High,High,Moderate,High,Moderate,1,2,0,0,3,0,54,36,0,2,1,4,1,6,0,3,7,8,0,2,1,5,1,0,0,2,0,0,0,0,0,0,3,2,0,2,0,0,0,0,0,1,0,2,4.700480365792417,1.6094379124341003,1.6094379124341003,1.791759469228055,1.0986122886681098,2.0794415416798357,1.791759469228055,1.3862943611198906,1.791759469228055,1.0986122886681098,0.6931471805599453,2.772588722239781,2.5649493574615367,2.6390573296152584,0.6931471805599453,1.0986122886681098,0.0,0.0,1.3862943611198906,0.0,4.007333185232471,3.6109179126442243,0.0,1.0986122886681098,0.6931471805599453,1.6094379124341003,0.6931471805599453,1.9459101490553132,0.0,1.3862943611198906,2.0794415416798357,2.1972245773362196,0.0,1.0986122886681098,0.6931471805599453,1.791759469228055,0.6931471805599453,0.0,0.0,1.0986122886681098,0.0,0.0,0.0,0.0,0.0,0.0,1.3862943611198906,1.0986122886681098,0.0,1.0986122886681098,0.0,0.0,0.0,0.0,0.0,0.6931471805599453,0.0,1.0986122886681098
110,Female,Second year,Mathematics,18-25,In the school's library,In peer,"Learning by practicing, Project-based learning, Online courses and tutorials","Books, Online tutorials, Online documents, YouTube videos",Yes,Teachers' teaching method,Lack of time,Lack of previous knowledge or experience in the field,Lack of previous knowledge or experience in the field,Not having a good (powerful) computer,Bad quality of internet,Private life problems,Teaching language,Lack of motivation,2.0,Yes,4.0,4.0,You do not care about,5-7 hours,2.0,9.0,5.0,5.0,7.0,Pressure,You do not care about,2,1.0,15.0,12.0,13.0,High,High,Moderate,High,High,High,High,High,Moderate,Very High,Moderate,High,Very High,High,High,Moderate,Very High,Moderate,Very High,Very High,Moderate,0,2,0,1,2,1,11,4,1,5,2,1,1,3,0,5,7,8,1,2,1,4,3,0,0,2,0,0,0,0,0,2,3,2,0,2,0,0,1,3,2,2,2,2,4.709530201312334,1.0986122886681098,1.6094379124341003,1.6094379124341003,1.0986122886681098,2.302585092994046,1.791759469228055,1.791759469228055,2.0794415416798357,1.0986122886681098,0.6931471805599453,2.772588722239781,2.5649493574615367,2.6390573296152584,0.0,1.0986122886681098,0.0,0.6931471805599453,1.0986122886681098,0.6931471805599453,2.4849066497880004,1.6094379124341003,0.6931471805599453,1.791759469228055,1.0986122886681098,0.6931471805599453,0.6931471805599453,1.3862943611198906,0.0,1.791759469228055,2.0794415416798357,2.1972245773362196,0.6931471805599453,1.0986122886681098,0.6931471805599453,1.6094379124341003,1.3862943611198906,0.0,0.0,1.0986122886681098,0.0,0.0,0.0,0.0,0.0,1.0986122886681098,1.3862943611198906,1.0986122886681098,0.0,1.0986122886681098,0.0,0.0,0.6931471805599453,1.3862943611198906,1.0986122886681098,1.0986122886681098,1.0986122886681098,1.0986122886681098
111,Male,Second year,Mathematics,18-25,In your room (dorms),Alone,Learning by practicing,"Books, YouTube videos",Yes,Lack of time,Pressure,Teachers' teaching method,Lack of previous knowledge or experience in the field,Teaching language,Bad quality of internet,Not having a good (powerful) computer,Private life problems,Lack of motivation,3.0,Yes,3.0,4.0,You do not care about,5-7 hours,2.0,8.0,6.0,6.0,5.0,Lack of previous knowledge or experience in the field,Positively,2,1.0,15.0,12.0,13.0,High,High,Moderate,High,High,High,High,High,Moderate,Very High,Moderate,High,Very High,High,Very High,High,High,High,High,Very High,Moderate,1,2,0,1,3,0,0,7,1,2,4,6,1,7,0,3,5,8,1,2,1,1,1,0,0,2,0,0,0,0,0,2,3,2,0,2,0,1,0,0,0,0,2,2,4.718498871295094,1.3862943611198906,1.3862943611198906,1.6094379124341003,1.0986122886681098,2.1972245773362196,1.9459101490553132,1.9459101490553132,1.791759469228055,1.0986122886681098,0.6931471805599453,2.772588722239781,2.5649493574615367,2.6390573296152584,0.6931471805599453,1.0986122886681098,0.0,0.6931471805599453,1.3862943611198906,0.0,0.0,2.0794415416798357,0.6931471805599453,1.0986122886681098,1.6094379124341003,1.9459101490553132,0.6931471805599453,2.0794415416798357,0.0,1.3862943611198906,1.791759469228055,2.1972245773362196,0.6931471805599453,1.0986122886681098,0.6931471805599453,0.6931471805599453,0.6931471805599453,0.0,0.0,1.0986122886681098,0.0,0.0,0.0,0.0,0.0,1.0986122886681098,1.3862943611198906,1.0986122886681098,0.0,1.0986122886681098,0.0,0.6931471805599453,0.0,0.0,0.0,0.0,1.0986122886681098,1.0986122886681098
112,Female,Second year,Science,18-25,In the school's library,In peer,"Learning by practicing, Mind mapping and visualization, Online courses and tutorials",YouTube videos,Yes,Lack of time,Pressure,Private life problems,Lack of previous knowledge or experience in the field,Bad quality of internet,Lack of previous knowledge or experience in the field,Not having a good (powerful) computer,Teaching language,Lack of motivation,2.0,No,3.0,4.0,You do not care about,5-7 hours,3.0,8.0,6.0,7.0,8.0,Teachers' teaching method,Negatively,2,1.0,15.0,12.0,13.0,High,High,Moderate,High,High,High,Moderate,High,Moderate,Very High,Moderate,High,Very High,High,Very High,High,Very High,Moderate,High,Very High,Moderate,0,2,1,1,2,1,5,36,1,2,4,5,1,0,1,3,7,8,0,2,1,6,0,0,0,2,0,0,0,2,0,2,3,2,0,2,0,1,0,3,2,0,2,2,4.727387818712341,1.0986122886681098,1.3862943611198906,1.6094379124341003,1.3862943611198906,2.1972245773362196,1.9459101490553132,2.0794415416798357,2.1972245773362196,1.0986122886681098,0.6931471805599453,2.772588722239781,2.5649493574615367,2.6390573296152584,0.0,1.0986122886681098,0.6931471805599453,0.6931471805599453,1.0986122886681098,0.6931471805599453,1.791759469228055,3.6109179126442243,0.6931471805599453,1.0986122886681098,1.6094379124341003,1.791759469228055,0.6931471805599453,0.0,0.6931471805599453,1.3862943611198906,2.0794415416798357,2.1972245773362196,0.0,1.0986122886681098,0.6931471805599453,1.9459101490553132,0.0,0.0,0.0,1.0986122886681098,0.0,0.0,0.0,1.0986122886681098,0.0,1.0986122886681098,1.3862943611198906,1.0986122886681098,0.0,1.0986122886681098,0.0,0.6931471805599453,0.0,1.3862943611198906,1.0986122886681098,0.0,1.0986122886681098,1.0986122886681098
113,Male,Second year,Science,18-25,In your room (dorms),Alone,"Learning by practicing, Mind mapping and visualization, Online courses and tutorials","Books, Online tutorials, Online documents, YouTube videos",Yes,Private life problems,Teachers' teaching method,Lack of previous knowledge or experience in the field,Lack of previous knowledge or experience in the field,Not having a good (powerful) computer,Pressure,Bad quality of internet,Teaching language,Lack of motivation,2.0,Yes,5.0,4.0,You do not care about,5-7 hours,4.0,6.0,5.0,7.0,7.0,Lack of time,Negatively,2,1.0,15.0,12.0,13.0,High,High,Moderate,High,High,Very High,High,High,Moderate,Very High,Moderate,High,Very High,High,Very High,High,High,High,High,High,Low,1,2,1,1,3,0,5,4,1,4,6,1,1,3,4,0,7,8,1,2,1,2,0,0,0,2,0,0,3,0,0,2,3,2,0,2,0,1,0,0,0,0,0,1,4.736198448394496,1.0986122886681098,1.791759469228055,1.6094379124341003,1.6094379124341003,1.9459101490553132,1.791759469228055,2.0794415416798357,2.0794415416798357,1.0986122886681098,0.6931471805599453,2.772588722239781,2.5649493574615367,2.6390573296152584,0.6931471805599453,1.0986122886681098,0.6931471805599453,0.6931471805599453,1.3862943611198906,0.0,1.791759469228055,1.6094379124341003,0.6931471805599453,1.6094379124341003,1.9459101490553132,0.6931471805599453,0.6931471805599453,1.3862943611198906,1.6094379124341003,0.0,2.0794415416798357,2.1972245773362196,0.6931471805599453,1.0986122886681098,0.6931471805599453,1.0986122886681098,0.0,0.0,0.0,1.0986122886681098,0.0,0.0,1.3862943611198906,0.0,0.0,1.0986122886681098,1.3862943611198906,1.0986122886681098,0.0,1.0986122886681098,0.0,0.6931471805599453,0.0,0.0,0.0,0.0,0.0,0.6931471805599453
114,Female,Second year,Science,More than 41 hours,In your room (dorms),With a group,Learning by practicing,"Online tutorials, YouTube videos",Yes,Lack of previous knowledge or experience in the field,Lack of time,Teachers' teaching method,Lack of previous knowledge or experience in the field,Private life problems,Bad quality of internet,Teaching language,Not having a good (powerful) computer,Lack of motivation,2.0,No,3.0,4.0,You do not care about,5-7 hours,3.0,8.0,7.0,3.0,8.0,Pressure,You do not care about,2,1.0,15.0,12.0,13.0,High,High,Moderate,High,High,Very High,High,High,Moderate,Very High,Moderate,High,Very High,High,Very High,Moderate,High,High,High,High,Moderate,0,2,1,5,3,2,0,29,1,1,2,6,1,5,0,7,3,8,0,2,1,4,3,0,0,2,0,0,3,0,0,2,3,2,0,2,0,1,1,0,0,0,0,2,4.74493212836325,1.0986122886681098,1.3862943611198906,1.6094379124341003,1.3862943611198906,2.1972245773362196,2.0794415416798357,1.3862943611198906,2.1972245773362196,1.0986122886681098,0.6931471805599453,2.772588722239781,2.5649493574615367,2.6390573296152584,0.0,1.0986122886681098,0.6931471805599453,1.791759469228055,1.3862943611198906,1.0986122886681098,0.0,3.4011973816621555,0.6931471805599453,0.6931471805599453,1.0986122886681098,1.9459101490553132,0.6931471805599453,1.791759469228055,0.0,2.0794415416798357,1.3862943611198906,2.1972245773362196,0.0,1.0986122886681098,0.6931471805599453,1.6094379124341003,1.3862943611198906,0.0,0.0,1.0986122886681098,0.0,0.0,1.3862943611198906,0.0,0.0,1.0986122886681098,1.3862943611198906,1.0986122886681098,0.0,1.0986122886681098,0.0,0.6931471805599453,0.6931471805599453,0.0,0.0,0.0,0.0,1.0986122886681098
115,Male,Second year,Mathematics,18-25,In the school's library,In peer,"Lectures, Learning by practicing, Project-based learning","Books, Online documents, YouTube videos",No,Private life problems,Teachers' teaching method,Pressure,Lack of previous knowledge or experience in the field,Lack of previous knowledge or experience in the field,Bad quality of internet,Teaching language,Not having a good (powerful) computer,Lack of motivation,1.0,No,4.0,5.0,You do not care about,8 hours or more,2.0,8.0,7.0,8.0,3.0,Lack of time,Negatively,2,1.0,15.0,13.0,13.0,High,High,Moderate,High,High,High,High,High,Moderate,Very High,Moderate,High,High,High,Very High,High,Moderate,High,High,High,Moderate,1,2,0,1,2,1,28,2,0,4,6,4,1,1,0,7,3,8,0,2,2,2,0,0,0,2,0,0,0,0,0,2,3,2,0,0,0,1,0,2,0,0,0,2,4.7535901911063645,0.6931471805599453,1.6094379124341003,1.791759469228055,1.0986122886681098,2.1972245773362196,2.0794415416798357,2.1972245773362196,1.3862943611198906,1.0986122886681098,0.6931471805599453,2.772588722239781,2.6390573296152584,2.6390573296152584,0.6931471805599453,1.0986122886681098,0.0,0.6931471805599453,1.0986122886681098,0.6931471805599453,3.367295829986474,1.0986122886681098,0.0,1.6094379124341003,1.9459101490553132,1.6094379124341003,0.6931471805599453,0.6931471805599453,0.0,2.0794415416798357,1.3862943611198906,2.1972245773362196,0.0,1.0986122886681098,1.0986122886681098,1.0986122886681098,0.0,0.0,0.0,1.0986122886681098,0.0,0.0,0.0,0.0,0.0,1.0986122886681098,1.3862943611198906,1.0986122886681098,0.0,0.0,0.0,0.6931471805599453,0.0,1.0986122886681098,0.0,0.0,0.0,1.0986122886681098
116,Male,Second year,Science,10-17,In your room (dorms),Alone,Mind mapping and visualization;Online courses and tutorials,YouTube videos,No,Lack of previous knowledge or experience in the field,Teachers' teaching method,Lack of time,Pressure,Private life problems,Not having a good (powerful) computer,Bad quality of internet,Teaching language,Lack of motivation,2.0,No,5.0,4.0,You do not care about,8 hours or more,3.0,6.0,5.0,4.0,4.0,Lack of previous knowledge or experience in the field,You do not care about,2,1.0,16.0,10.0,13.0,High,High,Very High,High,High,High,Moderate,Moderate,Moderate,Moderate,Moderate,Moderate,High,High,Very High,High,Moderate,High,High,High,Moderate,1,2,1,0,3,0,53,36,0,1,6,2,4,5,3,0,7,8,0,2,2,1,3,0,0,3,0,0,0,2,2,2,2,2,2,0,0,1,0,2,0,0,0,2,4.762173934797756,1.0986122886681098,1.791759469228055,1.6094379124341003,1.3862943611198906,1.9459101490553132,1.791759469228055,1.6094379124341003,1.6094379124341003,1.0986122886681098,0.6931471805599453,2.833213344056216,2.3978952727983707,2.6390573296152584,0.6931471805599453,1.0986122886681098,0.6931471805599453,0.0,1.3862943611198906,0.0,3.9889840465642745,3.6109179126442243,0.0,0.6931471805599453,1.9459101490553132,1.0986122886681098,1.6094379124341003,1.791759469228055,1.3862943611198906,0.0,2.0794415416798357,2.1972245773362196,0.0,1.0986122886681098,1.0986122886681098,0.6931471805599453,1.3862943611198906,0.0,0.0,1.3862943611198906,0.0,0.0,0.0,1.0986122886681098,1.0986122886681098,1.0986122886681098,1.0986122886681098,1.0986122886681098,1.0986122886681098,0.0,0.0,0.6931471805599453,0.0,1.0986122886681098,0.0,0.0,0.0,1.0986122886681098
117,Female,Second year,Science,18-25,At home,Alone,Mind mapping and visualization;Interactive workshops;Online courses and tutorials,YouTube videos;Private courses,Yes,Pressure,Lack of time,Teachers' teaching method,Lack of previous knowledge or experience in the field,Bad quality of internet,Teaching language,Private life problems,Not having a good (powerful) computer,Lack of motivation,2.0,Yes,4.0,2.0,Positively,8 hours or more,2.0,5.0,5.0,5.0,4.0,Lack of previous knowledge or experience in the field,You do not care about,2,1.0,16.0,10.0,13.0,High,High,Moderate,Moderate,Very High,High,Moderate,Very High,High,Low,Moderate,High,High,High,Very High,High,Moderate,High,High,High,Moderate,0,2,1,1,0,0,52,39,1,3,2,6,1,0,7,5,3,8,1,1,2,1,3,0,0,2,2,3,0,2,3,0,1,2,0,0,0,1,0,2,0,0,0,2,4.770684624465665,1.0986122886681098,1.6094379124341003,1.0986122886681098,1.0986122886681098,1.791759469228055,1.791759469228055,1.791759469228055,1.6094379124341003,1.0986122886681098,0.6931471805599453,2.833213344056216,2.3978952727983707,2.6390573296152584,0.0,1.0986122886681098,0.6931471805599453,0.6931471805599453,0.0,0.0,3.970291913552122,3.6888794541139363,0.6931471805599453,1.3862943611198906,1.0986122886681098,1.9459101490553132,0.6931471805599453,0.0,2.0794415416798357,1.791759469228055,1.3862943611198906,2.1972245773362196,0.6931471805599453,0.6931471805599453,1.0986122886681098,0.6931471805599453,1.3862943611198906,0.0,0.0,1.0986122886681098,1.0986122886681098,1.3862943611198906,0.0,1.0986122886681098,1.3862943611198906,0.0,0.6931471805599453,1.0986122886681098,0.0,0.0,0.0,0.6931471805599453,0.0,1.0986122886681098,0.0,0.0,0.0,1.0986122886681098
118,Male,Second year,Mathematics,10-17,At home,Alone,"Learning by practicing, Mind mapping and visualization, Online courses and tutorials","Books, Online tutorials, YouTube videos",No,Lack of time,Bad quality of internet,Teachers' teaching method,Lack of previous knowledge or experience in the field,Lack of previous knowledge or experience in the field,Private life problems,Pressure,Not having a good (powerful) computer,Lack of motivation,3.0,Yes,4.0,4.0,You do not care about,5-7 hours,4.0,8.0,8.0,7.0,7.0,Teaching language,Positively,2,1.0,13.0,14.0,14.0,High,High,Moderate,Moderate,Very High,High,High,Very High,Moderate,Low,Moderate,High,High,High,High,High,Moderate,High,Very High,Very High,High,1,2,0,0,0,0,5,6,0,2,0,6,1,1,5,4,3,8,1,2,1,7,1,0,0,2,2,3,0,0,3,2,1,2,0,0,0,0,0,2,0,2,2,0,4.77912349311153,1.3862943611198906,1.6094379124341003,1.6094379124341003,1.6094379124341003,2.1972245773362196,2.1972245773362196,2.0794415416798357,2.0794415416798357,1.0986122886681098,0.6931471805599453,2.6390573296152584,2.70805020110221,2.70805020110221,0.6931471805599453,1.0986122886681098,0.0,0.0,0.0,0.0,1.791759469228055,1.9459101490553132,0.0,1.0986122886681098,0.0,1.9459101490553132,0.6931471805599453,0.6931471805599453,1.791759469228055,1.6094379124341003,1.3862943611198906,2.1972245773362196,0.6931471805599453,1.0986122886681098,0.6931471805599453,2.0794415416798357,0.6931471805599453,0.0,0.0,1.0986122886681098,1.0986122886681098,1.3862943611198906,0.0,0.0,1.3862943611198906,1.0986122886681098,0.6931471805599453,1.0986122886681098,0.0,0.0,0.0,0.0,0.0,1.0986122886681098,0.0,1.0986122886681098,1.0986122886681098,0.0
119,Male,Third year,Mathematics,10-17,At home,Alone,Learning by practicing;Project-based learning;Online courses and tutorials,Online tutorials;Online documents;YouTube videos,No,Lack of time,Lack of previous knowledge or experience in the field,Teachers' teaching method,Not having a good (powerful) computer,Pressure,Bad quality of internet,Private life problems,Teaching language,"Guergour, thabet, dib, w abdou jirani, nahkiw mashi n9raw ( w mouchaal lol)",2.0,Yes,3.0,4.0,You do not care about,5-7 hours,3.0,8.0,8.0,7.0,7.0,Bad quality of internet,You do not care about,3,2.0,13.0,14.0,14.0,High,High,Moderate,Moderate,Very High,High,High,Very High,Moderate,Low,Moderate,High,High,High,High,High,Moderate,High,Very High,Very High,High,1,3,0,0,0,0,22,31,0,2,1,6,3,4,0,5,7,4,1,2,1,0,3,0,0,2,2,3,0,0,3,2,1,2,0,0,0,0,0,2,0,2,2,0,4.787491742782046,1.0986122886681098,1.3862943611198906,1.6094379124341003,1.3862943611198906,2.1972245773362196,2.1972245773362196,2.0794415416798357,2.0794415416798357,1.3862943611198906,1.0986122886681098,2.6390573296152584,2.70805020110221,2.70805020110221,0.6931471805599453,1.3862943611198906,0.0,0.0,0.0,0.0,3.1354942159291497,3.4657359027997265,0.0,1.0986122886681098,0.6931471805599453,1.9459101490553132,1.3862943611198906,1.6094379124341003,0.0,1.791759469228055,2.0794415416798357,1.6094379124341003,0.6931471805599453,1.0986122886681098,0.6931471805599453,0.0,1.3862943611198906,0.0,0.0,1.0986122886681098,1.0986122886681098,1.3862943611198906,0.0,0.0,1.3862943611198906,1.0986122886681098,0.6931471805599453,1.0986122886681098,0.0,0.0,0.0,0.0,0.0,1.0986122886681098,0.0,1.0986122886681098,1.0986122886681098,0.0
120,Female,Second year,Science,34-41,In the school's library,Alone,Lectures;Learning by practicing;Mind mapping and visualization,Books;Online tutorials;Online documents;YouTube videos,Yes,Teachers' teaching method,Pressure,Lack of time,Lack of previous knowledge or experience in the field,Private life problems,Lack of previous knowledge or experience in the field,Bad quality of internet,Not having a good (powerful) computer,Lack of motivation,3.0,Yes,3.0,4.0,You do not care about,5-7 hours,2.0,7.0,4.0,3.0,5.0,Lack of previous knowledge or experience in the field,You do not care about,2,1.0,13.0,15.0,14.0,Moderate,Moderate,Moderate,Very High,Very High,Moderate,High,Very High,Moderate,High,Very High,Very High,High,High,High,High,Moderate,High,Very High,Very High,High,0,2,1,3,2,0,38,13,1,5,4,2,1,5,1,0,3,8,1,2,1,1,3,2,2,2,3,3,2,0,3,2,0,3,3,0,0,0,0,2,0,2,2,0,4.795790545596741,1.3862943611198906,1.3862943611198906,1.6094379124341003,1.0986122886681098,2.0794415416798357,1.6094379124341003,1.3862943611198906,1.791759469228055,1.0986122886681098,0.6931471805599453,2.6390573296152584,2.772588722239781,2.70805020110221,0.0,1.0986122886681098,0.6931471805599453,1.3862943611198906,1.0986122886681098,0.0,3.6635616461296463,2.6390573296152584,0.6931471805599453,1.791759469228055,1.6094379124341003,1.0986122886681098,0.6931471805599453,1.791759469228055,0.6931471805599453,0.0,1.3862943611198906,2.1972245773362196,0.6931471805599453,1.0986122886681098,0.6931471805599453,0.6931471805599453,1.3862943611198906,1.0986122886681098,1.0986122886681098,1.0986122886681098,1.3862943611198906,1.3862943611198906,1.0986122886681098,0.0,1.3862943611198906,1.0986122886681098,0.0,1.3862943611198906,1.3862943611198906,0.0,0.0,0.0,0.0,1.0986122886681098,0.0,1.0986122886681098,1.0986122886681098,0.0
121,Female,Second year,Mathematics,10-17,In your room (dorms),Alone,Lectures;Learning by practicing;Project-based learning;Online courses and tutorials,Online tutorials;Online documents;YouTube videos,No,Teachers' teaching method,Lack of previous knowledge or experience in the field,Teachers' teaching method,Bad quality of internet,Private life problems,Not having a good (powerful) computer,Pressure,Teaching language,Lack of motivation,4.0,Yes,4.0,4.0,You do not care about,8 hours or more,5.0,7.0,9.0,8.0,9.0,Lack of previous knowledge or experience in the field,You do not care about,2,1.0,13.0,15.0,14.0,Very Low,Very High,Very High,Very High,Low,Very Low,High,Very High,High,Very High,High,Very Low,High,High,High,High,Moderate,High,Very High,Very High,High,0,2,0,0,3,0,45,31,0,5,1,6,0,5,3,4,7,8,1,2,2,1,3,4,3,3,3,1,4,0,3,0,3,0,4,0,0,0,0,2,0,2,2,0,4.804021044733257,1.6094379124341003,1.6094379124341003,1.6094379124341003,1.791759469228055,2.0794415416798357,2.302585092994046,2.1972245773362196,2.302585092994046,1.0986122886681098,0.6931471805599453,2.6390573296152584,2.772588722239781,2.70805020110221,0.0,1.0986122886681098,0.0,0.0,1.3862943611198906,0.0,3.828641396489095,3.4657359027997265,0.0,1.791759469228055,0.6931471805599453,1.9459101490553132,0.0,1.791759469228055,1.3862943611198906,1.6094379124341003,2.0794415416798357,2.1972245773362196,0.6931471805599453,1.0986122886681098,1.0986122886681098,0.6931471805599453,1.3862943611198906,1.6094379124341003,1.3862943611198906,1.3862943611198906,1.3862943611198906,0.6931471805599453,1.6094379124341003,0.0,1.3862943611198906,0.0,1.3862943611198906,0.0,1.6094379124341003,0.0,0.0,0.0,0.0,1.0986122886681098,0.0,1.0986122886681098,1.0986122886681098,0.0
122,Female,Fourth year,Mathematics,18-25,In your room (dorms),Alone,Lectures;Learning by practicing;Project-based learning;Interactive workshops;Online courses and tutorials,Books;Online documents;YouTube videos,Yes,Bad quality of internet,Pressure,Lack of previous knowledge or experience in the field,Lack of time,Not having a good (powerful) computer,Teachers' teaching method,Private life problems,Teaching language,"The not organized study schedule put by the school , some modules requires TD and they do not have ...",4.0,Yes,2.0,5.0,Positively,5-7 hours,3.0,8.0,9.0,9.0,9.0,Unknown,Unknown,4,3.0,13.0,15.0,14.0,Very Low,Very High,Very High,Very High,Low,Very Low,High,Very High,High,Very High,High,Very Low,High,High,High,High,Moderate,High,Very High,Very High,High,0,1,0,1,3,0,42,10,1,0,4,1,2,3,6,5,7,21,1,1,1,8,2,4,3,3,3,1,4,0,3,0,3,0,4,0,0,0,0,2,0,2,2,0,4.812184355372417,1.6094379124341003,1.0986122886681098,1.791759469228055,1.3862943611198906,2.1972245773362196,2.302585092994046,2.302585092994046,2.302585092994046,1.6094379124341003,1.3862943611198906,2.6390573296152584,2.772588722239781,2.70805020110221,0.0,0.6931471805599453,0.0,0.6931471805599453,1.3862943611198906,0.0,3.7612001156935624,2.3978952727983707,0.6931471805599453,0.0,1.6094379124341003,0.6931471805599453,1.0986122886681098,1.3862943611198906,1.9459101490553132,1.791759469228055,2.0794415416798357,3.091042453358316,0.6931471805599453,0.6931471805599453,0.6931471805599453,2.1972245773362196,1.0986122886681098,1.6094379124341003,1.3862943611198906,1.3862943611198906,1.3862943611198906,0.6931471805599453,1.6094379124341003,0.0,1.3862943611198906,0.0,1.3862943611198906,0.0,1.6094379124341003,0.0,0.0,0.0,0.0,1.0986122886681098,0.0,1.0986122886681098,1.0986122886681098,0.0
123,Male,Second year,Mathematics,26-33,In the school's library,Alone,Learning by practicing;Online courses and tutorials,Online tutorials;Online documents;YouTube videos,Yes,Pressure,Lack of time,Teachers' teaching method,Lack of previous knowledge or experience in the field,Private life problems,Teaching language,Bad quality of internet,Not having a good (powerful) computer,"ProcrProcrastination especially when we have a lot of projects, tests and deadlines in the same period of time",3.0,Yes,3.0,4.0,Positively,5-7 hours,2.0,8.0,7.0,7.0,6.0,Lack of previous knowledge or experience in the field,You do not care about,2,1.0,14.0,13.0,14.0,High,High,High,Moderate,High,Moderate,High,High,Moderate,Moderate,Moderate,Moderate,High,High,High,High,Moderate,High,Very High,Very High,High,1,2,0,2,2,0,16,31,1,3,2,6,1,5,7,0,3,15,1,1,1,1,3,0,0,0,2,0,2,0,0,2,2,2,2,0,0,0,0,2,0,2,2,0,4.820281565605037,1.3862943611198906,1.3862943611198906,1.6094379124341003,1.0986122886681098,2.1972245773362196,2.0794415416798357,2.0794415416798357,1.9459101490553132,1.0986122886681098,0.6931471805599453,2.70805020110221,2.6390573296152584,2.70805020110221,0.6931471805599453,1.0986122886681098,0.0,1.0986122886681098,1.0986122886681098,0.0,2.833213344056216,3.4657359027997265,0.6931471805599453,1.3862943611198906,1.0986122886681098,1.9459101490553132,0.6931471805599453,1.791759469228055,2.0794415416798357,0.0,1.3862943611198906,2.772588722239781,0.6931471805599453,0.6931471805599453,0.6931471805599453,0.6931471805599453,1.3862943611198906,0.0,0.0,0.0,1.0986122886681098,0.0,1.0986122886681098,0.0,0.0,1.0986122886681098,1.0986122886681098,1.0986122886681098,1.0986122886681098,0.0,0.0,0.0,0.0,1.0986122886681098,0.0,1.0986122886681098,1.0986122886681098,0.0
124,Male,Second year,Mathematics,10-17,In your room (dorms),Alone,Lectures;Mind mapping and visualization,Books;Online documents;YouTube videos,No,Teachers' teaching method,Private life problems,Lack of time,Pressure,Pressure,Not having a good (powerful) computer,Lack of time,Bad quality of internet,Lack of motivation,2.0,No,3.0,4.0,You do not care about,5-7 hours,3.0,8.0,6.0,6.0,5.0,Lack of previous knowledge or experience in the field,You do not care about,2,1.0,14.0,13.0,14.0,High,High,High,Moderate,High,Moderate,High,High,Moderate,Moderate,Moderate,Moderate,High,High,High,High,Moderate,High,Very High,Very High,High,1,2,0,0,3,0,46,10,0,5,5,2,4,4,3,2,0,8,0,2,1,1,3,0,0,0,2,0,2,0,0,2,2,2,2,0,0,0,0,2,0,2,2,0,4.8283137373023015,1.0986122886681098,1.3862943611198906,1.6094379124341003,1.3862943611198906,2.1972245773362196,1.9459101490553132,1.9459101490553132,1.791759469228055,1.0986122886681098,0.6931471805599453,2.70805020110221,2.6390573296152584,2.70805020110221,0.6931471805599453,1.0986122886681098,0.0,0.0,1.3862943611198906,0.0,3.8501476017100584,2.3978952727983707,0.0,1.791759469228055,1.791759469228055,1.0986122886681098,1.6094379124341003,1.6094379124341003,1.3862943611198906,1.0986122886681098,0.0,2.1972245773362196,0.0,1.0986122886681098,0.6931471805599453,0.6931471805599453,1.3862943611198906,0.0,0.0,0.0,1.0986122886681098,0.0,1.0986122886681098,0.0,0.0,1.0986122886681098,1.0986122886681098,1.0986122886681098,1.0986122886681098,0.0,0.0,0.0,0.0,1.0986122886681098,0.0,1.0986122886681098,1.0986122886681098,0.0
125,Male,Second year,Science,10-17,In your room (dorms),Alone,Learning by practicing;Project-based learning,Books;Online tutorials;Online documents,Yes,Bad quality of internet,Teachers' teaching method,Lack of time,Pressure,Not having a good (powerful) computer,Teaching language,Lack of previous knowledge or experience in the field,Private life problems,Lack of motivation,1.0,Yes,5.0,5.0,Positively,8 hours or more,4.0,8.0,9.0,9.0,7.0,Lack of previous knowledge or experience in the field,You do not care about,2,1.0,14.0,13.0,14.0,High,High,High,Moderate,High,Moderate,High,High,Moderate,Moderate,Moderate,Moderate,High,High,High,High,Moderate,High,Very High,Very High,High,1,2,1,0,3,0,17,12,1,0,6,2,4,3,7,1,5,8,1,1,2,1,3,0,0,0,2,0,2,0,0,2,2,2,2,0,0,0,0,2,0,2,2,0,4.836281906951478,0.6931471805599453,1.791759469228055,1.791759469228055,1.6094379124341003,2.1972245773362196,2.302585092994046,2.302585092994046,2.0794415416798357,1.0986122886681098,0.6931471805599453,2.70805020110221,2.6390573296152584,2.70805020110221,0.6931471805599453,1.0986122886681098,0.6931471805599453,0.0,1.3862943611198906,0.0,2.8903717578961645,2.5649493574615367,0.6931471805599453,0.0,1.9459101490553132,1.0986122886681098,1.6094379124341003,1.3862943611198906,2.0794415416798357,0.6931471805599453,1.791759469228055,2.1972245773362196,0.6931471805599453,0.6931471805599453,1.0986122886681098,0.6931471805599453,1.3862943611198906,0.0,0.0,0.0,1.0986122886681098,0.0,1.0986122886681098,0.0,0.0,1.0986122886681098,1.0986122886681098,1.0986122886681098,1.0986122886681098,0.0,0.0,0.0,0.0,1.0986122886681098,0.0,1.0986122886681098,1.0986122886681098,0.0
126,Male,Second year,Science,34-41,In your room (dorms),In peer,Lectures;Learning by practicing;Online courses and tutorials,Online tutorials;Online documents;YouTube videos,No,Lack of time,Teachers' teaching method,Private life problems,Pressure,Lack of previous knowledge or experience in the field,Not having a good (powerful) computer,Teaching language,Bad quality of internet,Lack of motivation,3.0,Yes,3.0,4.0,You do not care about,5-7 hours,4.0,7.0,7.0,7.0,8.0,Lack of previous knowledge or experience in the field,You do not care about,2,1.0,14.0,14.0,14.0,High,High,Moderate,High,High,High,High,High,High,High,High,High,High,High,High,High,Moderate,High,Very High,Very High,High,1,2,1,3,3,1,40,31,0,2,6,5,4,1,3,7,0,8,1,2,1,1,3,0,0,2,0,0,0,0,0,0,0,0,0,0,0,0,0,2,0,2,2,0,4.844187086458591,1.3862943611198906,1.3862943611198906,1.6094379124341003,1.6094379124341003,2.0794415416798357,2.0794415416798357,2.0794415416798357,2.1972245773362196,1.0986122886681098,0.6931471805599453,2.70805020110221,2.70805020110221,2.70805020110221,0.6931471805599453,1.0986122886681098,0.6931471805599453,1.3862943611198906,1.3862943611198906,0.6931471805599453,3.713572066704308,3.4657359027997265,0.0,1.0986122886681098,1.9459101490553132,1.791759469228055,1.6094379124341003,0.6931471805599453,1.3862943611198906,2.0794415416798357,0.0,2.1972245773362196,0.6931471805599453,1.0986122886681098,0.6931471805599453,0.6931471805599453,1.3862943611198906,0.0,0.0,1.0986122886681098,0.0,0.0,0.0,0.0,0.0,0.0,0.0,0.0,0.0,0.0,0.0,0.0,0.0,1.0986122886681098,0.0,1.0986122886681098,1.0986122886681098,0.0
127,Male,Second year,Mathematics,34-41,At home,Alone,Lectures;Learning by practicing;Mind mapping and visualization,Online tutorials;Online documents;YouTube videos,No,Private life problems,Lack of previous knowledge or experience in the field,Teachers' teaching method,Teaching language,Pressure,Bad quality of internet,Lack of time,Not having a good (powerful) computer,Lack of motivation,2.0,No,3.0,4.0,Negatively,5-7 hours,3.0,7.0,8.0,7.0,7.0,Lack of previous knowledge or experience in the field,You do not care about,2,1.0,14.0,14.0,14.0,High,Moderate,High,Very High,High,High,High,High,High,Moderate,High,High,High,High,High,High,Moderate,High,Very High,Very High,High,1,2,0,3,0,0,38,31,0,4,1,6,7,4,0,2,3,8,0,0,1,1,3,0,2,0,3,0,0,0,0,0,2,0,0,0,0,0,0,2,0,2,2,0,4.852030263919617,1.0986122886681098,1.3862943611198906,1.6094379124341003,1.3862943611198906,2.0794415416798357,2.1972245773362196,2.0794415416798357,2.0794415416798357,1.0986122886681098,0.6931471805599453,2.70805020110221,2.70805020110221,2.70805020110221,0.6931471805599453,1.0986122886681098,0.0,1.3862943611198906,0.0,0.0,3.6635616461296463,3.4657359027997265,0.0,1.6094379124341003,0.6931471805599453,1.9459101490553132,2.0794415416798357,1.6094379124341003,0.0,1.0986122886681098,1.3862943611198906,2.1972245773362196,0.0,0.0,0.6931471805599453,0.6931471805599453,1.3862943611198906,0.0,1.0986122886681098,0.0,1.3862943611198906,0.0,0.0,0.0,0.0,0.0,1.0986122886681098,0.0,0.0,0.0,0.0,0.0,0.0,1.0986122886681098,0.0,1.0986122886681098,1.0986122886681098,0.0
128,Female,Third year,Science,34-41,In your room (dorms),Alone,Lectures;Learning by practicing;Project-based learning;Online courses and tutorials,Online tutorials;Online documents;YouTube videos,No,Pressure,Lack of time,Bad quality of internet,Private life problems,Teachers' teaching method,Lack of previous knowledge or experience in the field,Teaching language,Not having a good (powerful) computer,"Guergour, thabet, dib, w abdou jirani, nahkiw mashi n9raw ( w mouchaal lol)",3.0,Yes,5.0,5.0,Positively,5-7 hours,4.0,8.0,9.0,8.0,7.0,Bad quality of internet,You do not care about,3,2.0,14.0,14.0,14.0,High,Moderate,High,Very High,Very High,High,Moderate,High,Low,Moderate,High,High,High,High,High,High,Moderate,High,Very High,Very High,High,0,3,1,3,3,0,45,31,0,3,2,0,5,6,1,7,3,4,1,1,1,0,3,0,2,0,3,3,0,2,0,1,2,0,0,0,0,0,0,2,0,2,2,0,4.859812404361672,1.3862943611198906,1.791759469228055,1.791759469228055,1.6094379124341003,2.1972245773362196,2.302585092994046,2.1972245773362196,2.0794415416798357,1.3862943611198906,1.0986122886681098,2.70805020110221,2.70805020110221,2.70805020110221,0.0,1.3862943611198906,0.6931471805599453,1.3862943611198906,1.3862943611198906,0.0,3.828641396489095,3.4657359027997265,0.0,1.3862943611198906,1.0986122886681098,0.0,1.791759469228055,1.9459101490553132,0.6931471805599453,2.0794415416798357,1.3862943611198906,1.6094379124341003,0.6931471805599453,0.6931471805599453,0.6931471805599453,0.0,1.3862943611198906,0.0,1.0986122886681098,0.0,1.3862943611198906,1.3862943611198906,0.0,1.0986122886681098,0.0,0.6931471805599453,1.0986122886681098,0.0,0.0,0.0,0.0,0.0,0.0,1.0986122886681098,0.0,1.0986122886681098,1.0986122886681098,0.0
129,Male,Second year,Mathematics,18-25,In your room (dorms),Alone,"Lectures, Learning by practicing","Online tutorials, Online documents, YouTube videos",No,Teachers' teaching method,Lack of previous knowledge or experience in the field,Pressure,Lack of previous knowledge or experience in the field,Teaching language,Lack of time,Private life problems,Not having a good (powerful) computer,Lack of motivation,1.0,No,2.0,5.0,You do not care about,5-7 hours,1.0,7.0,7.0,7.0,7.0,Bad quality of internet,You do not care about,2,1.0,14.0,14.0,14.0,High,Moderate,High,Very High,Very High,High,High,High,Moderate,Moderate,High,High,Very High,High,High,High,Moderate,High,Very High,High,High,1,2,0,1,3,0,24,26,0,5,1,4,1,7,2,5,3,8,0,2,1,0,3,0,2,0,3,3,0,0,0,2,2,0,0,2,0,0,0,2,0,2,0,0,4.867534450455582,0.6931471805599453,1.0986122886681098,1.791759469228055,0.6931471805599453,2.0794415416798357,2.0794415416798357,2.0794415416798357,2.0794415416798357,1.0986122886681098,0.6931471805599453,2.70805020110221,2.70805020110221,2.70805020110221,0.6931471805599453,1.0986122886681098,0.0,0.6931471805599453,1.3862943611198906,0.0,3.2188758248682006,3.295836866004329,0.0,1.791759469228055,0.6931471805599453,1.6094379124341003,0.6931471805599453,2.0794415416798357,1.0986122886681098,1.791759469228055,1.3862943611198906,2.1972245773362196,0.0,1.0986122886681098,0.6931471805599453,0.0,1.3862943611198906,0.0,1.0986122886681098,0.0,1.3862943611198906,1.3862943611198906,0.0,0.0,0.0,1.0986122886681098,1.0986122886681098,0.0,0.0,1.0986122886681098,0.0,0.0,0.0,1.0986122886681098,0.0,1.0986122886681098,0.0,0.0
130,Male,Second year,Technical maths,18-25,In your room (dorms),Alone,Lectures;Learning by practicing;Online courses and tutorials,Online tutorials;Online documents,Yes,Lack of time,Pressure,Bad quality of internet,Not having a good (powerful) computer,Teachers' teaching method,Lack of previous knowledge or experience in the field,Private life problems,Teaching language,Lack of motivation,3.0,No,4.0,4.0,Positively,5-7 hours,4.0,5.0,7.0,7.0,6.0,Lack of previous knowledge or experience in the field,You do not care about,2,1.0,14.0,14.0,14.0,Moderate,High,High,Very High,Moderate,Moderate,Moderate,High,High,High,High,Moderate,Very High,High,High,High,Moderate,High,Very High,High,High,1,2,2,1,3,0,40,30,1,2,4,0,3,6,1,5,7,8,0,1,1,1,3,2,0,0,3,2,2,2,0,0,0,0,2,2,0,0,0,2,0,2,0,0,4.875197323201151,1.3862943611198906,1.6094379124341003,1.6094379124341003,1.6094379124341003,1.791759469228055,2.0794415416798357,2.0794415416798357,1.9459101490553132,1.0986122886681098,0.6931471805599453,2.70805020110221,2.70805020110221,2.70805020110221,0.6931471805599453,1.0986122886681098,1.0986122886681098,0.6931471805599453,1.3862943611198906,0.0,3.713572066704308,3.4339872044851463,0.6931471805599453,1.0986122886681098,1.6094379124341003,0.0,1.3862943611198906,1.9459101490553132,0.6931471805599453,1.791759469228055,2.0794415416798357,2.1972245773362196,0.0,0.6931471805599453,0.6931471805599453,0.6931471805599453,1.3862943611198906,1.0986122886681098,0.0,0.0,1.3862943611198906,1.0986122886681098,1.0986122886681098,1.0986122886681098,0.0,0.0,0.0,0.0,1.0986122886681098,1.0986122886681098,0.0,0.0,0.0,1.0986122886681098,0.0,1.0986122886681098,0.0,0.0
131,Male,Third year,Science,10-17,At home,In peer,Learning by practicing;Project-based learning;Mind mapping and visualization;Interactive workshops;Online courses and tutorials,YouTube videos,No,Teaching language,Lack of previous knowledge or experience in the field,Teachers' teaching method,Lack of time,Pressure,Private life problems,Bad quality of internet,Not having a good (powerful) computer,"Guergour, thabet, dib, w abdou jirani, nahkiw mashi n9raw ( w mouchaal lol)",4.0,Yes,3.0,3.0,Positively,8 hours or more,5.0,7.0,7.0,7.0,7.0,Bad quality of internet,You do not care about,3,2.0,14.0,14.0,14.0,Moderate,High,High,Very High,High,Moderate,Moderate,High,Low,Moderate,Moderate,High,Very High,High,High,High,Moderate,High,Very High,High,High,1,3,1,0,0,1,20,36,0,6,1,6,2,4,5,0,3,4,1,1,2,0,3,2,0,0,3,0,2,2,0,1,2,2,0,2,0,0,0,2,0,2,0,0,4.882801922586371,1.6094379124341003,1.3862943611198906,1.3862943611198906,1.791759469228055,2.0794415416798357,2.0794415416798357,2.0794415416798357,2.0794415416798357,1.3862943611198906,1.0986122886681098,2.70805020110221,2.70805020110221,2.70805020110221,0.6931471805599453,1.3862943611198906,0.6931471805599453,0.0,0.0,0.6931471805599453,3.044522437723423,3.6109179126442243,0.0,1.9459101490553132,0.6931471805599453,1.9459101490553132,1.0986122886681098,1.6094379124341003,1.791759469228055,0.0,1.3862943611198906,1.6094379124341003,0.6931471805599453,0.6931471805599453,1.0986122886681098,0.0,1.3862943611198906,1.0986122886681098,0.0,0.0,1.3862943611198906,0.0,1.0986122886681098,1.0986122886681098,0.0,0.6931471805599453,1.0986122886681098,1.0986122886681098,0.0,1.0986122886681098,0.0,0.0,0.0,1.0986122886681098,0.0,1.0986122886681098,0.0,0.0
132,Male,Second year,Mathematics,26-33,In the school's library,Alone,"Learning by practicing, Online courses and tutorials","Online tutorials, YouTube videos",Yes,Pressure,Lack of previous knowledge or experience in the field,Teachers' teaching method,Lack of previous knowledge or experience in the field,Teaching language,Bad quality of internet,Lack of time,Not having a good (powerful) computer,Lack of motivation,2.0,Yes,4.0,4.0,You do not care about,8 hours or more,2.0,7.0,7.0,7.0,8.0,Private life problems,Positively,2,1.0,14.0,14.0,14.0,Moderate,High,High,Very High,High,Moderate,High,High,Moderate,Moderate,Moderate,High,Very High,High,High,High,High,High,Very High,Very High,High,1,2,0,2,2,0,6,29,1,3,1,6,1,7,0,2,3,8,1,2,2,5,1,2,0,0,3,0,2,0,0,2,2,2,0,2,0,0,0,0,0,2,2,0,4.890349128221754,1.0986122886681098,1.6094379124341003,1.6094379124341003,1.0986122886681098,2.0794415416798357,2.0794415416798357,2.0794415416798357,2.1972245773362196,1.0986122886681098,0.6931471805599453,2.70805020110221,2.70805020110221,2.70805020110221,0.6931471805599453,1.0986122886681098,0.0,1.0986122886681098,1.0986122886681098,0.0,1.9459101490553132,3.4011973816621555,0.6931471805599453,1.3862943611198906,0.6931471805599453,1.9459101490553132,0.6931471805599453,2.0794415416798357,0.0,1.0986122886681098,1.3862943611198906,2.1972245773362196,0.6931471805599453,1.0986122886681098,1.0986122886681098,1.791759469228055,0.6931471805599453,1.0986122886681098,0.0,0.0,1.3862943611198906,0.0,1.0986122886681098,0.0,0.0,1.0986122886681098,1.0986122886681098,1.0986122886681098,0.0,1.0986122886681098,0.0,0.0,0.0,0.0,0.0,1.0986122886681098,1.0986122886681098,0.0
133,Female,Second year,Mathematics,18-25,In the school's library,Alone,Lectures;Learning by practicing;Online courses and tutorials,Books;Online tutorials;YouTube videos,Yes,Pressure,Lack of time,Bad quality of internet,Teachers' teaching method,Private life problems,Lack of previous knowledge or experience in the field,Teaching language,Not having a good (powerful) computer,Procrastinating,3.0,Yes,5.0,4.0,Positively,5-7 hours,2.0,9.0,7.0,7.0,5.0,Lack of previous knowledge or experience in the field,You do not care about,2,1.0,14.0,14.0,14.0,High,High,Moderate,Very High,High,Moderate,High,High,Moderate,Moderate,Moderate,Moderate,Very High,High,High,High,High,High,Very High,Very High,High,0,2,0,1,2,0,40,14,1,3,2,0,6,5,1,7,3,16,1,1,1,1,3,0,0,2,3,0,2,0,0,2,2,2,2,2,0,0,0,0,0,2,2,0,4.897839799950911,1.3862943611198906,1.791759469228055,1.6094379124341003,1.0986122886681098,2.302585092994046,2.0794415416798357,2.0794415416798357,1.791759469228055,1.0986122886681098,0.6931471805599453,2.70805020110221,2.70805020110221,2.70805020110221,0.0,1.0986122886681098,0.0,0.6931471805599453,1.0986122886681098,0.0,3.713572066704308,2.70805020110221,0.6931471805599453,1.3862943611198906,1.0986122886681098,0.0,1.9459101490553132,1.791759469228055,0.6931471805599453,2.0794415416798357,1.3862943611198906,2.833213344056216,0.6931471805599453,0.6931471805599453,0.6931471805599453,0.6931471805599453,1.3862943611198906,0.0,0.0,1.0986122886681098,1.3862943611198906,0.0,1.0986122886681098,0.0,0.0,1.0986122886681098,1.0986122886681098,1.0986122886681098,1.0986122886681098,1.0986122886681098,0.0,0.0,0.0,0.0,0.0,1.0986122886681098,1.0986122886681098,0.0
134,Male,Second year,Mathematics,10-17,In your room (dorms),In peer,Online courses and tutorials,Online tutorials;Online documents;YouTube videos,No,Private life problems,Private life problems,Private life problems,Private life problems,Private life problems,Private life problems,Private life problems,Private life problems,Missing web dev midterm exam :'(,3.0,Yes,4.0,4.0,You do not care about,8 hours or more,5.0,8.0,9.0,10.0,7.0,Lack of previous knowledge or experience in the field,You do not care about,2,1.0,14.0,14.0,14.0,High,High,High,Very High,High,Moderate,High,Very High,Moderate,High,Very High,High,Very High,High,High,High,High,High,Very High,Very High,High,1,2,0,0,3,1,54,31,0,4,5,5,5,5,5,5,5,10,1,2,2,1,3,0,0,0,3,0,2,0,3,2,0,3,0,2,0,0,0,0,0,2,2,0,4.90527477843843,1.3862943611198906,1.6094379124341003,1.6094379124341003,1.791759469228055,2.1972245773362196,2.302585092994046,2.3978952727983707,2.0794415416798357,1.0986122886681098,0.6931471805599453,2.70805020110221,2.70805020110221,2.70805020110221,0.6931471805599453,1.0986122886681098,0.0,0.0,1.3862943611198906,0.6931471805599453,4.007333185232471,3.4657359027997265,0.0,1.6094379124341003,1.791759469228055,1.791759469228055,1.791759469228055,1.791759469228055,1.791759469228055,1.791759469228055,1.791759469228055,2.3978952727983707,0.6931471805599453,1.0986122886681098,1.0986122886681098,0.6931471805599453,1.3862943611198906,0.0,0.0,0.0,1.3862943611198906,0.0,1.0986122886681098,0.0,1.3862943611198906,1.0986122886681098,0.0,1.3862943611198906,0.0,1.0986122886681098,0.0,0.0,0.0,0.0,0.0,1.0986122886681098,1.0986122886681098,0.0
135,Female,Second year,Science,More than 41 hours,In your room (dorms),Alone,"Learning by practicing, Project-based learning, Online courses and tutorials","Online tutorials, Online documents, YouTube videos",No,Lack of time,Bad quality of internet,Teachers' teaching method,Lack of previous knowledge or experience in the field,Lack of previous knowledge or experience in the field,Private life problems,Teaching language,Not having a good (powerful) computer,Lack of motivation,3.0,Yes,4.0,5.0,You do not care about,5-7 hours,4.0,9.0,8.0,7.0,7.0,Pressure,Positively,2,1.0,14.0,14.0,14.0,High,High,High,Very High,High,Very High,High,Very High,Moderate,High,Very High,High,Very High,High,High,High,High,High,Very High,Very High,High,0,2,1,5,3,0,11,26,0,2,0,6,1,1,5,7,3,8,1,2,1,4,1,0,0,0,3,0,3,0,3,2,0,3,0,2,0,0,0,0,0,2,2,0,4.912654885736052,1.3862943611198906,1.6094379124341003,1.791759469228055,1.6094379124341003,2.302585092994046,2.1972245773362196,2.0794415416798357,2.0794415416798357,1.0986122886681098,0.6931471805599453,2.70805020110221,2.70805020110221,2.70805020110221,0.0,1.0986122886681098,0.6931471805599453,1.791759469228055,1.3862943611198906,0.0,2.4849066497880004,3.295836866004329,0.0,1.0986122886681098,0.0,1.9459101490553132,0.6931471805599453,0.6931471805599453,1.791759469228055,2.0794415416798357,1.3862943611198906,2.1972245773362196,0.6931471805599453,1.0986122886681098,0.6931471805599453,1.6094379124341003,0.6931471805599453,0.0,0.0,0.0,1.3862943611198906,0.0,1.3862943611198906,0.0,1.3862943611198906,1.0986122886681098,0.0,1.3862943611198906,0.0,1.0986122886681098,0.0,0.0,0.0,0.0,0.0,1.0986122886681098,1.0986122886681098,0.0
136,Male,Third year,Science,10-17,In your room (dorms),In peer,Lectures;Mind mapping and visualization,YouTube videos;Resources provided by teachers (slides),No,Lack of time,Pressure,Bad quality of internet,Teachers' teaching method,Not having a good (powerful) computer,Bad quality of internet,Private life problems,Teaching language,The exaggerated amount of tasks given by teachers,4.0,Yes,5.0,5.0,Positively,5-7 hours,5.0,8.0,8.0,8.0,8.0,Bad quality of internet,You do not care about,3,2.0,14.0,14.0,14.0,Moderate,Very High,High,Very High,High,Very High,High,Very High,Moderate,High,Very High,High,Very High,High,High,High,High,High,Very High,Very High,High,1,3,1,0,3,1,46,40,0,2,4,0,6,3,0,5,7,19,1,1,1,0,3,2,3,0,3,0,3,0,3,2,0,3,0,2,0,0,0,0,0,2,2,0,4.919980925828125,1.6094379124341003,1.791759469228055,1.791759469228055,1.791759469228055,2.1972245773362196,2.1972245773362196,2.1972245773362196,2.1972245773362196,1.3862943611198906,1.0986122886681098,2.70805020110221,2.70805020110221,2.70805020110221,0.6931471805599453,1.3862943611198906,0.6931471805599453,0.0,1.3862943611198906,0.6931471805599453,3.8501476017100584,3.713572066704308,0.0,1.0986122886681098,1.6094379124341003,0.0,1.9459101490553132,1.3862943611198906,0.0,1.791759469228055,2.0794415416798357,2.995732273553991,0.6931471805599453,0.6931471805599453,0.6931471805599453,0.0,1.3862943611198906,1.0986122886681098,1.3862943611198906,0.0,1.3862943611198906,0.0,1.3862943611198906,0.0,1.3862943611198906,1.0986122886681098,0.0,1.3862943611198906,0.0,1.0986122886681098,0.0,0.0,0.0,0.0,0.0,1.0986122886681098,1.0986122886681098,0.0
137,Female,Fourth year,Technical maths,More than 41,In your room (dorms),Alone,Lectures;Learning by practicing;Online courses and tutorials,Books;Online documents,Yes,Teachers' teaching method,Lack of time,Bad quality of internet,Pressure,Lack of previous knowledge or experience in the field,Private life problems,Not having a good (powerful) computer,Teaching language,"The not organized study schedule put by the school , some modules requires TD and they do not have ...",2.0,No,3.0,4.0,You do not care about,5-7 hours,3.0,7.0,6.0,7.0,9.0,Unknown,Unknown,4,3.0,14.0,14.0,14.0,Moderate,Very High,High,Very High,High,Very High,High,Very High,Moderate,High,Very High,High,Very High,High,High,High,High,High,Very High,Very High,High,0,1,2,4,3,0,40,8,1,5,2,0,4,1,5,3,7,21,0,2,1,8,2,2,3,0,3,0,3,0,3,2,0,3,0,2,0,0,0,0,0,2,2,0,4.927253685157205,1.0986122886681098,1.3862943611198906,1.6094379124341003,1.3862943611198906,2.0794415416798357,1.9459101490553132,2.0794415416798357,2.302585092994046,1.6094379124341003,1.3862943611198906,2.70805020110221,2.70805020110221,2.70805020110221,0.0,0.6931471805599453,1.0986122886681098,1.6094379124341003,1.3862943611198906,0.0,3.713572066704308,2.1972245773362196,0.6931471805599453,1.791759469228055,1.0986122886681098,0.0,1.6094379124341003,0.6931471805599453,1.791759469228055,1.3862943611198906,2.0794415416798357,3.091042453358316,0.0,1.0986122886681098,0.6931471805599453,2.1972245773362196,1.0986122886681098,1.0986122886681098,1.3862943611198906,0.0,1.3862943611198906,0.0,1.3862943611198906,0.0,1.3862943611198906,1.0986122886681098,0.0,1.3862943611198906,0.0,1.0986122886681098,0.0,0.0,0.0,0.0,0.0,1.0986122886681098,1.0986122886681098,0.0
138,Male,Fourth year,Mathematics,18-25,In your room (dorms),Alone,Learning by practicing;Project-based learning,Books,No,Private life problems,Teachers' teaching method,Lack of time,Lack of previous knowledge or experience in the field,Pressure,Lack of time,Not having a good (powerful) computer,Teaching language,"The not organized study schedule put by the school , some modules requires TD and they do not have ...",3.0,Yes,3.0,4.0,You do not care about,5-7 hours,2.0,9.0,8.0,7.0,7.0,Unknown,Unknown,4,3.0,14.0,14.0,14.0,Moderate,Very High,High,Very High,High,Very High,High,Very High,Moderate,High,Very High,High,Very High,High,High,High,High,High,Very High,Very High,High,1,1,0,1,3,0,17,0,0,4,6,2,1,4,2,3,7,21,1,2,1,8,2,2,3,0,3,0,3,0,3,2,0,3,0,2,0,0,0,0,0,2,2,0,4.9344739331306915,1.3862943611198906,1.3862943611198906,1.6094379124341003,1.0986122886681098,2.302585092994046,2.1972245773362196,2.0794415416798357,2.0794415416798357,1.6094379124341003,1.3862943611198906,2.70805020110221,2.70805020110221,2.70805020110221,0.6931471805599453,0.6931471805599453,0.0,0.6931471805599453,1.3862943611198906,0.0,2.8903717578961645,0.0,0.0,1.6094379124341003,1.9459101490553132,1.0986122886681098,0.6931471805599453,1.6094379124341003,1.0986122886681098,1.3862943611198906,2.0794415416798357,3.091042453358316,0.6931471805599453,1.0986122886681098,0.6931471805599453,2.1972245773362196,1.0986122886681098,1.0986122886681098,1.3862943611198906,0.0,1.3862943611198906,0.0,1.3862943611198906,0.0,1.3862943611198906,1.0986122886681098,0.0,1.3862943611198906,0.0,1.0986122886681098,0.0,0.0,0.0,0.0,0.0,1.0986122886681098,1.0986122886681098,0.0
139,Male,Fourth year,Mathematics,10-17,In the school's library,In peer,Project-based learning;Interactive workshops,Books;Online tutorials,No,Pressure,Lack of time,Teachers' teaching method,Lack of previous knowledge or experience in the field,Not having a good (powerful) computer,Private life problems,Bad quality of internet,Teaching language,"The not organized study schedule put by the school , some modules requires TD and they do not have ...",2.0,Yes,4.0,4.0,You do not care about,8 hours or more,2.0,9.0,9.0,9.0,7.0,Unknown,Unknown,4,2.0,14.0,14.0,14.0,Moderate,Very High,High,Very High,High,Very High,High,Very High,Moderate,High,Very High,High,Very High,High,High,High,High,High,Very High,Very High,High,1,1,0,0,2,1,56,11,0,3,2,6,1,3,5,0,7,21,1,2,2,8,2,2,3,0,3,0,3,0,3,2,0,3,0,2,0,0,0,0,0,2,2,0,4.941642422609304,1.0986122886681098,1.6094379124341003,1.6094379124341003,1.0986122886681098,2.302585092994046,2.302585092994046,2.302585092994046,2.0794415416798357,1.6094379124341003,1.0986122886681098,2.70805020110221,2.70805020110221,2.70805020110221,0.6931471805599453,0.6931471805599453,0.0,0.0,1.0986122886681098,0.6931471805599453,4.04305126783455,2.4849066497880004,0.0,1.3862943611198906,1.0986122886681098,1.9459101490553132,0.6931471805599453,1.3862943611198906,1.791759469228055,0.0,2.0794415416798357,3.091042453358316,0.6931471805599453,1.0986122886681098,1.0986122886681098,2.1972245773362196,1.0986122886681098,1.0986122886681098,1.3862943611198906,0.0,1.3862943611198906,0.0,1.3862943611198906,0.0,1.3862943611198906,1.0986122886681098,0.0,1.3862943611198906,0.0,1.0986122886681098,0.0,0.0,0.0,0.0,0.0,1.0986122886681098,1.0986122886681098,0.0
140,Female,Second year,Mathematics,10-17,In the school's library,Alone,Online courses and tutorials,Online tutorials;YouTube videos,No,Teachers' teaching method,Lack of time,Lack of previous knowledge or experience in the field,Pressure,Private life problems,Not having a good (powerful) computer,Teaching language,Bad quality of internet,Lack of motivation,3.0,No,3.0,4.0,You do not care about,5-7 hours,2.0,7.0,6.0,6.0,6.0,Lack of previous knowledge or experience in the field,You do not care about,2,1.0,15.0,13.0,14.0,Moderate,Moderate,High,High,High,High,High,High,Low,High,High,Moderate,Very High,High,High,High,High,High,Very High,Very High,High,0,2,0,0,2,0,54,34,0,5,2,1,4,5,3,7,0,8,0,2,1,1,3,2,2,0,0,0,0,0,0,1,0,0,2,2,0,0,0,0,0,2,2,0,4.948759890378168,1.3862943611198906,1.3862943611198906,1.6094379124341003,1.0986122886681098,2.0794415416798357,1.9459101490553132,1.9459101490553132,1.9459101490553132,1.0986122886681098,0.6931471805599453,2.772588722239781,2.6390573296152584,2.70805020110221,0.0,1.0986122886681098,0.0,0.0,1.0986122886681098,0.0,4.007333185232471,3.5553480614894135,0.0,1.791759469228055,1.0986122886681098,0.6931471805599453,1.6094379124341003,1.791759469228055,1.3862943611198906,2.0794415416798357,0.0,2.1972245773362196,0.0,1.0986122886681098,0.6931471805599453,0.6931471805599453,1.3862943611198906,1.0986122886681098,1.0986122886681098,0.0,0.0,0.0,0.0,0.0,0.0,0.6931471805599453,0.0,0.0,1.0986122886681098,1.0986122886681098,0.0,0.0,0.0,0.0,0.0,1.0986122886681098,1.0986122886681098,0.0
141,Male,Second year,Science,26-33,In the school's library,Alone,"Learning by practicing, Interactive workshops","Online documents, YouTube videos",No,Pressure,Lack of time,Bad quality of internet,Lack of previous knowledge or experience in the field,Lack of previous knowledge or experience in the field,Teachers' teaching method,Not having a good (powerful) computer,Teaching language,Lack of motivation,2.0,Yes,3.0,4.0,You do not care about,5-7 hours,3.0,9.0,8.0,8.0,6.0,Private life problems,Positively,2,1.0,15.0,13.0,14.0,Moderate,Moderate,High,High,High,High,High,High,Moderate,High,High,Moderate,Very High,High,Very High,High,High,High,High,High,High,1,2,1,2,2,0,1,19,0,3,2,0,1,1,6,3,7,8,1,2,1,5,1,2,2,0,0,0,0,0,0,2,0,0,2,2,0,1,0,0,0,0,0,0,4.955827057601261,1.0986122886681098,1.3862943611198906,1.6094379124341003,1.3862943611198906,2.302585092994046,2.1972245773362196,2.1972245773362196,1.9459101490553132,1.0986122886681098,0.6931471805599453,2.772588722239781,2.6390573296152584,2.70805020110221,0.6931471805599453,1.0986122886681098,0.6931471805599453,1.0986122886681098,1.0986122886681098,0.0,0.6931471805599453,2.995732273553991,0.0,1.3862943611198906,1.0986122886681098,0.0,0.6931471805599453,0.6931471805599453,1.9459101490553132,1.3862943611198906,2.0794415416798357,2.1972245773362196,0.6931471805599453,1.0986122886681098,0.6931471805599453,1.791759469228055,0.6931471805599453,1.0986122886681098,1.0986122886681098,0.0,0.0,0.0,0.0,0.0,0.0,1.0986122886681098,0.0,0.0,1.0986122886681098,1.0986122886681098,0.0,0.6931471805599453,0.0,0.0,0.0,0.0,0.0,0.0
142,Male,Second year,Mathematics,10-17,In the school's library,Alone,Lectures;Learning by practicing;Online courses and tutorials,Online tutorials;Online documents,No,Teachers' teaching method,Lack of time,Bad quality of internet,Lack of previous knowledge or experience in the field,Pressure,Teaching language,Not having a good (powerful) computer,Private life problems,"Not having a place to study at , I prefer studying in the school's library, but its full for most of the time and even if I find a place , the library is freezing cold , I cant stay there after 7pm, ive been facing the coldness issue since last year",2.0,No,3.0,5.0,Positively,5-7 hours,4.0,9.0,8.0,9.0,8.0,Lack of previous knowledge or experience in the field,You do not care about,2,1.0,15.0,13.0,14.0,High,High,High,High,Very High,High,High,High,Moderate,Moderate,High,High,Very High,High,Very High,High,High,High,High,High,High,1,2,0,0,2,0,40,30,0,5,2,0,1,4,7,3,5,12,0,1,1,1,3,0,0,0,0,3,0,0,0,2,2,0,0,2,0,1,0,0,0,0,0,0,4.962844630259907,1.0986122886681098,1.3862943611198906,1.791759469228055,1.6094379124341003,2.302585092994046,2.1972245773362196,2.302585092994046,2.1972245773362196,1.0986122886681098,0.6931471805599453,2.772588722239781,2.6390573296152584,2.70805020110221,0.6931471805599453,1.0986122886681098,0.0,0.0,1.0986122886681098,0.0,3.713572066704308,3.4339872044851463,0.0,1.791759469228055,1.0986122886681098,0.0,0.6931471805599453,1.6094379124341003,2.0794415416798357,1.3862943611198906,1.791759469228055,2.5649493574615367,0.0,0.6931471805599453,0.6931471805599453,0.6931471805599453,1.3862943611198906,0.0,0.0,0.0,0.0,1.3862943611198906,0.0,0.0,0.0,1.0986122886681098,1.0986122886681098,0.0,0.0,1.0986122886681098,0.0,0.6931471805599453,0.0,0.0,0.0,0.0,0.0,0.0
143,Male,Third year,Mathematics,10-17,In your room (dorms),Alone,Learning by practicing;Project-based learning;Mind mapping and visualization,Books;YouTube videos,No,Lack of time,Teachers' teaching method,Lack of previous knowledge or experience in the field,Bad quality of internet,Lack of previous knowledge or experience in the field,Private life problems,Not having a good (powerful) computer,Teaching language,أيها الڨرڨور,3.0,No,5.0,5.0,You do not care about,8 hours or more,5.0,4.0,8.0,8.0,9.0,Bad quality of internet,You do not care about,3,2.0,15.0,13.0,14.0,High,Moderate,Moderate,Moderate,High,High,High,Moderate,Moderate,Very High,High,High,Very High,High,Very High,High,High,High,High,High,High,1,3,0,0,3,0,18,16,0,2,6,1,0,1,5,3,7,31,0,2,2,0,3,0,2,2,2,0,0,0,2,2,3,0,0,2,0,1,0,0,0,0,0,0,4.969813299576001,1.3862943611198906,1.791759469228055,1.791759469228055,1.791759469228055,1.6094379124341003,2.1972245773362196,2.1972245773362196,2.302585092994046,1.3862943611198906,1.0986122886681098,2.772588722239781,2.6390573296152584,2.70805020110221,0.6931471805599453,1.3862943611198906,0.0,0.0,1.3862943611198906,0.0,2.9444389791664403,2.833213344056216,0.0,1.0986122886681098,1.9459101490553132,0.6931471805599453,0.0,0.6931471805599453,1.791759469228055,1.3862943611198906,2.0794415416798357,3.4657359027997265,0.0,1.0986122886681098,1.0986122886681098,0.0,1.3862943611198906,0.0,1.0986122886681098,1.0986122886681098,1.0986122886681098,0.0,0.0,0.0,1.0986122886681098,1.0986122886681098,1.3862943611198906,0.0,0.0,1.0986122886681098,0.0,0.6931471805599453,0.0,0.0,0.0,0.0,0.0,0.0
144,Female,Second year,Science,18-25,In your room (dorms),Alone,"Learning by practicing, Project-based learning","Books, Online tutorials, Online documents, YouTube videos",Yes,Pressure,Lack of time,Teachers' teaching method,Lack of previous knowledge or experience in the field,Private life problems,Teaching language,Lack of previous knowledge or experience in the field,Not having a good (powerful) computer,Lack of motivation,3.0,Yes,4.0,5.0,You do not care about,5-7 hours,3.0,9.0,9.0,9.0,7.0,Bad quality of internet,You do not care about,2,1.0,15.0,13.0,14.0,High,Moderate,Moderate,Moderate,High,High,High,Moderate,Moderate,Very High,High,High,Very High,High,Very High,High,High,High,High,Very High,Moderate,0,2,1,1,3,0,7,4,1,3,2,6,1,5,7,1,3,8,1,2,1,0,3,0,2,2,2,0,0,0,2,2,3,0,0,2,0,1,0,0,0,0,2,2,4.976733742420574,1.3862943611198906,1.6094379124341003,1.791759469228055,1.3862943611198906,2.302585092994046,2.302585092994046,2.302585092994046,2.0794415416798357,1.0986122886681098,0.6931471805599453,2.772588722239781,2.6390573296152584,2.70805020110221,0.0,1.0986122886681098,0.6931471805599453,0.6931471805599453,1.3862943611198906,0.0,2.0794415416798357,1.6094379124341003,0.6931471805599453,1.3862943611198906,1.0986122886681098,1.9459101490553132,0.6931471805599453,1.791759469228055,2.0794415416798357,0.6931471805599453,1.3862943611198906,2.1972245773362196,0.6931471805599453,1.0986122886681098,0.6931471805599453,0.0,1.3862943611198906,0.0,1.0986122886681098,1.0986122886681098,1.0986122886681098,0.0,0.0,0.0,1.0986122886681098,1.0986122886681098,1.3862943611198906,0.0,0.0,1.0986122886681098,0.0,0.6931471805599453,0.0,0.0,0.0,0.0,1.0986122886681098,1.0986122886681098
145,Male,Second year,Mathematics,10-17,In your room (dorms),Alone,Lectures;Learning by practicing,"Books;YouTube videos;chatgpt, course slides",No,Lack of time,Pressure,Lack of previous knowledge or experience in the field,Teachers' teaching method,Bad quality of internet,Not having a good (powerful) computer,Teaching language,Private life problems,Lack of motivation,4.0,Yes,4.0,4.0,You do not care about,8 hours or more,1.0,6.0,5.0,5.0,5.0,Lack of previous knowledge or experience in the field,You do not care about,2,1.0,15.0,13.0,14.0,Moderate,High,High,High,Moderate,Moderate,High,High,Moderate,Moderate,High,Moderate,Very High,High,Very High,High,High,High,High,Very High,Moderate,1,2,0,0,3,0,37,17,0,2,4,1,6,0,3,7,5,8,1,2,2,1,3,2,0,0,0,2,2,0,0,2,2,0,2,2,0,1,0,0,0,0,2,2,4.983606621708336,1.6094379124341003,1.6094379124341003,1.6094379124341003,0.6931471805599453,1.9459101490553132,1.791759469228055,1.791759469228055,1.791759469228055,1.0986122886681098,0.6931471805599453,2.772588722239781,2.6390573296152584,2.70805020110221,0.6931471805599453,1.0986122886681098,0.0,0.0,1.3862943611198906,0.0,3.6375861597263857,2.8903717578961645,0.0,1.0986122886681098,1.6094379124341003,0.6931471805599453,1.9459101490553132,0.0,1.3862943611198906,2.0794415416798357,1.791759469228055,2.1972245773362196,0.6931471805599453,1.0986122886681098,1.0986122886681098,0.6931471805599453,1.3862943611198906,1.0986122886681098,0.0,0.0,0.0,1.0986122886681098,1.0986122886681098,0.0,0.0,1.0986122886681098,1.0986122886681098,0.0,1.0986122886681098,1.0986122886681098,0.0,0.6931471805599453,0.0,0.0,0.0,0.0,1.0986122886681098,1.0986122886681098
146,Female,Second year,Mathematics,26-33,At home,Alone,"Lectures, Online courses and tutorials","Books, YouTube videos",No,Pressure,Lack of time,Teachers' teaching method,Lack of previous knowledge or experience in the field,Private life problems,Lack of time,Lack of time,Pressure,Lack of motivation,3.0,Yes,5.0,5.0,You do not care about,5-7 hours,3.0,7.0,8.0,8.0,8.0,Lack of previous knowledge or experience in the field,Positively,2,1.0,15.0,13.0,14.0,Moderate,High,High,High,Moderate,Very High,High,High,Moderate,Moderate,High,Moderate,High,High,Very High,High,High,High,High,High,High,0,2,0,2,0,0,35,7,0,3,2,6,1,5,2,2,4,8,1,2,1,1,1,2,0,0,0,2,3,0,0,2,2,0,2,0,0,1,0,0,0,0,0,0,4.990432586778736,1.3862943611198906,1.791759469228055,1.791759469228055,1.3862943611198906,2.0794415416798357,2.1972245773362196,2.1972245773362196,2.1972245773362196,1.0986122886681098,0.6931471805599453,2.772588722239781,2.6390573296152584,2.70805020110221,0.0,1.0986122886681098,0.0,1.0986122886681098,0.0,0.0,3.58351893845611,2.0794415416798357,0.0,1.3862943611198906,1.0986122886681098,1.9459101490553132,0.6931471805599453,1.791759469228055,1.0986122886681098,1.0986122886681098,1.6094379124341003,2.1972245773362196,0.6931471805599453,1.0986122886681098,0.6931471805599453,0.6931471805599453,0.6931471805599453,1.0986122886681098,0.0,0.0,0.0,1.0986122886681098,1.3862943611198906,0.0,0.0,1.0986122886681098,1.0986122886681098,0.0,1.0986122886681098,0.0,0.0,0.6931471805599453,0.0,0.0,0.0,0.0,0.0,0.0
147,Male,Second year,Mathematics,18-25,At home,Alone,Learning by practicing;Mind mapping and visualization;Online courses and tutorials,Books;Online documents;YouTube videos,Yes,Pressure,Lack of time,Teachers' teaching method,Bad quality of internet,Lack of previous knowledge or experience in the field,Not having a good (powerful) computer,Not having a good (powerful) computer,Teaching language,Lack of motivation,3.0,No,4.0,5.0,Positively,5-7 hours,3.0,8.0,7.0,7.0,9.0,Lack of previous knowledge or experience in the field,You do not care about,2,1.0,15.0,14.0,14.0,Very High,High,Moderate,High,Very High,High,High,High,Moderate,High,Very High,High,High,High,Very High,High,High,High,High,High,High,1,2,0,1,0,0,15,10,1,3,2,6,0,1,3,3,7,8,0,1,1,1,3,3,0,2,0,3,0,0,0,2,0,3,0,0,0,1,0,0,0,0,0,0,4.997212273764115,1.3862943611198906,1.6094379124341003,1.791759469228055,1.3862943611198906,2.1972245773362196,2.0794415416798357,2.0794415416798357,2.302585092994046,1.0986122886681098,0.6931471805599453,2.772588722239781,2.70805020110221,2.70805020110221,0.6931471805599453,1.0986122886681098,0.0,0.6931471805599453,0.0,0.0,2.772588722239781,2.3978952727983707,0.6931471805599453,1.3862943611198906,1.0986122886681098,1.9459101490553132,0.0,0.6931471805599453,1.3862943611198906,1.3862943611198906,2.0794415416798357,2.1972245773362196,0.0,0.6931471805599453,0.6931471805599453,0.6931471805599453,1.3862943611198906,1.3862943611198906,0.0,1.0986122886681098,0.0,1.3862943611198906,0.0,0.0,0.0,1.0986122886681098,0.0,1.3862943611198906,0.0,0.0,0.0,0.6931471805599453,0.0,0.0,0.0,0.0,0.0,0.0
148,Female,Second year,Technical maths,18-25,At home,Alone,Learning by practicing;Online courses and tutorials,YouTube videos,No,Pressure,Lack of time,Teachers' teaching method,Lack of previous knowledge or experience in the field,Private life problems,Bad quality of internet,Teaching language,Not having a good (powerful) computer,Lack of motivation,1.0,No,5.0,2.0,You do not care about,5-7 hours,2.0,5.0,5.0,4.0,3.0,Lack of previous knowledge or experience in the field,You do not care about,2,1.0,15.0,14.0,14.0,Moderate,Moderate,High,High,High,High,Moderate,High,Moderate,Moderate,Moderate,High,High,High,Very High,High,High,High,High,High,High,0,2,2,1,0,0,16,36,0,3,2,6,1,5,0,7,3,8,0,2,1,1,3,2,2,0,0,0,0,2,0,2,2,2,0,0,0,1,0,0,0,0,0,0,5.003946305945459,0.6931471805599453,1.791759469228055,1.0986122886681098,1.0986122886681098,1.791759469228055,1.791759469228055,1.6094379124341003,1.3862943611198906,1.0986122886681098,0.6931471805599453,2.772588722239781,2.70805020110221,2.70805020110221,0.0,1.0986122886681098,1.0986122886681098,0.6931471805599453,0.0,0.0,2.833213344056216,3.6109179126442243,0.0,1.3862943611198906,1.0986122886681098,1.9459101490553132,0.6931471805599453,1.791759469228055,0.0,2.0794415416798357,1.3862943611198906,2.1972245773362196,0.0,1.0986122886681098,0.6931471805599453,0.6931471805599453,1.3862943611198906,1.0986122886681098,1.0986122886681098,0.0,0.0,0.0,0.0,1.0986122886681098,0.0,1.0986122886681098,1.0986122886681098,1.0986122886681098,0.0,0.0,0.0,0.6931471805599453,0.0,0.0,0.0,0.0,0.0,0.0
149,Male,Third year,Mathematics,18-25,In your room (dorms),Alone,Lectures;Online courses and tutorials,Online tutorials;Online documents;YouTube videos,No,Teachers' teaching method,Lack of time,Lack of previous knowledge or experience in the field,Pressure,Bad quality of internet,Teaching language,Private life problems,Not having a good (powerful) computer,"Guergour, thabet, dib, w abdou jirani, nahkiw mashi n9raw ( w mouchaal lol)",3.0,Yes,3.0,4.0,You do not care about,8 hours or more,3.0,7.0,7.0,7.0,8.0,Bad quality of internet,You do not care about,3,2.0,15.0,14.0,14.0,High,Moderate,High,High,High,Moderate,High,High,Moderate,High,High,High,High,High,Very High,High,High,High,High,High,High,1,3,0,1,3,0,47,31,0,5,2,1,4,0,7,5,3,4,1,2,2,0,3,0,2,0,0,0,2,0,0,2,0,0,0,0,0,1,0,0,0,0,0,0,5.0106352940962555,1.3862943611198906,1.3862943611198906,1.6094379124341003,1.3862943611198906,2.0794415416798357,2.0794415416798357,2.0794415416798357,2.1972245773362196,1.3862943611198906,1.0986122886681098,2.772588722239781,2.70805020110221,2.70805020110221,0.6931471805599453,1.3862943611198906,0.0,0.6931471805599453,1.3862943611198906,0.0,3.871201010907891,3.4657359027997265,0.0,1.791759469228055,1.0986122886681098,0.6931471805599453,1.6094379124341003,0.0,2.0794415416798357,1.791759469228055,1.3862943611198906,1.6094379124341003,0.6931471805599453,1.0986122886681098,1.0986122886681098,0.0,1.3862943611198906,0.0,1.0986122886681098,0.0,0.0,0.0,1.0986122886681098,0.0,0.0,1.0986122886681098,0.0,0.0,0.0,0.0,0.0,0.6931471805599453,0.0,0.0,0.0,0.0,0.0,0.0
150,Male,Second year,Science,10-17,In your room (dorms),Alone,"Lectures, Learning by practicing, Online courses and tutorials",YouTube videos,No,Pressure,Lack of time,Lack of previous knowledge or experience in the field,Lack of previous knowledge or experience in the field,Teachers' teaching method,Teaching language,Not having a good (powerful) computer,Private life problems,Lack of motivation,3.0,Yes,4.0,4.0,You do not care about,5-7 hours,3.0,6.0,8.0,5.0,4.0,Bad quality of internet,You do not care about,2,1.0,15.0,14.0,14.0,High,Moderate,High,High,High,Very High,High,High,High,High,High,High,Very High,High,Very High,High,High,High,Very High,Very High,High,1,2,1,0,3,0,27,36,0,3,2,1,1,6,7,3,5,8,1,2,1,0,3,0,2,0,0,0,3,0,0,0,0,0,0,2,0,1,0,0,0,2,2,0,5.017279836814924,1.3862943611198906,1.6094379124341003,1.6094379124341003,1.3862943611198906,1.9459101490553132,2.1972245773362196,1.791759469228055,1.6094379124341003,1.0986122886681098,0.6931471805599453,2.772588722239781,2.70805020110221,2.70805020110221,0.6931471805599453,1.0986122886681098,0.6931471805599453,0.0,1.3862943611198906,0.0,3.332204510175204,3.6109179126442243,0.0,1.3862943611198906,1.0986122886681098,0.6931471805599453,0.6931471805599453,1.9459101490553132,2.0794415416798357,1.3862943611198906,1.791759469228055,2.1972245773362196,0.6931471805599453,1.0986122886681098,0.6931471805599453,0.0,1.3862943611198906,0.0,1.0986122886681098,0.0,0.0,0.0,1.3862943611198906,0.0,0.0,0.0,0.0,0.0,0.0,1.0986122886681098,0.0,0.6931471805599453,0.0,0.0,0.0,1.0986122886681098,1.0986122886681098,0.0
151,Male,Second year,Mathematics,26-33,In the school's library,In peer,"Lectures, Learning by practicing, Mind mapping and visualization","Online tutorials, Online documents, YouTube videos",No,Pressure,Lack of time,Lack of previous knowledge or experience in the field,Lack of previous knowledge or experience in the field,Teaching language,Bad quality of internet,Private life problems,Not having a good (powerful) computer,Lack of motivation,2.0,Yes,4.0,4.0,You do not care about,5-7 hours,4.0,7.0,9.0,7.0,8.0,Teachers' teaching method,Negatively,2,1.0,15.0,14.0,14.0,High,Moderate,High,High,High,Very High,High,High,High,High,High,High,High,High,Very High,High,High,Very High,High,Very High,High,1,2,0,2,2,1,25,26,0,3,2,1,1,7,0,5,3,8,1,2,1,6,0,0,2,0,0,0,3,0,0,0,0,0,0,0,0,1,0,0,3,0,2,0,5.0238805208462765,1.0986122886681098,1.6094379124341003,1.6094379124341003,1.6094379124341003,2.0794415416798357,2.302585092994046,2.0794415416798357,2.1972245773362196,1.0986122886681098,0.6931471805599453,2.772588722239781,2.70805020110221,2.70805020110221,0.6931471805599453,1.0986122886681098,0.0,1.0986122886681098,1.0986122886681098,0.6931471805599453,3.258096538021482,3.295836866004329,0.0,1.3862943611198906,1.0986122886681098,0.6931471805599453,0.6931471805599453,2.0794415416798357,0.0,1.791759469228055,1.3862943611198906,2.1972245773362196,0.6931471805599453,1.0986122886681098,0.6931471805599453,1.9459101490553132,0.0,0.0,1.0986122886681098,0.0,0.0,0.0,1.3862943611198906,0.0,0.0,0.0,0.0,0.0,0.0,0.0,0.0,0.6931471805599453,0.0,0.0,1.3862943611198906,0.0,1.0986122886681098,0.0
152,Female,Second year,Science,More than 41 hours,In your room (dorms),Alone,"Lectures, Learning by practicing, Project-based learning, Online courses and tutorials","Online tutorials, Online documents, YouTube videos",Yes,Lack of time,Pressure,Teaching language,Lack of previous knowledge or experience in the field,Teachers' teaching method,Private life problems,Bad quality of internet,Not having a good (powerful) computer,Lack of motivation,2.0,No,3.0,3.0,You do not care about,5-7 hours,4.0,4.0,4.0,6.0,5.0,Lack of previous knowledge or experience in the field,Negatively,2,1.0,15.0,14.0,14.0,High,Moderate,High,High,High,Very High,High,High,Moderate,High,High,High,High,High,Very High,High,High,High,Very High,Very High,High,0,2,1,5,3,0,33,26,1,2,4,7,1,6,5,0,3,8,0,2,1,1,0,0,2,0,0,0,3,0,0,2,0,0,0,0,0,1,0,0,0,2,2,0,5.030437921392435,1.0986122886681098,1.3862943611198906,1.3862943611198906,1.6094379124341003,1.6094379124341003,1.6094379124341003,1.9459101490553132,1.791759469228055,1.0986122886681098,0.6931471805599453,2.772588722239781,2.70805020110221,2.70805020110221,0.0,1.0986122886681098,0.6931471805599453,1.791759469228055,1.3862943611198906,0.0,3.5263605246161616,3.295836866004329,0.6931471805599453,1.0986122886681098,1.6094379124341003,2.0794415416798357,0.6931471805599453,1.9459101490553132,1.791759469228055,0.0,1.3862943611198906,2.1972245773362196,0.0,1.0986122886681098,0.6931471805599453,0.6931471805599453,0.0,0.0,1.0986122886681098,0.0,0.0,0.0,1.3862943611198906,0.0,0.0,1.0986122886681098,0.0,0.0,0.0,0.0,0.0,0.6931471805599453,0.0,0.0,0.0,1.0986122886681098,1.0986122886681098,0.0
153,Female,Second year,Mathematics,18-25,In your room (dorms),Alone,Lectures;Learning by practicing,Online tutorials;Online documents;YouTube videos,No,Pressure,Lack of time,Teachers' teaching method,Bad quality of internet,Lack of previous knowledge or experience in the field,Private life problems,Teaching language,Private life problems,Lack of motivation,3.0,Yes,4.0,4.0,You do not care about,5-7 hours,3.0,9.0,7.0,6.0,7.0,Lack of previous knowledge or experience in the field,You do not care about,2,1.0,15.0,14.0,14.0,High,Moderate,High,High,High,Very High,High,High,Moderate,High,High,High,High,High,Very High,High,High,High,Very High,Very High,High,0,2,0,1,3,0,37,31,0,3,2,6,0,1,5,7,5,8,1,2,1,1,3,0,2,0,0,0,3,0,0,2,0,0,0,0,0,1,0,0,0,2,2,0,5.0369526024136295,1.3862943611198906,1.6094379124341003,1.6094379124341003,1.3862943611198906,2.302585092994046,2.0794415416798357,1.9459101490553132,2.0794415416798357,1.0986122886681098,0.6931471805599453,2.772588722239781,2.70805020110221,2.70805020110221,0.0,1.0986122886681098,0.0,0.6931471805599453,1.3862943611198906,0.0,3.6375861597263857,3.4657359027997265,0.0,1.3862943611198906,1.0986122886681098,1.9459101490553132,0.0,0.6931471805599453,1.791759469228055,2.0794415416798357,1.791759469228055,2.1972245773362196,0.6931471805599453,1.0986122886681098,0.6931471805599453,0.6931471805599453,1.3862943611198906,0.0,1.0986122886681098,0.0,0.0,0.0,1.3862943611198906,0.0,0.0,1.0986122886681098,0.0,0.0,0.0,0.0,0.0,0.6931471805599453,0.0,0.0,0.0,1.0986122886681098,1.0986122886681098,0.0
154,Male,Second year,Science,10-17,At home,Alone,"Learning by practicing, Project-based learning, Mind mapping and visualization, Online courses and tutorials","Online documents, YouTube videos",No,Pressure,Lack of previous knowledge or experience in the field,Lack of time,Lack of previous knowledge or experience in the field,Bad quality of internet,Teachers' teaching method,Not having a good (powerful) computer,Teaching language,Lack of motivation,2.0,No,2.0,3.0,You do not care about,5-7 hours,3.0,7.0,4.0,4.0,8.0,Private life problems,Positively,2,1.0,16.0,13.0,14.0,High,Moderate,High,High,High,High,High,High,High,High,High,High,High,Very High,Very High,Very High,Moderate,High,Very High,High,Moderate,1,2,1,0,0,0,10,19,0,3,1,2,1,0,6,3,7,8,0,2,1,5,1,0,2,0,0,0,0,0,0,0,0,0,0,0,2,1,2,2,0,2,0,2,5.043425116919247,1.0986122886681098,1.0986122886681098,1.3862943611198906,1.3862943611198906,2.0794415416798357,1.6094379124341003,1.6094379124341003,2.1972245773362196,1.0986122886681098,0.6931471805599453,2.833213344056216,2.6390573296152584,2.70805020110221,0.6931471805599453,1.0986122886681098,0.6931471805599453,0.0,0.0,0.0,2.3978952727983707,2.995732273553991,0.0,1.3862943611198906,0.6931471805599453,1.0986122886681098,0.6931471805599453,0.0,1.9459101490553132,1.3862943611198906,2.0794415416798357,2.1972245773362196,0.0,1.0986122886681098,0.6931471805599453,1.791759469228055,0.6931471805599453,0.0,1.0986122886681098,0.0,0.0,0.0,0.0,0.0,0.0,0.0,0.0,0.0,0.0,0.0,1.0986122886681098,0.6931471805599453,1.0986122886681098,1.0986122886681098,0.0,1.0986122886681098,0.0,1.0986122886681098
155,Female,Second year,Science,18-25,In your room (dorms),Alone,"Lectures, Mind mapping and visualization, Online courses and tutorials","Books, Online tutorials, Online documents, YouTube videos",No,Pressure,Lack of time,Bad quality of internet,Lack of previous knowledge or experience in the field,Teachers' teaching method,Lack of previous knowledge or experience in the field,Not having a good (powerful) computer,Teaching language,Lack of motivation,4.0,Yes,4.0,5.0,You do not care about,5-7 hours,3.0,7.0,6.0,6.0,6.0,Private life problems,Positively,2,1.0,16.0,13.0,14.0,High,Moderate,High,High,High,Very High,Moderate,High,Moderate,High,High,High,High,Very High,Very High,Very High,High,High,Very High,Very High,Moderate,0,2,1,1,3,0,34,4,0,3,2,0,1,6,1,3,7,8,1,2,1,5,1,0,2,0,0,0,3,2,0,2,0,0,0,0,2,1,2,0,0,2,2,2,5.049856007249537,1.6094379124341003,1.6094379124341003,1.791759469228055,1.3862943611198906,2.0794415416798357,1.9459101490553132,1.9459101490553132,1.9459101490553132,1.0986122886681098,0.6931471805599453,2.833213344056216,2.6390573296152584,2.70805020110221,0.0,1.0986122886681098,0.6931471805599453,0.6931471805599453,1.3862943611198906,0.0,3.5553480614894135,1.6094379124341003,0.0,1.3862943611198906,1.0986122886681098,0.0,0.6931471805599453,1.9459101490553132,0.6931471805599453,1.3862943611198906,2.0794415416798357,2.1972245773362196,0.6931471805599453,1.0986122886681098,0.6931471805599453,1.791759469228055,0.6931471805599453,0.0,1.0986122886681098,0.0,0.0,0.0,1.3862943611198906,1.0986122886681098,0.0,1.0986122886681098,0.0,0.0,0.0,0.0,1.0986122886681098,0.6931471805599453,1.0986122886681098,0.0,0.0,1.0986122886681098,1.0986122886681098,1.0986122886681098
156,Male,Second year,Science,18-25,In your room (dorms),Alone,Lectures;Online courses and tutorials,Books;Online tutorials;YouTube videos,No,Pressure,Teaching language,Not having a good (powerful) computer,Lack of previous knowledge or experience in the field,Lack of time,Teachers' teaching method,Bad quality of internet,Private life problems,Lack of motivation,4.0,Yes,4.0,4.0,Positively,5-7 hours,5.0,6.0,9.0,8.0,9.0,Lack of previous knowledge or experience in the field,You do not care about,2,1.0,14.0,16.0,15.0,Moderate,High,Moderate,Moderate,Low,Low,High,Moderate,High,High,High,Moderate,High,Very High,Very High,Very High,High,High,Very High,Very High,Moderate,1,2,1,1,3,0,47,14,0,3,7,3,1,2,6,0,5,8,1,1,1,1,3,2,0,2,2,1,1,0,2,0,0,0,2,0,2,1,2,0,0,2,2,2,5.056245805348308,1.6094379124341003,1.6094379124341003,1.6094379124341003,1.791759469228055,1.9459101490553132,2.302585092994046,2.1972245773362196,2.302585092994046,1.0986122886681098,0.6931471805599453,2.70805020110221,2.833213344056216,2.772588722239781,0.6931471805599453,1.0986122886681098,0.6931471805599453,0.6931471805599453,1.3862943611198906,0.0,3.871201010907891,2.70805020110221,0.0,1.3862943611198906,2.0794415416798357,1.3862943611198906,0.6931471805599453,1.0986122886681098,1.9459101490553132,0.0,1.791759469228055,2.1972245773362196,0.6931471805599453,0.6931471805599453,0.6931471805599453,0.6931471805599453,1.3862943611198906,1.0986122886681098,0.0,1.0986122886681098,1.0986122886681098,0.6931471805599453,0.6931471805599453,0.0,1.0986122886681098,0.0,0.0,0.0,1.0986122886681098,0.0,1.0986122886681098,0.6931471805599453,1.0986122886681098,0.0,0.0,1.0986122886681098,1.0986122886681098,1.0986122886681098
157,Female,Second year,Technical maths,More than 41 hours,In the school's library,In peer,"Lectures, Learning by practicing",YouTube videos,No,Lack of previous knowledge or experience in the field,Pressure,Teachers' teaching method,Lack of previous knowledge or experience in the field,Teaching language,Bad quality of internet,Not having a good (powerful) computer,Private life problems,Lack of motivation,2.0,No,2.0,2.0,You do not care about,4 hours or less,1.0,6.0,7.0,3.0,9.0,Lack of time,You do not care about,2,1.0,15.0,14.0,15.0,Moderate,High,Moderate,Moderate,Low,High,High,Moderate,High,High,High,Moderate,High,High,Very High,High,High,High,Very High,High,High,0,2,2,5,2,1,24,36,0,1,4,6,1,7,0,3,5,8,0,2,0,2,3,2,0,2,2,1,0,0,2,0,0,0,2,0,0,1,0,0,0,2,0,0,5.062595033026967,1.0986122886681098,1.0986122886681098,1.0986122886681098,0.6931471805599453,1.9459101490553132,2.0794415416798357,1.3862943611198906,2.302585092994046,1.0986122886681098,0.6931471805599453,2.772588722239781,2.70805020110221,2.772588722239781,0.0,1.0986122886681098,1.0986122886681098,1.791759469228055,1.0986122886681098,0.6931471805599453,3.2188758248682006,3.6109179126442243,0.0,0.6931471805599453,1.6094379124341003,1.9459101490553132,0.6931471805599453,2.0794415416798357,0.0,1.3862943611198906,1.791759469228055,2.1972245773362196,0.0,1.0986122886681098,0.0,1.0986122886681098,1.3862943611198906,1.0986122886681098,0.0,1.0986122886681098,1.0986122886681098,0.6931471805599453,0.0,0.0,1.0986122886681098,0.0,0.0,0.0,1.0986122886681098,0.0,0.0,0.6931471805599453,0.0,0.0,0.0,1.0986122886681098,0.0,0.0
158,Male,Second year,Mathematics,18-25,In your room (dorms),Alone,Lectures;Learning by practicing,Books;YouTube videos,No,Lack of time,Pressure,Teachers' teaching method,Private life problems,Lack of previous knowledge or experience in the field,Not having a good (powerful) computer,Bad quality of internet,Teaching language,Lack of motivation,2.0,Yes,4.0,4.0,You do not care about,4 hours or less,5.0,7.0,9.0,8.0,7.0,Lack of previous knowledge or experience in the field,You do not care about,2,1.0,15.0,14.0,15.0,High,Very High,High,High,High,High,High,Very High,High,High,High,High,High,High,Very High,High,High,High,Very High,High,High,1,2,0,1,3,0,37,16,0,2,4,6,5,1,3,0,7,8,1,2,0,1,3,0,3,0,0,0,0,0,3,0,0,0,0,0,0,1,0,0,0,2,0,0,5.0689042022202315,1.0986122886681098,1.6094379124341003,1.6094379124341003,1.791759469228055,2.0794415416798357,2.302585092994046,2.1972245773362196,2.0794415416798357,1.0986122886681098,0.6931471805599453,2.772588722239781,2.70805020110221,2.772588722239781,0.6931471805599453,1.0986122886681098,0.0,0.6931471805599453,1.3862943611198906,0.0,3.6375861597263857,2.833213344056216,0.0,1.0986122886681098,1.6094379124341003,1.9459101490553132,1.791759469228055,0.6931471805599453,1.3862943611198906,0.0,2.0794415416798357,2.1972245773362196,0.6931471805599453,1.0986122886681098,0.0,0.6931471805599453,1.3862943611198906,0.0,1.3862943611198906,0.0,0.0,0.0,0.0,0.0,1.3862943611198906,0.0,0.0,0.0,0.0,0.0,0.0,0.6931471805599453,0.0,0.0,0.0,1.0986122886681098,0.0,0.0
159,Male,Second year,Mathematics,10-17,At home,Alone,"Learning by practicing, Project-based learning","Books, Online tutorials, Online documents, YouTube videos",No,Private life problems,Lack of time,Teachers' teaching method,Lack of previous knowledge or experience in the field,Lack of previous knowledge or experience in the field,Bad quality of internet,Not having a good (powerful) computer,Teaching language,Lack of motivation,2.0,Yes,4.0,3.0,You do not care about,8 hours or more,3.0,7.0,7.0,7.0,7.0,Pressure,You do not care about,2,1.0,15.0,14.0,15.0,High,Very High,High,High,High,High,High,Very High,Moderate,High,High,High,High,High,Very High,Very High,High,High,Very High,Very High,High,1,2,0,0,0,0,7,4,0,4,2,6,1,1,0,3,7,8,1,2,2,4,3,0,3,0,0,0,0,0,3,2,0,0,0,0,0,1,2,0,0,2,2,0,5.075173815233827,1.0986122886681098,1.6094379124341003,1.3862943611198906,1.3862943611198906,2.0794415416798357,2.0794415416798357,2.0794415416798357,2.0794415416798357,1.0986122886681098,0.6931471805599453,2.772588722239781,2.70805020110221,2.772588722239781,0.6931471805599453,1.0986122886681098,0.0,0.0,0.0,0.0,2.0794415416798357,1.6094379124341003,0.0,1.6094379124341003,1.0986122886681098,1.9459101490553132,0.6931471805599453,0.6931471805599453,0.0,1.3862943611198906,2.0794415416798357,2.1972245773362196,0.6931471805599453,1.0986122886681098,1.0986122886681098,1.6094379124341003,1.3862943611198906,0.0,1.3862943611198906,0.0,0.0,0.0,0.0,0.0,1.3862943611198906,1.0986122886681098,0.0,0.0,0.0,0.0,0.0,0.6931471805599453,1.0986122886681098,0.0,0.0,1.0986122886681098,1.0986122886681098,0.0
160,Male,Third year,Science,10-17,In your room (dorms),In peer,Lectures;Learning by practicing;Project-based learning,Online documents;Slides,No,Pressure,Lack of time,Teachers' teaching method,Bad quality of internet,Teachers' teaching method,Teachers' teaching method,Teachers' teaching method,Bad quality of internet,"Guergour, thabet, dib, w abdou jirani, nahkiw mashi n9raw ( w mouchaal lol)",3.0,Yes,4.0,4.0,You do not care about,5-7 hours,5.0,8.0,8.0,8.0,7.0,Bad quality of internet,You do not care about,3,2.0,15.0,15.0,15.0,High,High,High,High,High,High,High,Very High,High,High,Moderate,High,High,High,Very High,Very High,High,High,Very High,Very High,High,1,3,1,0,3,1,41,21,0,3,2,6,0,6,6,6,0,4,1,2,1,0,3,0,0,0,0,0,0,0,3,0,0,2,0,0,0,1,2,0,0,2,2,0,5.081404364984463,1.3862943611198906,1.6094379124341003,1.6094379124341003,1.791759469228055,2.1972245773362196,2.1972245773362196,2.1972245773362196,2.0794415416798357,1.3862943611198906,1.0986122886681098,2.772588722239781,2.772588722239781,2.772588722239781,0.6931471805599453,1.3862943611198906,0.6931471805599453,0.0,1.3862943611198906,0.6931471805599453,3.7376696182833684,3.091042453358316,0.0,1.3862943611198906,1.0986122886681098,1.9459101490553132,0.0,1.9459101490553132,1.9459101490553132,1.9459101490553132,0.0,1.6094379124341003,0.6931471805599453,1.0986122886681098,0.6931471805599453,0.0,1.3862943611198906,0.0,0.0,0.0,0.0,0.0,0.0,0.0,1.3862943611198906,0.0,0.0,1.0986122886681098,0.0,0.0,0.0,0.6931471805599453,1.0986122886681098,0.0,0.0,1.0986122886681098,1.0986122886681098,0.0
161,Male,Second year,Technical maths,26-33,In your room (dorms),Alone,Learning by practicing;Online courses and tutorials,Online tutorials;Online documents;YouTube videos,No,Pressure,Lack of time,Lack of time,Lack of previous knowledge or experience in the field,Bad quality of internet,Teachers' teaching method,Teachers' teaching method,Teachers' teaching method,Lack of motivation,3.0,Yes,4.0,5.0,You do not care about,5-7 hours,4.0,7.0,8.0,8.0,8.0,Lack of previous knowledge or experience in the field,You do not care about,2,1.0,15.0,15.0,15.0,High,Moderate,Very High,Moderate,High,High,High,High,High,Very High,Moderate,High,High,High,Very High,Very High,High,High,Very High,Very High,High,1,2,2,2,3,0,16,31,0,3,2,2,1,0,6,6,6,8,1,2,1,1,3,0,2,3,2,0,0,0,0,0,3,2,0,0,0,1,2,0,0,2,2,0,5.087596335232384,1.3862943611198906,1.6094379124341003,1.791759469228055,1.6094379124341003,2.0794415416798357,2.1972245773362196,2.1972245773362196,2.1972245773362196,1.0986122886681098,0.6931471805599453,2.772588722239781,2.772588722239781,2.772588722239781,0.6931471805599453,1.0986122886681098,1.0986122886681098,1.0986122886681098,1.3862943611198906,0.0,2.833213344056216,3.4657359027997265,0.0,1.3862943611198906,1.0986122886681098,1.0986122886681098,0.6931471805599453,0.0,1.9459101490553132,1.9459101490553132,1.9459101490553132,2.1972245773362196,0.6931471805599453,1.0986122886681098,0.6931471805599453,0.6931471805599453,1.3862943611198906,0.0,1.0986122886681098,1.3862943611198906,1.0986122886681098,0.0,0.0,0.0,0.0,0.0,1.3862943611198906,1.0986122886681098,0.0,0.0,0.0,0.6931471805599453,1.0986122886681098,0.0,0.0,1.0986122886681098,1.0986122886681098,0.0
162,Male,Third year,Mathematics,10-17,In your room (dorms),In peer,Lectures;Learning by practicing;Project-based learning,Online documents;Lectures,No,Teachers' teaching method,Pressure,Lack of time,Lack of previous knowledge or experience in the field,Pressure,Bad quality of internet,Private life problems,Teachers' teaching method,"Neighbors and non sense discussions ,games",3.0,Yes,4.0,4.0,Negatively,5-7 hours,4.0,6.0,8.0,8.0,9.0,Bad quality of internet,You do not care about,3,2.0,15.0,15.0,15.0,Very High,Very High,Very High,Moderate,High,High,High,High,High,Very High,Moderate,High,High,High,Very High,Very High,High,High,Very High,Very High,High,1,3,0,0,3,1,41,20,0,5,4,2,1,4,0,5,6,11,1,0,1,0,3,3,3,3,2,0,0,0,0,0,3,2,0,0,0,1,2,0,0,2,2,0,5.093750200806762,1.3862943611198906,1.6094379124341003,1.6094379124341003,1.6094379124341003,1.9459101490553132,2.1972245773362196,2.1972245773362196,2.302585092994046,1.3862943611198906,1.0986122886681098,2.772588722239781,2.772588722239781,2.772588722239781,0.6931471805599453,1.3862943611198906,0.0,0.0,1.3862943611198906,0.6931471805599453,3.7376696182833684,3.044522437723423,0.0,1.791759469228055,1.6094379124341003,1.0986122886681098,0.6931471805599453,1.6094379124341003,0.0,1.791759469228055,1.9459101490553132,2.4849066497880004,0.6931471805599453,0.0,0.6931471805599453,0.0,1.3862943611198906,1.3862943611198906,1.3862943611198906,1.3862943611198906,1.0986122886681098,0.0,0.0,0.0,0.0,0.0,1.3862943611198906,1.0986122886681098,0.0,0.0,0.0,0.6931471805599453,1.0986122886681098,0.0,0.0,1.0986122886681098,1.0986122886681098,0.0
163,Male,Second year,Mathematics,18-25,In the school's library,Alone,"Project-based learning, Online courses and tutorials",YouTube videos,No,Teachers' teaching method,Bad quality of internet,Lack of time,Lack of previous knowledge or experience in the field,Pressure,Not having a good (powerful) computer,Private life problems,Teaching language,Lack of motivation,2.0,No,3.0,3.0,You do not care about,5-7 hours,1.0,2.0,6.0,4.0,5.0,Lack of previous knowledge or experience in the field,You do not care about,2,1.0,15.0,15.0,15.0,Very High,Very High,Very High,Moderate,High,High,Very High,High,High,Very High,Moderate,High,Very High,High,Very High,High,High,High,Very High,Very High,High,1,2,0,1,2,0,55,36,0,5,0,2,1,4,3,5,7,8,0,2,1,1,3,3,3,3,2,0,0,3,0,0,3,2,0,2,0,1,0,0,0,2,2,0,5.099866427824199,1.0986122886681098,1.3862943611198906,1.3862943611198906,0.6931471805599453,1.0986122886681098,1.9459101490553132,1.6094379124341003,1.791759469228055,1.0986122886681098,0.6931471805599453,2.772588722239781,2.772588722239781,2.772588722239781,0.6931471805599453,1.0986122886681098,0.0,0.6931471805599453,1.0986122886681098,0.0,4.02535169073515,3.6109179126442243,0.0,1.791759469228055,0.0,1.0986122886681098,0.6931471805599453,1.6094379124341003,1.3862943611198906,1.791759469228055,2.0794415416798357,2.1972245773362196,0.0,1.0986122886681098,0.6931471805599453,0.6931471805599453,1.3862943611198906,1.3862943611198906,1.3862943611198906,1.3862943611198906,1.0986122886681098,0.0,0.0,1.3862943611198906,0.0,0.0,1.3862943611198906,1.0986122886681098,0.0,1.0986122886681098,0.0,0.6931471805599453,0.0,0.0,0.0,1.0986122886681098,1.0986122886681098,0.0
164,Female,Second year,Mathematics,10-17,In the school's library,In peer,Lectures;Learning by practicing;Project-based learning;Mind mapping and visualization;Online courses and tutorials,YouTube videos;Private courses,No,Teachers' teaching method,Lack of time,Bad quality of internet,Pressure,Lack of previous knowledge or experience in the field,Not having a good (powerful) computer,Private life problems,Teaching language,Lack of motivation,3.0,Yes,4.0,4.0,You do not care about,8 hours or more,2.0,3.0,5.0,5.0,7.0,Lack of previous knowledge or experience in the field,You do not care about,2,1.0,15.0,15.0,15.0,Moderate,High,Very High,Moderate,Moderate,High,High,High,Moderate,Moderate,Moderate,Moderate,Very High,High,Very High,High,High,High,Very High,Very High,High,0,2,0,0,2,1,44,39,0,5,2,0,4,1,3,5,7,8,1,2,2,1,3,2,0,3,2,2,0,0,0,2,2,2,2,2,0,1,0,0,0,2,2,0,5.10594547390058,1.3862943611198906,1.6094379124341003,1.6094379124341003,1.0986122886681098,1.3862943611198906,1.791759469228055,1.791759469228055,2.0794415416798357,1.0986122886681098,0.6931471805599453,2.772588722239781,2.772588722239781,2.772588722239781,0.0,1.0986122886681098,0.0,0.0,1.0986122886681098,0.6931471805599453,3.8066624897703196,3.6888794541139363,0.0,1.791759469228055,1.0986122886681098,0.0,1.6094379124341003,0.6931471805599453,1.3862943611198906,1.791759469228055,2.0794415416798357,2.1972245773362196,0.6931471805599453,1.0986122886681098,1.0986122886681098,0.6931471805599453,1.3862943611198906,1.0986122886681098,0.0,1.3862943611198906,1.0986122886681098,1.0986122886681098,0.0,0.0,0.0,1.0986122886681098,1.0986122886681098,1.0986122886681098,1.0986122886681098,1.0986122886681098,0.0,0.6931471805599453,0.0,0.0,0.0,1.0986122886681098,1.0986122886681098,0.0
165,Female,Second year,Science,10-17,In your room (dorms),Alone,Mind mapping and visualization;Online courses and tutorials,Online tutorials;Online documents;YouTube videos,No,Lack of time,Pressure,Bad quality of internet,Teachers' teaching method,Not having a good (powerful) computer,Lack of previous knowledge or experience in the field,Teaching language,Private life problems,Lack of motivation,3.0,No,4.0,4.0,Negatively,8 hours or more,4.0,9.0,7.0,7.0,6.0,Lack of previous knowledge or experience in the field,You do not care about,2,1.0,15.0,15.0,15.0,High,High,High,Very High,Very High,High,High,Very High,Moderate,High,High,High,Very High,High,Very High,High,High,High,Very High,Very High,High,0,2,1,0,3,0,53,31,0,2,4,0,6,3,1,7,5,8,0,0,2,1,3,0,0,0,3,3,0,0,3,2,0,0,0,2,0,1,0,0,0,2,2,0,5.111987788356544,1.3862943611198906,1.6094379124341003,1.6094379124341003,1.6094379124341003,2.302585092994046,2.0794415416798357,2.0794415416798357,1.9459101490553132,1.0986122886681098,0.6931471805599453,2.772588722239781,2.772588722239781,2.772588722239781,0.0,1.0986122886681098,0.6931471805599453,0.0,1.3862943611198906,0.0,3.9889840465642745,3.4657359027997265,0.0,1.0986122886681098,1.6094379124341003,0.0,1.9459101490553132,1.3862943611198906,0.6931471805599453,2.0794415416798357,1.791759469228055,2.1972245773362196,0.0,0.0,1.0986122886681098,0.6931471805599453,1.3862943611198906,0.0,0.0,0.0,1.3862943611198906,1.3862943611198906,0.0,0.0,1.3862943611198906,1.0986122886681098,0.0,0.0,0.0,1.0986122886681098,0.0,0.6931471805599453,0.0,0.0,0.0,1.0986122886681098,1.0986122886681098,0.0
166,Male,Second year,Technical maths,More than 41,In the school's library,Alone,Learning by practicing;Project-based learning;Online courses and tutorials,Books;Online tutorials;YouTube videos,No,Lack of time,Pressure,Teachers' teaching method,Lack of previous knowledge or experience in the field,Bad quality of internet,Not having a good (powerful) computer,Teaching language,Private life problems,Lack of motivation,3.0,Yes,4.0,5.0,Positively,5-7 hours,3.0,9.0,9.0,8.0,7.0,Lack of previous knowledge or experience in the field,You do not care about,2,1.0,15.0,15.0,15.0,High,High,Very High,High,High,High,High,High,Moderate,High,High,High,Very High,High,Very High,High,High,High,Very High,Very High,High,1,2,2,4,2,0,22,14,0,2,4,6,1,0,3,7,5,8,1,1,1,1,3,0,0,3,0,0,0,0,0,2,0,0,0,2,0,1,0,0,0,2,2,0,5.117993812416755,1.3862943611198906,1.6094379124341003,1.791759469228055,1.3862943611198906,2.302585092994046,2.302585092994046,2.1972245773362196,2.0794415416798357,1.0986122886681098,0.6931471805599453,2.772588722239781,2.772588722239781,2.772588722239781,0.6931471805599453,1.0986122886681098,1.0986122886681098,1.6094379124341003,1.0986122886681098,0.0,3.1354942159291497,2.70805020110221,0.0,1.0986122886681098,1.6094379124341003,1.9459101490553132,0.6931471805599453,0.0,1.3862943611198906,2.0794415416798357,1.791759469228055,2.1972245773362196,0.6931471805599453,0.6931471805599453,0.6931471805599453,0.6931471805599453,1.3862943611198906,0.0,0.0,1.3862943611198906,0.0,0.0,0.0,0.0,0.0,1.0986122886681098,0.0,0.0,0.0,1.0986122886681098,0.0,0.6931471805599453,0.0,0.0,0.0,1.0986122886681098,1.0986122886681098,0.0
167,Male,Second year,Science,10-17,In your room (dorms),In peer,Lectures;Learning by practicing,YouTube videos,Yes,Pressure,Pressure,Lack of time,Pressure,Pressure,Pressure,Pressure,Pressure,غيشي,3.0,No,3.0,3.0,You do not care about,5-7 hours,5.0,7.0,6.0,6.0,7.0,Lack of previous knowledge or experience in the field,You do not care about,2,2.0,15.0,15.0,15.0,Moderate,Moderate,Moderate,Moderate,Moderate,High,Moderate,Moderate,Moderate,Moderate,Moderate,Very High,Very High,High,Very High,High,High,High,Very High,Very High,High,1,2,1,0,3,1,37,36,1,3,4,2,4,4,4,4,4,32,0,2,1,1,3,2,2,2,2,2,0,2,2,2,2,2,3,2,0,1,0,0,0,2,2,0,5.123963979403259,1.3862943611198906,1.3862943611198906,1.3862943611198906,1.791759469228055,2.0794415416798357,1.9459101490553132,1.9459101490553132,2.0794415416798357,1.0986122886681098,1.0986122886681098,2.772588722239781,2.772588722239781,2.772588722239781,0.6931471805599453,1.0986122886681098,0.6931471805599453,0.0,1.3862943611198906,0.6931471805599453,3.6375861597263857,3.6109179126442243,0.6931471805599453,1.3862943611198906,1.6094379124341003,1.0986122886681098,1.6094379124341003,1.6094379124341003,1.6094379124341003,1.6094379124341003,1.6094379124341003,3.4965075614664802,0.0,1.0986122886681098,0.6931471805599453,0.6931471805599453,1.3862943611198906,1.0986122886681098,1.0986122886681098,1.0986122886681098,1.0986122886681098,1.0986122886681098,0.0,1.0986122886681098,1.0986122886681098,1.0986122886681098,1.0986122886681098,1.0986122886681098,1.3862943611198906,1.0986122886681098,0.0,0.6931471805599453,0.0,0.0,0.0,1.0986122886681098,1.0986122886681098,0.0
168,Female,Second year,Mathematics,34-41,In the school's library,Alone,Lectures;Project-based learning;Mind mapping and visualization;Online courses and tutorials,Books;Online tutorials;Online documents;YouTube videos,No,Lack of time,Teachers' teaching method,Bad quality of internet,Pressure,Not having a good (powerful) computer,Lack of previous knowledge or experience in the field,Private life problems,Teaching language,Procrastination,2.0,Yes,4.0,5.0,You do not care about,5-7 hours,3.0,8.0,9.0,8.0,9.0,Lack of previous knowledge or experience in the field,You do not care about,2,1.0,15.0,15.0,15.0,High,High,Moderate,Very High,Moderate,Moderate,High,High,High,Moderate,Very High,Moderate,Very High,High,Very High,High,High,High,Very High,Very High,High,0,2,0,3,2,0,49,13,0,2,6,0,4,3,1,5,7,17,1,2,1,1,3,0,0,2,3,2,2,0,0,0,2,3,2,2,0,1,0,0,0,2,2,0,5.1298987149230735,1.0986122886681098,1.6094379124341003,1.791759469228055,1.3862943611198906,2.1972245773362196,2.302585092994046,2.1972245773362196,2.302585092994046,1.0986122886681098,0.6931471805599453,2.772588722239781,2.772588722239781,2.772588722239781,0.0,1.0986122886681098,0.0,1.3862943611198906,1.0986122886681098,0.0,3.912023005428146,2.6390573296152584,0.0,1.0986122886681098,1.9459101490553132,0.0,1.6094379124341003,1.3862943611198906,0.6931471805599453,1.791759469228055,2.0794415416798357,2.8903717578961645,0.6931471805599453,1.0986122886681098,0.6931471805599453,0.6931471805599453,1.3862943611198906,0.0,0.0,1.0986122886681098,1.3862943611198906,1.0986122886681098,1.0986122886681098,0.0,0.0,0.0,1.0986122886681098,1.3862943611198906,1.0986122886681098,1.0986122886681098,0.0,0.6931471805599453,0.0,0.0,0.0,1.0986122886681098,1.0986122886681098,0.0
169,Male,Second year,Science,18-25,In your room (dorms),Alone,Lectures;Learning by practicing;Mind mapping and visualization,Books;Online documents;YouTube videos,Yes,Pressure,Lack of time,Private life problems,Teaching language,Teachers' teaching method,Bad quality of internet,Not having a good (powerful) computer,Lack of previous knowledge or experience in the field,Lack of motivation,3.0,Yes,5.0,5.0,You do not care about,8 hours or more,3.0,6.0,8.0,9.0,9.0,Lack of previous knowledge or experience in the field,You do not care about,2,1.0,15.0,15.0,15.0,High,Moderate,High,High,Moderate,Moderate,Moderate,High,High,High,Low,Moderate,Very High,High,Very High,High,High,High,Very High,Very High,High,1,2,1,1,3,0,38,10,1,3,2,5,7,6,0,3,1,8,1,2,2,1,3,0,2,0,0,2,2,2,0,0,0,1,2,2,0,1,0,0,0,2,2,0,5.135798437050262,1.3862943611198906,1.791759469228055,1.791759469228055,1.3862943611198906,1.9459101490553132,2.1972245773362196,2.302585092994046,2.302585092994046,1.0986122886681098,0.6931471805599453,2.772588722239781,2.772588722239781,2.772588722239781,0.6931471805599453,1.0986122886681098,0.6931471805599453,0.6931471805599453,1.3862943611198906,0.0,3.6635616461296463,2.3978952727983707,0.6931471805599453,1.3862943611198906,1.0986122886681098,1.791759469228055,2.0794415416798357,1.9459101490553132,0.0,1.3862943611198906,0.6931471805599453,2.1972245773362196,0.6931471805599453,1.0986122886681098,1.0986122886681098,0.6931471805599453,1.3862943611198906,0.0,1.0986122886681098,0.0,0.0,1.0986122886681098,1.0986122886681098,1.0986122886681098,0.0,0.0,0.0,0.6931471805599453,1.0986122886681098,1.0986122886681098,0.0,0.6931471805599453,0.0,0.0,0.0,1.0986122886681098,1.0986122886681098,0.0
170,Female,Second year,Science,26-33,In your room (dorms),Alone,"Lectures, Learning by practicing, Project-based learning, Online courses and tutorials","Books, Online documents, YouTube videos",Yes,Lack of previous knowledge or experience in the field,Pressure,Private life problems,Lack of previous knowledge or experience in the field,Lack of time,Teachers' teaching method,Bad quality of internet,Not having a good (powerful) computer,Lack of motivation,4.0,Yes,5.0,5.0,You do not care about,5-7 hours,3.0,7.0,6.0,6.0,6.0,Teaching language,Positively,2,1.0,15.0,15.0,15.0,High,Moderate,High,High,Moderate,Very High,Very High,High,Moderate,High,Low,Moderate,Very High,High,High,High,High,High,Very High,Very High,Moderate,0,2,1,2,3,0,33,2,1,1,4,5,1,2,6,0,3,8,1,2,1,7,1,0,2,0,0,2,3,3,0,2,0,1,2,2,0,0,0,0,0,2,2,2,5.14166355650266,1.6094379124341003,1.791759469228055,1.791759469228055,1.3862943611198906,2.0794415416798357,1.9459101490553132,1.9459101490553132,1.9459101490553132,1.0986122886681098,0.6931471805599453,2.772588722239781,2.772588722239781,2.772588722239781,0.0,1.0986122886681098,0.6931471805599453,1.0986122886681098,1.3862943611198906,0.0,3.5263605246161616,1.0986122886681098,0.6931471805599453,0.6931471805599453,1.6094379124341003,1.791759469228055,0.6931471805599453,1.0986122886681098,1.9459101490553132,0.0,1.3862943611198906,2.1972245773362196,0.6931471805599453,1.0986122886681098,0.6931471805599453,2.0794415416798357,0.6931471805599453,0.0,1.0986122886681098,0.0,0.0,1.0986122886681098,1.3862943611198906,1.3862943611198906,0.0,1.0986122886681098,0.0,0.6931471805599453,1.0986122886681098,1.0986122886681098,0.0,0.0,0.0,0.0,0.0,1.0986122886681098,1.0986122886681098,1.0986122886681098
171,Female,Third year,Science,34-41,In the school's library,With a group,Lectures;Learning by practicing;Project-based learning;Mind mapping and visualization,Online documents;YouTube videos;Chatgpt,No,Lack of time,Pressure,Bad quality of internet,Teachers' teaching method,Lack of previous knowledge or experience in the field,Not having a good (powerful) computer,Private life problems,Not having a good (powerful) computer,"Guergour, thabet, dib, w abdou jirani, nahkiw mashi n9raw ( w mouchaal lol)",2.0,No,3.0,3.0,Negatively,5-7 hours,2.0,7.0,5.0,5.0,4.0,Bad quality of internet,You do not care about,3,2.0,16.0,14.0,15.0,High,Moderate,High,High,Very High,High,Moderate,High,Moderate,Very High,Moderate,Moderate,Very High,High,High,High,High,High,Very High,Very High,Moderate,0,3,1,3,2,2,43,23,0,2,4,0,6,1,3,5,3,4,0,0,1,0,3,0,2,0,0,3,0,2,0,2,3,2,2,2,0,0,0,0,0,2,2,2,5.147494476813453,1.0986122886681098,1.3862943611198906,1.3862943611198906,1.0986122886681098,2.0794415416798357,1.791759469228055,1.791759469228055,1.6094379124341003,1.3862943611198906,1.0986122886681098,2.833213344056216,2.70805020110221,2.772588722239781,0.0,1.3862943611198906,0.6931471805599453,1.3862943611198906,1.0986122886681098,1.0986122886681098,3.784189633918261,3.1780538303479458,0.0,1.0986122886681098,1.6094379124341003,0.0,1.9459101490553132,0.6931471805599453,1.3862943611198906,1.791759469228055,1.3862943611198906,1.6094379124341003,0.0,0.0,0.6931471805599453,0.0,1.3862943611198906,0.0,1.0986122886681098,0.0,0.0,1.3862943611198906,0.0,1.0986122886681098,0.0,1.0986122886681098,1.3862943611198906,1.0986122886681098,1.0986122886681098,1.0986122886681098,0.0,0.0,0.0,0.0,0.0,1.0986122886681098,1.0986122886681098,1.0986122886681098
172,Female,Second year,Science,34-41,In your room (dorms),With a group,"Lectures, Learning by practicing, Online courses and tutorials","Books, Online tutorials, Online documents, YouTube videos",No,Pressure,Lack of time,Lack of previous knowledge or experience in the field,Lack of previous knowledge or experience in the field,Bad quality of internet,Teaching language,Not having a good (powerful) computer,Private life problems,Lack of motivation,3.0,No,3.0,3.0,You do not care about,5-7 hours,2.0,8.0,7.0,5.0,6.0,Teachers' teaching method,Negatively,2,1.0,16.0,14.0,15.0,High,Moderate,High,High,Very High,Very High,High,High,High,Very High,Moderate,Moderate,Very High,Very High,Very High,High,High,High,Very High,High,High,0,2,1,3,3,2,27,4,0,3,2,1,1,0,7,3,5,8,0,2,1,6,0,0,2,0,0,3,3,0,0,0,3,2,2,2,2,1,0,0,0,2,0,0,5.153291594497779,1.3862943611198906,1.3862943611198906,1.3862943611198906,1.0986122886681098,2.1972245773362196,2.0794415416798357,1.791759469228055,1.9459101490553132,1.0986122886681098,0.6931471805599453,2.833213344056216,2.70805020110221,2.772588722239781,0.0,1.0986122886681098,0.6931471805599453,1.3862943611198906,1.3862943611198906,1.0986122886681098,3.332204510175204,1.6094379124341003,0.0,1.3862943611198906,1.0986122886681098,0.6931471805599453,0.6931471805599453,0.0,2.0794415416798357,1.3862943611198906,1.791759469228055,2.1972245773362196,0.0,1.0986122886681098,0.6931471805599453,1.9459101490553132,0.0,0.0,1.0986122886681098,0.0,0.0,1.3862943611198906,1.3862943611198906,0.0,0.0,0.0,1.3862943611198906,1.0986122886681098,1.0986122886681098,1.0986122886681098,1.0986122886681098,0.6931471805599453,0.0,0.0,0.0,1.0986122886681098,0.0,0.0
173,Female,Third year,Science,18-25,In the school's library,Alone,Lectures;Learning by practicing;Project-based learning;Online courses and tutorials,YouTube videos;ChatGpt,No,Private life problems,Bad quality of internet,Lack of previous knowledge or experience in the field,Pressure,Lack of time,Teachers' teaching method,Not having a good (powerful) computer,Teaching language,"Guergour, thabet, dib, w abdou jirani, nahkiw mashi n9raw ( w mouchaal lol)",3.0,Yes,5.0,5.0,You do not care about,8 hours or more,1.0,7.0,7.0,6.0,5.0,Bad quality of internet,You do not care about,3,2.0,16.0,14.0,15.0,High,High,Moderate,High,Very High,Very High,High,High,Moderate,Very High,Moderate,Very High,Very High,Very High,Very High,High,High,High,Very High,High,High,0,3,1,1,2,0,45,38,0,4,0,1,4,2,6,3,7,4,1,2,2,0,3,0,0,2,0,3,3,0,0,2,3,2,3,2,2,1,0,0,0,2,0,0,5.159055299214529,1.3862943611198906,1.791759469228055,1.791759469228055,0.6931471805599453,2.0794415416798357,2.0794415416798357,1.9459101490553132,1.791759469228055,1.3862943611198906,1.0986122886681098,2.833213344056216,2.70805020110221,2.772588722239781,0.0,1.3862943611198906,0.6931471805599453,0.6931471805599453,1.0986122886681098,0.0,3.828641396489095,3.6635616461296463,0.0,1.6094379124341003,0.0,0.6931471805599453,1.6094379124341003,1.0986122886681098,1.9459101490553132,1.3862943611198906,2.0794415416798357,1.6094379124341003,0.6931471805599453,1.0986122886681098,1.0986122886681098,0.0,1.3862943611198906,0.0,0.0,1.0986122886681098,0.0,1.3862943611198906,1.3862943611198906,0.0,0.0,1.0986122886681098,1.3862943611198906,1.0986122886681098,1.3862943611198906,1.0986122886681098,1.0986122886681098,0.6931471805599453,0.0,0.0,0.0,1.0986122886681098,0.0,0.0
174,Female,Second year,Mathematics,10-17,In your room (dorms),Alone,"Learning by practicing, Project-based learning, Online courses and tutorials",YouTube videos,Yes,Private life problems,Pressure,Bad quality of internet,Lack of previous knowledge or experience in the field,Lack of previous knowledge or experience in the field,Teachers' teaching method,Teaching language,Not having a good (powerful) computer,Lack of motivation,1.0,No,1.0,1.0,You do not care about,8 hours or more,3.0,8.0,8.0,5.0,6.0,Lack of time,Positively,2,1.0,16.0,15.0,15.0,High,High,Moderate,High,Very High,High,Very High,High,Moderate,Very High,Moderate,Very High,Very High,Very High,Very High,High,Very High,Very High,Very High,Very High,High,0,2,0,0,3,0,11,36,1,4,4,0,1,1,6,7,3,8,0,2,2,2,1,0,0,2,0,3,0,3,0,2,3,2,3,2,2,1,0,3,3,2,2,0,5.1647859739235145,0.6931471805599453,0.6931471805599453,0.6931471805599453,1.3862943611198906,2.1972245773362196,2.1972245773362196,1.791759469228055,1.9459101490553132,1.0986122886681098,0.6931471805599453,2.833213344056216,2.772588722239781,2.772588722239781,0.0,1.0986122886681098,0.0,0.0,1.3862943611198906,0.0,2.4849066497880004,3.6109179126442243,0.6931471805599453,1.6094379124341003,1.6094379124341003,0.0,0.6931471805599453,0.6931471805599453,1.9459101490553132,2.0794415416798357,1.3862943611198906,2.1972245773362196,0.0,1.0986122886681098,1.0986122886681098,1.0986122886681098,0.6931471805599453,0.0,0.0,1.0986122886681098,0.0,1.3862943611198906,0.0,1.3862943611198906,0.0,1.0986122886681098,1.3862943611198906,1.0986122886681098,1.3862943611198906,1.0986122886681098,1.0986122886681098,0.6931471805599453,0.0,1.3862943611198906,1.3862943611198906,1.0986122886681098,1.0986122886681098,0.0
175,Female,Fourth year,Mathematics,10-17,In your room (dorms),Alone,Lectures;Learning by practicing;Project-based learning;Online courses and tutorials,Books;Online tutorials;Online documents;YouTube videos,Yes,Private life problems,Bad quality of internet,ما,Lack of time,Lack of previous knowledge or experience in the field,Lack of previous knowledge or experience in the field,Teachers' teaching method,Teaching language,you mentioned all,3.0,Yes,4.0,5.0,Positively,8 hours or more,3.0,9.0,8.0,8.0,8.0,Unknown,Unknown,4,3.0,16.0,15.0,15.0,Very High,High,High,High,High,Very High,Very High,High,Very High,Very High,Very High,High,Very High,Very High,Very High,High,Very High,Very High,Very High,Very High,High,0,1,0,0,3,0,45,13,1,4,0,8,2,1,1,6,7,30,1,1,2,8,2,3,0,0,0,0,3,3,0,3,3,3,0,2,2,1,0,3,3,2,2,0,5.170483995038151,1.3862943611198906,1.6094379124341003,1.791759469228055,1.3862943611198906,2.302585092994046,2.1972245773362196,2.1972245773362196,2.1972245773362196,1.6094379124341003,1.3862943611198906,2.833213344056216,2.772588722239781,2.772588722239781,0.0,0.6931471805599453,0.0,0.0,1.3862943611198906,0.0,3.828641396489095,2.6390573296152584,0.6931471805599453,1.6094379124341003,0.0,2.1972245773362196,1.0986122886681098,0.6931471805599453,0.6931471805599453,1.9459101490553132,2.0794415416798357,3.4339872044851463,0.6931471805599453,0.6931471805599453,1.0986122886681098,2.1972245773362196,1.0986122886681098,1.3862943611198906,0.0,0.0,0.0,0.0,1.3862943611198906,1.3862943611198906,0.0,1.3862943611198906,1.3862943611198906,1.3862943611198906,0.0,1.0986122886681098,1.0986122886681098,0.6931471805599453,0.0,1.3862943611198906,1.3862943611198906,1.0986122886681098,1.0986122886681098,0.0
176,Male,Third year,Science,18-25,In your room (dorms),Alone,Project-based learning;Online courses and tutorials,Books,No,Lack of time,Pressure,Bad quality of internet,Lack of previous knowledge or experience in the field,Teaching language,Teachers' teaching method,Not having a good (powerful) computer,Private life problems,Library always crowded,3.0,Yes,3.0,4.0,Positively,5-7 hours,4.0,8.0,7.0,5.0,8.0,Bad quality of internet,You do not care about,3,2.0,17.0,14.0,15.0,High,High,High,High,Very High,High,High,High,High,High,Moderate,Very High,Very High,Very High,Very High,High,Very High,Very High,Very High,Very High,High,1,3,1,1,3,0,57,0,0,2,4,0,1,7,6,3,5,9,1,1,1,0,3,0,0,0,0,3,0,0,0,0,0,2,3,2,2,1,0,3,3,2,2,0,5.176149732573829,1.3862943611198906,1.3862943611198906,1.6094379124341003,1.6094379124341003,2.1972245773362196,2.0794415416798357,1.791759469228055,2.1972245773362196,1.3862943611198906,1.0986122886681098,2.8903717578961645,2.70805020110221,2.772588722239781,0.6931471805599453,1.3862943611198906,0.6931471805599453,0.6931471805599453,1.3862943611198906,0.0,4.060443010546419,0.0,0.0,1.0986122886681098,1.6094379124341003,0.0,0.6931471805599453,2.0794415416798357,1.9459101490553132,1.3862943611198906,1.791759469228055,2.302585092994046,0.6931471805599453,0.6931471805599453,0.6931471805599453,0.0,1.3862943611198906,0.0,0.0,0.0,0.0,1.3862943611198906,0.0,0.0,0.0,0.0,0.0,1.0986122886681098,1.3862943611198906,1.0986122886681098,1.0986122886681098,0.6931471805599453,0.0,1.3862943611198906,1.3862943611198906,1.0986122886681098,1.0986122886681098,0.0
177,Male,Fourth year,Technical maths,18-25,In the school's library,Alone,Lectures;Learning by practicing;Project-based learning,Books;Online documents;Private courses,No,Lack of time,Pressure,Teachers' teaching method,Bad quality of internet,Lack of previous knowledge or experience in the field,Private life problems,Teaching language,Not having a good (powerful) computer,"The not organized study schedule put by the school , some modules requires TD and they do not have ...",4.0,Yes,5.0,5.0,Positively,8 hours or more,4.0,9.0,9.0,7.0,6.0,Unknown,Unknown,4,3.0,14.0,17.0,16.0,High,High,High,High,Very High,High,High,High,High,High,Moderate,Very High,Very High,Very High,Very High,High,Very High,Very High,Very High,Very High,High,1,1,2,1,2,0,41,9,0,2,4,6,0,1,5,7,3,21,1,1,2,8,2,0,0,0,0,3,0,0,0,0,0,2,3,2,2,1,0,3,3,2,2,0,5.181783550292085,1.6094379124341003,1.791759469228055,1.791759469228055,1.6094379124341003,2.302585092994046,2.302585092994046,2.0794415416798357,1.9459101490553132,1.6094379124341003,1.3862943611198906,2.70805020110221,2.8903717578961645,2.833213344056216,0.6931471805599453,0.6931471805599453,1.0986122886681098,0.6931471805599453,1.0986122886681098,0.0,3.7376696182833684,2.302585092994046,0.0,1.0986122886681098,1.6094379124341003,1.9459101490553132,0.0,0.6931471805599453,1.791759469228055,2.0794415416798357,1.3862943611198906,3.091042453358316,0.6931471805599453,0.6931471805599453,1.0986122886681098,2.1972245773362196,1.0986122886681098,0.0,0.0,0.0,0.0,1.3862943611198906,0.0,0.0,0.0,0.0,0.0,1.0986122886681098,1.3862943611198906,1.0986122886681098,1.0986122886681098,0.6931471805599453,0.0,1.3862943611198906,1.3862943611198906,1.0986122886681098,1.0986122886681098,0.0
178,Male,Third year,Mathematics,10-17,At home,Alone,Learning by practicing,Books;Online documents,No,Lack of time,Teachers' teaching method,Private life problems,Pressure,Lack of previous knowledge or experience in the field,Not having a good (powerful) computer,Teaching language,Bad quality of internet,"Guergour, thabet, dib, w abdou jirani, nahkiw mashi n9raw ( w mouchaal lol)",3.0,Yes,4.0,3.0,You do not care about,8 hours or more,4.0,8.0,8.0,8.0,9.0,Bad quality of internet,You do not care about,3,2.0,16.0,15.0,16.0,Very High,Very High,High,High,Very High,High,Very High,High,Moderate,Very High,High,Very High,Very High,Very High,Very High,High,Very High,Very High,Very High,Very High,High,1,3,0,0,0,0,0,8,0,2,6,5,4,1,3,7,0,4,1,2,2,0,3,3,3,0,0,3,0,3,0,2,3,0,3,2,2,1,0,3,3,2,2,0,5.187385805840755,1.3862943611198906,1.6094379124341003,1.3862943611198906,1.6094379124341003,2.1972245773362196,2.1972245773362196,2.1972245773362196,2.302585092994046,1.3862943611198906,1.0986122886681098,2.833213344056216,2.772588722239781,2.833213344056216,0.6931471805599453,1.3862943611198906,0.0,0.0,0.0,0.0,0.0,2.1972245773362196,0.0,1.0986122886681098,1.9459101490553132,1.791759469228055,1.6094379124341003,0.6931471805599453,1.3862943611198906,2.0794415416798357,0.0,1.6094379124341003,0.6931471805599453,1.0986122886681098,1.0986122886681098,0.0,1.3862943611198906,1.3862943611198906,1.3862943611198906,0.0,0.0,1.3862943611198906,0.0,1.3862943611198906,0.0,1.0986122886681098,1.3862943611198906,0.0,1.3862943611198906,1.0986122886681098,1.0986122886681098,0.6931471805599453,0.0,1.3862943611198906,1.3862943611198906,1.0986122886681098,1.0986122886681098,0.0
179,Male,Second year,Mathematics,18-25,At home,Alone,Lectures;Learning by practicing;Online courses and tutorials,Online tutorials;Online documents;YouTube videos,Yes,Lack of time,Pressure,Not having a good (powerful) computer,Lack of previous knowledge or experience in the field,Teachers' teaching method,Teaching language,Bad quality of internet,Private life problems,Lack of motivation,3.0,No,4.0,5.0,You do not care about,5-7 hours,4.0,9.0,9.0,9.0,9.0,Lack of previous knowledge or experience in the field,You do not care about,2,1.0,16.0,16.0,16.0,Very High,High,Very High,High,Very High,High,High,High,High,Very High,Very High,Very High,Very High,Very High,Very High,High,Very High,Very High,Very High,Very High,High,1,2,0,1,0,0,40,31,1,2,4,3,1,6,7,0,5,8,0,2,1,1,3,3,0,3,0,3,0,0,0,0,3,3,3,2,2,1,0,3,3,2,2,0,5.19295685089021,1.3862943611198906,1.6094379124341003,1.791759469228055,1.6094379124341003,2.302585092994046,2.302585092994046,2.302585092994046,2.302585092994046,1.0986122886681098,0.6931471805599453,2.833213344056216,2.833213344056216,2.833213344056216,0.6931471805599453,1.0986122886681098,0.0,0.6931471805599453,0.0,0.0,3.713572066704308,3.4657359027997265,0.6931471805599453,1.0986122886681098,1.6094379124341003,1.3862943611198906,0.6931471805599453,1.9459101490553132,2.0794415416798357,0.0,1.791759469228055,2.1972245773362196,0.0,1.0986122886681098,0.6931471805599453,0.6931471805599453,1.3862943611198906,1.3862943611198906,0.0,1.3862943611198906,0.0,1.3862943611198906,0.0,0.0,0.0,0.0,1.3862943611198906,1.3862943611198906,1.3862943611198906,1.0986122886681098,1.0986122886681098,0.6931471805599453,0.0,1.3862943611198906,1.3862943611198906,1.0986122886681098,1.0986122886681098,0.0
180,Male,Third year,Science,34-41,In your room (dorms),Alone,Learning by practicing;Project-based learning,Online documents,No,Pressure,Lack of time,Teachers' teaching method,Private life problems,Lack of previous knowledge or experience in the field,Not having a good (powerful) computer,Bad quality of internet,Teaching language,"Guergour, thabet, dib, w abdou jirani, nahkiw mashi n9raw ( w mouchaal lol)",2.0,Yes,3.0,4.0,Positively,8 hours or more,4.0,8.0,6.0,6.0,7.0,Bad quality of internet,You do not care about,3,2.0,16.0,16.0,16.0,Very High,High,Very High,High,Very High,High,Very High,High,High,Very High,Very High,Very High,Very High,Very High,Very High,High,Very High,Very High,Very High,Very High,High,1,3,1,3,3,0,17,18,0,3,2,6,5,1,3,0,7,4,1,1,2,0,3,3,0,3,0,3,0,3,0,0,3,3,3,2,2,1,0,3,3,2,2,0,5.198497031265826,1.0986122886681098,1.3862943611198906,1.6094379124341003,1.6094379124341003,2.1972245773362196,1.9459101490553132,1.9459101490553132,2.0794415416798357,1.3862943611198906,1.0986122886681098,2.833213344056216,2.833213344056216,2.833213344056216,0.6931471805599453,1.3862943611198906,0.6931471805599453,1.3862943611198906,1.3862943611198906,0.0,2.8903717578961645,2.9444389791664403,0.0,1.3862943611198906,1.0986122886681098,1.9459101490553132,1.791759469228055,0.6931471805599453,1.3862943611198906,0.0,2.0794415416798357,1.6094379124341003,0.6931471805599453,0.6931471805599453,1.0986122886681098,0.0,1.3862943611198906,1.3862943611198906,0.0,1.3862943611198906,0.0,1.3862943611198906,0.0,1.3862943611198906,0.0,0.0,1.3862943611198906,1.3862943611198906,1.3862943611198906,1.0986122886681098,1.0986122886681098,0.6931471805599453,0.0,1.3862943611198906,1.3862943611198906,1.0986122886681098,1.0986122886681098,0.0
181,Male,Second year,Mathematics,10-17,In your room (dorms),Alone,"Learning by practicing, Mind mapping and visualization",Online documents,No,Teachers' teaching method,Bad quality of internet,Lack of time,Lack of previous knowledge or experience in the field,Not having a good (powerful) computer,Pressure,Lack of previous knowledge or experience in the field,Teaching language,Lack of motivation,1.0,No,3.0,4.0,You do not care about,5-7 hours,5.0,8.0,7.0,7.0,8.0,Private life problems,Positively,2,1.0,16.0,16.0,16.0,Very High,High,Very High,High,Very High,High,Very High,High,High,Very High,Very High,Very High,Very High,Very High,Very High,High,High,High,Very High,Very High,High,1,2,0,0,3,0,2,18,0,5,0,2,1,3,4,1,7,8,0,2,1,5,1,3,0,3,0,3,0,3,0,0,3,3,3,2,2,1,0,0,0,2,2,0,5.204006687076795,0.6931471805599453,1.3862943611198906,1.6094379124341003,1.791759469228055,2.1972245773362196,2.0794415416798357,2.0794415416798357,2.1972245773362196,1.0986122886681098,0.6931471805599453,2.833213344056216,2.833213344056216,2.833213344056216,0.6931471805599453,1.0986122886681098,0.0,0.0,1.3862943611198906,0.0,1.0986122886681098,2.9444389791664403,0.0,1.791759469228055,0.0,1.0986122886681098,0.6931471805599453,1.3862943611198906,1.6094379124341003,0.6931471805599453,2.0794415416798357,2.1972245773362196,0.0,1.0986122886681098,0.6931471805599453,1.791759469228055,0.6931471805599453,1.3862943611198906,0.0,1.3862943611198906,0.0,1.3862943611198906,0.0,1.3862943611198906,0.0,0.0,1.3862943611198906,1.3862943611198906,1.3862943611198906,1.0986122886681098,1.0986122886681098,0.6931471805599453,0.0,0.0,0.0,1.0986122886681098,1.0986122886681098,0.0
182,Female,Second year,Mathematics,26-33,In the school's library,Alone,Lectures;Learning by practicing;Mind mapping and visualization,Online documents;YouTube videos,No,Pressure,Lack of time,Lack of previous knowledge or experience in the field,Teachers' teaching method,Private life problems,Teaching language,Bad quality of internet,Not having a good (powerful) computer,Lack of motivation,3.0,No,4.0,4.0,You do not care about,8 hours or more,3.0,9.0,8.0,8.0,7.0,Lack of previous knowledge or experience in the field,You do not care about,2,1.0,16.0,16.0,16.0,High,High,Very High,High,High,Moderate,High,Very High,High,Very High,High,Moderate,Very High,Very High,Very High,High,High,High,Very High,Very High,High,0,2,0,2,2,0,38,22,0,3,2,1,6,5,7,0,3,8,0,2,2,1,3,0,0,3,0,0,2,0,3,0,3,0,2,2,2,1,0,0,0,2,2,0,5.209486152841421,1.3862943611198906,1.6094379124341003,1.6094379124341003,1.3862943611198906,2.302585092994046,2.1972245773362196,2.1972245773362196,2.0794415416798357,1.0986122886681098,0.6931471805599453,2.833213344056216,2.833213344056216,2.833213344056216,0.0,1.0986122886681098,0.0,1.0986122886681098,1.0986122886681098,0.0,3.6635616461296463,3.1354942159291497,0.0,1.3862943611198906,1.0986122886681098,0.6931471805599453,1.9459101490553132,1.791759469228055,2.0794415416798357,0.0,1.3862943611198906,2.1972245773362196,0.0,1.0986122886681098,1.0986122886681098,0.6931471805599453,1.3862943611198906,0.0,0.0,1.3862943611198906,0.0,0.0,1.0986122886681098,0.0,1.3862943611198906,0.0,1.3862943611198906,0.0,1.0986122886681098,1.0986122886681098,1.0986122886681098,0.6931471805599453,0.0,0.0,0.0,1.0986122886681098,1.0986122886681098,0.0
183,Male,Third year,Science,26-33,In your room (dorms),Alone,Learning by practicing;Mind mapping and visualization;Online courses and tutorials,Books;Online documents,No,Lack of time,Pressure,Bad quality of internet,Teachers' teaching method,Lack of previous knowledge or experience in the field,Private life problems,Teaching language,Not having a good (powerful) computer,"Guergour, thabet, dib, w abdou jirani, nahkiw mashi n9raw ( w mouchaal lol)",2.0,Yes,4.0,5.0,Positively,5-7 hours,3.0,8.0,8.0,8.0,7.0,Bad quality of internet,You do not care about,3,2.0,16.0,17.0,16.0,High,Very High,High,High,High,Moderate,Very High,Very High,High,Very High,High,Moderate,Very High,Very High,Very High,High,High,High,Very High,Very High,High,1,3,1,2,3,0,15,8,0,2,4,0,6,1,5,7,3,4,1,1,1,0,3,0,3,0,0,0,2,3,3,0,3,0,2,2,2,1,0,0,0,2,2,0,5.214935757608986,1.0986122886681098,1.6094379124341003,1.791759469228055,1.3862943611198906,2.1972245773362196,2.1972245773362196,2.1972245773362196,2.0794415416798357,1.3862943611198906,1.0986122886681098,2.833213344056216,2.8903717578961645,2.833213344056216,0.6931471805599453,1.3862943611198906,0.6931471805599453,1.0986122886681098,1.3862943611198906,0.0,2.772588722239781,2.1972245773362196,0.0,1.0986122886681098,1.6094379124341003,0.0,1.9459101490553132,0.6931471805599453,1.791759469228055,2.0794415416798357,1.3862943611198906,1.6094379124341003,0.6931471805599453,0.6931471805599453,0.6931471805599453,0.0,1.3862943611198906,0.0,1.3862943611198906,0.0,0.0,0.0,1.0986122886681098,1.3862943611198906,1.3862943611198906,0.0,1.3862943611198906,0.0,1.0986122886681098,1.0986122886681098,1.0986122886681098,0.6931471805599453,0.0,0.0,0.0,1.0986122886681098,1.0986122886681098,0.0
184,Male,Second year,Science,18-25,In your room (dorms),Alone,Learning by practicing,"Books, Online documents",No,Lack of time,Lack of previous knowledge or experience in the field,Teachers' teaching method,Lack of previous knowledge or experience in the field,Pressure,Not having a good (powerful) computer,Private life problems,Teaching language,Lack of motivation,2.0,No,4.0,4.0,You do not care about,8 hours or more,3.0,8.0,9.0,9.0,8.0,Bad quality of internet,Negatively,2,1.0,16.0,17.0,16.0,High,Very High,High,High,High,Very High,Very High,Very High,High,Very High,High,Moderate,Very High,Very High,Very High,High,High,Very High,Very High,Very High,Very High,1,2,1,1,3,0,0,1,0,2,1,6,1,4,3,5,7,8,0,2,2,0,0,0,3,0,0,0,3,3,3,0,3,0,2,2,2,1,0,0,3,2,2,3,5.220355825078324,1.0986122886681098,1.6094379124341003,1.6094379124341003,1.3862943611198906,2.1972245773362196,2.302585092994046,2.302585092994046,2.1972245773362196,1.0986122886681098,0.6931471805599453,2.833213344056216,2.8903717578961645,2.833213344056216,0.6931471805599453,1.0986122886681098,0.6931471805599453,0.6931471805599453,1.3862943611198906,0.0,0.0,0.6931471805599453,0.0,1.0986122886681098,0.6931471805599453,1.9459101490553132,0.6931471805599453,1.6094379124341003,1.3862943611198906,1.791759469228055,2.0794415416798357,2.1972245773362196,0.0,1.0986122886681098,1.0986122886681098,0.0,0.0,0.0,1.3862943611198906,0.0,0.0,0.0,1.3862943611198906,1.3862943611198906,1.3862943611198906,0.0,1.3862943611198906,0.0,1.0986122886681098,1.0986122886681098,1.0986122886681098,0.6931471805599453,0.0,0.0,1.3862943611198906,1.0986122886681098,1.0986122886681098,1.3862943611198906
185,Male,Second year,Mathematics,18-25,In the school's library,Alone,Lectures,Books,No,Lack of time,Private life problems,Pressure,Bad quality of internet,Teachers' teaching method,Lack of previous knowledge or experience in the field,Teaching language,Not having a good (powerful) computer,Lack of motivation,3.0,Yes,4.0,5.0,You do not care about,5-7 hours,4.0,8.0,8.0,8.0,9.0,Lack of previous knowledge or experience in the field,You do not care about,2,1.0,16.0,17.0,16.0,High,Very High,High,High,High,Very High,Very High,Very High,High,Very High,High,Moderate,Very High,Very High,Very High,High,High,Very High,Very High,Very High,Very High,1,2,0,1,2,0,23,0,0,2,5,4,0,6,1,7,3,8,1,2,1,1,3,0,3,0,0,0,3,3,3,0,3,0,2,2,2,1,0,0,3,2,2,3,5.225746673713202,1.3862943611198906,1.6094379124341003,1.791759469228055,1.6094379124341003,2.1972245773362196,2.1972245773362196,2.1972245773362196,2.302585092994046,1.0986122886681098,0.6931471805599453,2.833213344056216,2.8903717578961645,2.833213344056216,0.6931471805599453,1.0986122886681098,0.0,0.6931471805599453,1.0986122886681098,0.0,3.1780538303479458,0.0,0.0,1.0986122886681098,1.791759469228055,1.6094379124341003,0.0,1.9459101490553132,0.6931471805599453,2.0794415416798357,1.3862943611198906,2.1972245773362196,0.6931471805599453,1.0986122886681098,0.6931471805599453,0.6931471805599453,1.3862943611198906,0.0,1.3862943611198906,0.0,0.0,0.0,1.3862943611198906,1.3862943611198906,1.3862943611198906,0.0,1.3862943611198906,0.0,1.0986122886681098,1.0986122886681098,1.0986122886681098,0.6931471805599453,0.0,0.0,1.3862943611198906,1.0986122886681098,1.0986122886681098,1.3862943611198906
186,Male,Second year,Mathematics,18-25,At home,Alone,"Lectures, Learning by practicing, Project-based learning, Online courses and tutorials","Books, Online tutorials, Online documents, YouTube videos",No,Teachers' teaching method,Pressure,Lack of time,Lack of previous knowledge or experience in the field,Bad quality of internet,Bad quality of internet,Not having a good (powerful) computer,Private life problems,Lack of motivation,1.0,No,1.0,5.0,You do not care about,8 hours or more,3.0,6.0,5.0,5.0,4.0,Lack of previous knowledge or experience in the field,Negatively,2,1.0,17.0,16.0,16.0,High,Very High,High,High,High,High,Very High,Very High,High,Very High,High,Moderate,Very High,Very High,Very High,Very High,Very High,Very High,Very High,Very High,High,1,2,0,1,0,0,33,4,0,5,4,2,1,0,0,3,5,8,0,2,2,1,0,0,3,0,0,0,0,3,3,0,3,0,2,2,2,1,2,3,3,2,2,0,5.231108616854587,0.6931471805599453,0.6931471805599453,1.791759469228055,1.3862943611198906,1.9459101490553132,1.791759469228055,1.791759469228055,1.6094379124341003,1.0986122886681098,0.6931471805599453,2.8903717578961645,2.833213344056216,2.833213344056216,0.6931471805599453,1.0986122886681098,0.0,0.6931471805599453,0.0,0.0,3.5263605246161616,1.6094379124341003,0.0,1.791759469228055,1.6094379124341003,1.0986122886681098,0.6931471805599453,0.0,0.0,1.3862943611198906,1.791759469228055,2.1972245773362196,0.0,1.0986122886681098,1.0986122886681098,0.6931471805599453,0.0,0.0,1.3862943611198906,0.0,0.0,0.0,0.0,1.3862943611198906,1.3862943611198906,0.0,1.3862943611198906,0.0,1.0986122886681098,1.0986122886681098,1.0986122886681098,0.6931471805599453,1.0986122886681098,1.3862943611198906,1.3862943611198906,1.0986122886681098,1.0986122886681098,0.0
187,Female,Second year,Mathematics,26-33,In the dorms' library,Alone,"Lectures, Learning by practicing, Project-based learning, Mind mapping and visualization","Books, Online documents",No,Teachers' teaching method,Pressure,Bad quality of internet,Lack of previous knowledge or experience in the field,Lack of time,Teaching language,Not having a good (powerful) computer,Lack of previous knowledge or experience in the field,Lack of motivation,1.0,No,4.0,5.0,You do not care about,8 hours or more,3.0,9.0,7.0,7.0,8.0,Private life problems,Negatively,2,1.0,17.0,16.0,17.0,High,Very High,High,High,High,Very High,Very High,Very High,Very High,Very High,High,Moderate,Very High,Very High,Very High,High,Very High,Very High,Very High,Very High,Very High,0,2,0,2,1,0,29,1,0,5,4,0,1,2,7,3,1,8,0,2,2,5,0,0,3,0,0,0,3,3,3,3,3,0,2,2,2,1,0,3,3,2,2,3,5.236441962829949,0.6931471805599453,1.6094379124341003,1.791759469228055,1.3862943611198906,2.302585092994046,2.0794415416798357,2.0794415416798357,2.1972245773362196,1.0986122886681098,0.6931471805599453,2.8903717578961645,2.833213344056216,2.8903717578961645,0.0,1.0986122886681098,0.0,1.0986122886681098,0.6931471805599453,0.0,3.4011973816621555,0.6931471805599453,0.0,1.791759469228055,1.6094379124341003,0.0,0.6931471805599453,1.0986122886681098,2.0794415416798357,1.3862943611198906,0.6931471805599453,2.1972245773362196,0.0,1.0986122886681098,1.0986122886681098,1.791759469228055,0.0,0.0,1.3862943611198906,0.0,0.0,0.0,1.3862943611198906,1.3862943611198906,1.3862943611198906,1.3862943611198906,1.3862943611198906,0.0,1.0986122886681098,1.0986122886681098,1.0986122886681098,0.6931471805599453,0.0,1.3862943611198906,1.3862943611198906,1.0986122886681098,1.0986122886681098,1.3862943611198906
188,Male,Second year,Mathematics,34-41,In the school's library,Alone,Learning by practicing;Project-based learning;Online courses and tutorials,Books;Online tutorials;YouTube videos;chatgpt,Yes,Pressure,Private life problems,Lack of time,Teachers' teaching method,Lack of previous knowledge or experience in the field,Teaching language,Not having a good (powerful) computer,Bad quality of internet,fucking 3ala9at ijtima3eya,3.0,Yes,3.0,4.0,Positively,5-7 hours,4.0,7.0,8.0,7.0,9.0,Lack of previous knowledge or experience in the field,You do not care about,2,1.0,17.0,17.0,17.0,Very High,High,Very High,High,High,Moderate,High,High,High,High,Very High,High,Very High,Very High,Very High,High,Very High,Very High,Very High,Very High,Very High,1,2,0,3,2,0,22,15,1,3,5,2,6,1,7,3,0,27,1,1,1,1,3,3,0,3,0,0,2,0,0,0,0,3,0,2,2,1,0,3,3,2,2,3,5.241747015059643,1.3862943611198906,1.3862943611198906,1.6094379124341003,1.6094379124341003,2.0794415416798357,2.1972245773362196,2.0794415416798357,2.302585092994046,1.0986122886681098,0.6931471805599453,2.8903717578961645,2.8903717578961645,2.8903717578961645,0.6931471805599453,1.0986122886681098,0.0,1.3862943611198906,1.0986122886681098,0.0,3.1354942159291497,2.772588722239781,0.6931471805599453,1.3862943611198906,1.791759469228055,1.0986122886681098,1.9459101490553132,0.6931471805599453,2.0794415416798357,1.3862943611198906,0.0,3.332204510175204,0.6931471805599453,0.6931471805599453,0.6931471805599453,0.6931471805599453,1.3862943611198906,1.3862943611198906,0.0,1.3862943611198906,0.0,0.0,1.0986122886681098,0.0,0.0,0.0,0.0,1.3862943611198906,0.0,1.0986122886681098,1.0986122886681098,0.6931471805599453,0.0,1.3862943611198906,1.3862943611198906,1.0986122886681098,1.0986122886681098,1.3862943611198906
189,Female,Second year,Mathematics,26-33,In the school's library,With a group,"Lectures, Learning by practicing, Project-based learning, Mind mapping and visualization, Interactive workshops, Online courses and tutorials","Online tutorials, Online documents, YouTube videos",No,Lack of time,Teaching language,Bad quality of internet,Lack of previous knowledge or experience in the field,Private life problems,Pressure,Not having a good (powerful) computer,Teachers' teaching method,Lack of motivation,3.0,No,4.0,5.0,You do not care about,8 hours or more,3.0,7.0,8.0,8.0,8.0,Pressure,Positively,2,1.0,17.0,17.0,17.0,Very High,High,Very High,High,High,Very High,Very High,High,High,High,Very High,High,Very High,Very High,Very High,Very High,Very High,Very High,Very High,Very High,Very High,0,2,0,2,2,2,31,26,0,2,7,0,1,5,4,3,6,8,0,2,2,4,1,3,0,3,0,0,3,3,0,0,0,3,0,2,2,1,2,3,3,2,2,3,5.247024072160486,1.3862943611198906,1.6094379124341003,1.791759469228055,1.3862943611198906,2.0794415416798357,2.1972245773362196,2.1972245773362196,2.1972245773362196,1.0986122886681098,0.6931471805599453,2.8903717578961645,2.8903717578961645,2.8903717578961645,0.0,1.0986122886681098,0.0,1.0986122886681098,1.0986122886681098,1.0986122886681098,3.4657359027997265,3.295836866004329,0.0,1.0986122886681098,2.0794415416798357,0.0,0.6931471805599453,1.791759469228055,1.6094379124341003,1.3862943611198906,1.9459101490553132,2.1972245773362196,0.0,1.0986122886681098,1.0986122886681098,1.6094379124341003,0.6931471805599453,1.3862943611198906,0.0,1.3862943611198906,0.0,0.0,1.3862943611198906,1.3862943611198906,0.0,0.0,0.0,1.3862943611198906,0.0,1.0986122886681098,1.0986122886681098,0.6931471805599453,1.0986122886681098,1.3862943611198906,1.3862943611198906,1.0986122886681098,1.0986122886681098,1.3862943611198906
190,Female,Second year,Mathematics,18-25,In your room (dorms),Alone,"Learning by practicing, Mind mapping and visualization, Interactive workshops","Books, Online tutorials, Online documents, YouTube videos",Yes,Teachers' teaching method,Lack of time,Bad quality of internet,Lack of previous knowledge or experience in the field,Private life problems,Teaching language,Lack of previous knowledge or experience in the field,Not having a good (powerful) computer,Lack of motivation,2.0,Yes,3.0,5.0,You do not care about,5-7 hours,4.0,8.0,8.0,7.0,9.0,Pressure,You do not care about,2,1.0,17.0,18.0,17.0,Very High,High,Very High,High,High,High,Very High,High,Very High,High,Very High,High,Very High,Very High,Very High,Very High,High,Very High,Very High,Very High,Very High,0,2,0,1,3,0,3,4,1,5,2,0,1,5,7,1,3,8,1,2,1,4,3,3,0,3,0,0,0,3,0,3,0,3,0,2,2,1,2,0,3,2,2,3,5.25227342804663,1.0986122886681098,1.3862943611198906,1.791759469228055,1.6094379124341003,2.1972245773362196,2.1972245773362196,2.0794415416798357,2.302585092994046,1.0986122886681098,0.6931471805599453,2.8903717578961645,2.9444389791664403,2.8903717578961645,0.0,1.0986122886681098,0.0,0.6931471805599453,1.3862943611198906,0.0,1.3862943611198906,1.6094379124341003,0.6931471805599453,1.791759469228055,1.0986122886681098,0.0,0.6931471805599453,1.791759469228055,2.0794415416798357,0.6931471805599453,1.3862943611198906,2.1972245773362196,0.6931471805599453,1.0986122886681098,0.6931471805599453,1.6094379124341003,1.3862943611198906,1.3862943611198906,0.0,1.3862943611198906,0.0,0.0,0.0,1.3862943611198906,0.0,1.3862943611198906,0.0,1.3862943611198906,0.0,1.0986122886681098,1.0986122886681098,0.6931471805599453,1.0986122886681098,0.0,1.3862943611198906,1.0986122886681098,1.0986122886681098,1.3862943611198906
191,Female,Third year,Mathematics,10-17,In your room (dorms),Alone,Lectures;Learning by practicing;Project-based learning,Books;Online tutorials;Online documents,Yes,Lack of time,Bad quality of internet,Private life problems,Teachers' teaching method,Lack of previous knowledge or experience in the field,Pressure,Not having a good (powerful) computer,Teaching language,"Guergour, thabet, dib, w abdou jirani, nahkiw mashi n9raw ( w mouchaal lol)",3.0,Yes,4.0,5.0,You do not care about,5-7 hours,3.0,8.0,7.0,6.0,7.0,Bad quality of internet,You do not care about,3,2.0,17.0,18.0,17.0,Very High,High,Very High,High,High,High,Very High,High,Very High,High,Very High,High,Very High,Very High,Very High,Very High,High,Very High,Very High,Very High,Very High,0,3,0,0,3,0,41,12,1,2,0,5,6,1,4,3,7,4,1,2,1,0,3,3,0,3,0,0,0,3,0,3,0,3,0,2,2,1,2,0,3,2,2,3,5.2574953720277815,1.3862943611198906,1.6094379124341003,1.791759469228055,1.3862943611198906,2.1972245773362196,2.0794415416798357,1.9459101490553132,2.0794415416798357,1.3862943611198906,1.0986122886681098,2.8903717578961645,2.9444389791664403,2.8903717578961645,0.0,1.3862943611198906,0.0,0.0,1.3862943611198906,0.0,3.7376696182833684,2.5649493574615367,0.6931471805599453,1.0986122886681098,0.0,1.791759469228055,1.9459101490553132,0.6931471805599453,1.6094379124341003,1.3862943611198906,2.0794415416798357,1.6094379124341003,0.6931471805599453,1.0986122886681098,0.6931471805599453,0.0,1.3862943611198906,1.3862943611198906,0.0,1.3862943611198906,0.0,0.0,0.0,1.3862943611198906,0.0,1.3862943611198906,0.0,1.3862943611198906,0.0,1.0986122886681098,1.0986122886681098,0.6931471805599453,1.0986122886681098,0.0,1.3862943611198906,1.0986122886681098,1.0986122886681098,1.3862943611198906
192,Female,First year,Mathematics,34-41,In your room (dorms),Alone,Lectures;Learning by practicing,Online tutorials;Online documents;YouTube videos,Yes,Pressure,Lack of time,Teachers' teaching method,Bad quality of internet,Teaching language,Lack of previous knowledge or experience in the field,Private life problems,Not having a good (powerful) computer,Don't know the right method to study,4.0,No,5.0,5.0,Positively,8 hours or more,4.0,6.0,6.0,6.0,3.0,Lack of previous knowledge or experience in the field,You do not care about,1,1.0,6.0,18.0,17.0,Very High,High,Very High,High,High,High,Very High,High,Very High,High,Very High,High,Very High,Very High,Very High,Very High,High,Very High,Very High,Very High,Very High,0,0,0,3,3,0,37,31,1,3,2,6,0,7,1,5,3,1,0,1,2,1,3,3,0,3,0,0,0,3,0,3,0,3,0,2,2,1,2,0,3,2,2,3,5.262690188904886,1.6094379124341003,1.791759469228055,1.791759469228055,1.6094379124341003,1.9459101490553132,1.9459101490553132,1.9459101490553132,1.3862943611198906,0.6931471805599453,0.6931471805599453,1.9459101490553132,2.9444389791664403,2.8903717578961645,0.0,0.0,0.0,1.3862943611198906,1.3862943611198906,0.0,3.6375861597263857,3.4657359027997265,0.6931471805599453,1.3862943611198906,1.0986122886681098,1.9459101490553132,0.0,2.0794415416798357,0.6931471805599453,1.791759469228055,1.3862943611198906,0.6931471805599453,0.0,0.6931471805599453,1.0986122886681098,0.6931471805599453,1.3862943611198906,1.3862943611198906,0.0,1.3862943611198906,0.0,0.0,0.0,1.3862943611198906,0.0,1.3862943611198906,0.0,1.3862943611198906,0.0,1.0986122886681098,1.0986122886681098,0.6931471805599453,1.0986122886681098,0.0,1.3862943611198906,1.0986122886681098,1.0986122886681098,1.3862943611198906
193,Female,First year,Mathematics,26-33,In the school's library,Alone,Learning by practicing,Online documents;YouTube videos,Yes,Bad quality of internet,Teachers' teaching method,Lack of previous knowledge or experience in the field,Pressure,Lack of time,Private life problems,Not having a good (powerful) computer,Lack of time,I waste time in the dorms,3.0,No,5.0,4.0,You do not care about,8 hours or more,3.0,5.0,4.0,3.0,5.0,Lack of previous knowledge or experience in the field,You do not care about,1,1.0,10.0,18.0,17.0,Very High,High,Very High,High,High,High,Very High,High,Very High,High,Very High,High,Very High,Very High,Very High,Very High,High,Very High,Very High,Very High,Very High,0,0,0,2,2,0,0,22,1,0,6,1,4,2,5,3,2,6,0,2,2,1,3,3,0,3,0,0,0,3,0,3,0,3,0,2,2,1,2,0,3,2,2,3,5.267858159063328,1.3862943611198906,1.791759469228055,1.6094379124341003,1.3862943611198906,1.791759469228055,1.6094379124341003,1.3862943611198906,1.791759469228055,0.6931471805599453,0.6931471805599453,2.3978952727983707,2.9444389791664403,2.8903717578961645,0.0,0.0,0.0,1.0986122886681098,1.0986122886681098,0.0,0.0,3.1354942159291497,0.6931471805599453,0.0,1.9459101490553132,0.6931471805599453,1.6094379124341003,1.0986122886681098,1.791759469228055,1.3862943611198906,1.0986122886681098,1.9459101490553132,0.0,1.0986122886681098,1.0986122886681098,0.6931471805599453,1.3862943611198906,1.3862943611198906,0.0,1.3862943611198906,0.0,0.0,0.0,1.3862943611198906,0.0,1.3862943611198906,0.0,1.3862943611198906,0.0,1.0986122886681098,1.0986122886681098,0.6931471805599453,1.0986122886681098,0.0,1.3862943611198906,1.0986122886681098,1.0986122886681098,1.3862943611198906
194,Female,First year,Mathematics,10-17,In the school's library,In peer,Learning by practicing,Online tutorials;YouTube videos,Yes,Lack of previous knowledge or experience in the field,Teachers' teaching method,Lack of time,Pressure,Bad quality of internet,Not having a good (powerful) computer,Teaching language,Private life problems,"english language, studying secondry modules effect our focusing on main module, espacially with a lot of home works and projects",2.0,No,3.0,4.0,Positively,5-7 hours,2.0,7.0,9.0,10.0,6.0,Lack of previous knowledge or experience in the field,You do not care about,1,1.0,10.0,18.0,17.0,Very High,High,Very High,High,High,High,Very High,High,Very High,High,Very High,High,Very High,Very High,Very High,Very High,High,Very High,Very High,Very High,Very High,0,0,0,0,2,1,0,34,1,1,6,2,4,0,3,7,5,25,0,1,1,1,3,3,0,3,0,0,0,3,0,3,0,3,0,2,2,1,2,0,3,2,2,3,5.272999558563747,1.0986122886681098,1.3862943611198906,1.6094379124341003,1.0986122886681098,2.0794415416798357,2.302585092994046,2.3978952727983707,1.9459101490553132,0.6931471805599453,0.6931471805599453,2.3978952727983707,2.9444389791664403,2.8903717578961645,0.0,0.0,0.0,0.0,1.0986122886681098,0.6931471805599453,0.0,3.5553480614894135,0.6931471805599453,0.6931471805599453,1.9459101490553132,1.0986122886681098,1.6094379124341003,0.0,1.3862943611198906,2.0794415416798357,1.791759469228055,3.258096538021482,0.0,0.6931471805599453,0.6931471805599453,0.6931471805599453,1.3862943611198906,1.3862943611198906,0.0,1.3862943611198906,0.0,0.0,0.0,1.3862943611198906,0.0,1.3862943611198906,0.0,1.3862943611198906,0.0,1.0986122886681098,1.0986122886681098,0.6931471805599453,1.0986122886681098,0.0,1.3862943611198906,1.0986122886681098,1.0986122886681098,1.3862943611198906
195,Female,Second year,Science,18-25,In the school's library,Alone,Learning by practicing;Project-based learning,Books;YouTube videos,No,Pressure,Lack of time,Teachers' teaching method,Lack of previous knowledge or experience in the field,Bad quality of internet,Teaching language,Not having a good (powerful) computer,Private life problems,Lack of motivation,2.0,Yes,2.0,4.0,Positively,5-7 hours,3.0,8.0,8.0,7.0,7.0,Lack of previous knowledge or experience in the field,You do not care about,2,1.0,11.0,10.0,17.0,Low,Moderate,Moderate,Moderate,High,High,Moderate,High,Low,Low,Low,High,Very High,Very High,Very High,Very High,High,Very High,Very High,Very High,Very High,0,2,1,1,2,0,17,16,0,3,2,6,1,0,7,3,5,8,1,1,1,1,3,1,2,2,2,0,0,2,0,1,1,1,0,2,2,1,2,0,3,2,2,3,5.278114659230517,1.0986122886681098,1.0986122886681098,1.6094379124341003,1.3862943611198906,2.1972245773362196,2.1972245773362196,2.0794415416798357,2.0794415416798357,1.0986122886681098,0.6931471805599453,2.4849066497880004,2.3978952727983707,2.8903717578961645,0.0,1.0986122886681098,0.6931471805599453,0.6931471805599453,1.0986122886681098,0.0,2.8903717578961645,2.833213344056216,0.0,1.3862943611198906,1.0986122886681098,1.9459101490553132,0.6931471805599453,0.0,2.0794415416798357,1.3862943611198906,1.791759469228055,2.1972245773362196,0.6931471805599453,0.6931471805599453,0.6931471805599453,0.6931471805599453,1.3862943611198906,0.6931471805599453,1.0986122886681098,1.0986122886681098,1.0986122886681098,0.0,0.0,1.0986122886681098,0.0,0.6931471805599453,0.6931471805599453,0.6931471805599453,0.0,1.0986122886681098,1.0986122886681098,0.6931471805599453,1.0986122886681098,0.0,1.3862943611198906,1.0986122886681098,1.0986122886681098,1.3862943611198906
196,Female,Second year,Technical maths,10-17,In the dorms' library,With a group,Lectures,Books;Online tutorials;Online documents,No,Pressure,Private life problems,Teaching language,Bad quality of internet,Lack of time,Teachers' teaching method,Lack of previous knowledge or experience in the field,Not having a good (powerful) computer,Lack of motivation,3.0,Yes,1.0,4.0,You do not care about,8 hours or more,1.0,10.0,5.0,7.0,6.0,Lack of previous knowledge or experience in the field,You do not care about,2,1.0,11.0,10.0,17.0,High,Moderate,Low,Moderate,Very High,Very High,Low,High,Low,Low,Moderate,Very High,Very High,Very High,Very High,Very High,High,Very High,Very High,Very High,Very High,0,2,2,0,1,2,23,12,0,3,5,7,0,2,6,1,3,8,1,2,2,1,3,0,2,1,2,3,3,1,0,1,1,2,3,2,2,1,2,0,3,2,2,3,5.2832037287379885,1.3862943611198906,0.6931471805599453,1.6094379124341003,0.6931471805599453,2.3978952727983707,1.791759469228055,2.0794415416798357,1.9459101490553132,1.0986122886681098,0.6931471805599453,2.4849066497880004,2.3978952727983707,2.8903717578961645,0.0,1.0986122886681098,1.0986122886681098,0.0,0.6931471805599453,1.0986122886681098,3.1780538303479458,2.5649493574615367,0.0,1.3862943611198906,1.791759469228055,2.0794415416798357,0.0,1.0986122886681098,1.9459101490553132,0.6931471805599453,1.3862943611198906,2.1972245773362196,0.6931471805599453,1.0986122886681098,1.0986122886681098,0.6931471805599453,1.3862943611198906,0.0,1.0986122886681098,0.6931471805599453,1.0986122886681098,1.3862943611198906,1.3862943611198906,0.6931471805599453,0.0,0.6931471805599453,0.6931471805599453,1.0986122886681098,1.3862943611198906,1.0986122886681098,1.0986122886681098,0.6931471805599453,1.0986122886681098,0.0,1.3862943611198906,1.0986122886681098,1.0986122886681098,1.3862943611198906
197,Male,Second year,Technical maths,18-25,In your room (dorms),In peer,Lectures;Learning by practicing,Online tutorials;YouTube videos,No,Private life problems,Pressure,Lack of time,Lack of previous knowledge or experience in the field,Teachers' teaching method,Bad quality of internet,Teaching language,Not having a good (powerful) computer,Lack of motivation,3.0,No,4.0,4.0,Positively,5-7 hours,4.0,8.0,6.0,7.0,7.0,Lack of previous knowledge or experience in the field,You do not care about,2,1.0,11.0,12.0,17.0,Moderate,Moderate,Moderate,Moderate,High,Moderate,Moderate,Moderate,Moderate,High,High,High,Very High,Very High,Very High,Very High,High,Very High,Very High,Very High,Very High,1,2,2,1,3,1,37,34,0,4,4,2,1,6,0,7,3,8,0,1,1,1,3,2,2,2,2,0,2,2,2,2,0,0,0,2,2,1,2,0,3,2,2,3,5.288267030694535,1.3862943611198906,1.6094379124341003,1.6094379124341003,1.6094379124341003,2.1972245773362196,1.9459101490553132,2.0794415416798357,2.0794415416798357,1.0986122886681098,0.6931471805599453,2.4849066497880004,2.5649493574615367,2.8903717578961645,0.6931471805599453,1.0986122886681098,1.0986122886681098,0.6931471805599453,1.3862943611198906,0.6931471805599453,3.6375861597263857,3.5553480614894135,0.0,1.6094379124341003,1.6094379124341003,1.0986122886681098,0.6931471805599453,1.9459101490553132,0.0,2.0794415416798357,1.3862943611198906,2.1972245773362196,0.0,0.6931471805599453,0.6931471805599453,0.6931471805599453,1.3862943611198906,1.0986122886681098,1.0986122886681098,1.0986122886681098,1.0986122886681098,0.0,1.0986122886681098,1.0986122886681098,1.0986122886681098,1.0986122886681098,0.0,0.0,0.0,1.0986122886681098,1.0986122886681098,0.6931471805599453,1.0986122886681098,0.0,1.3862943611198906,1.0986122886681098,1.0986122886681098,1.3862943611198906
198,Female,Second year,Mathematics,10-17,At home,Alone,Learning by practicing,Books;Online tutorials;Online documents;YouTube videos,No,Lack of time,Pressure,Lack of previous knowledge or experience in the field,Teachers' teaching method,Private life problems,Bad quality of internet,Not having a good (powerful) computer,Teaching language,This is pretty much it,2.0,Yes,2.0,3.0,You do not care about,5-7 hours,3.0,9.0,4.0,2.0,5.0,Lack of previous knowledge or experience in the field,You do not care about,2,1.0,11.0,12.0,17.0,Moderate,Moderate,Moderate,Moderate,High,Moderate,Moderate,Moderate,Moderate,High,High,High,Very High,Very High,Very High,Very High,High,Very High,Very High,Very High,Very High,0,2,0,0,0,0,0,13,0,2,4,1,6,5,0,3,7,22,1,2,1,1,3,2,2,2,2,0,2,2,2,2,0,0,0,2,2,1,2,0,3,2,2,3,5.293304824724492,1.0986122886681098,1.0986122886681098,1.3862943611198906,1.3862943611198906,2.302585092994046,1.6094379124341003,1.0986122886681098,1.791759469228055,1.0986122886681098,0.6931471805599453,2.4849066497880004,2.5649493574615367,2.8903717578961645,0.0,1.0986122886681098,0.0,0.0,0.0,0.0,0.0,2.6390573296152584,0.0,1.0986122886681098,1.6094379124341003,0.6931471805599453,1.9459101490553132,1.791759469228055,0.0,1.3862943611198906,2.0794415416798357,3.1354942159291497,0.6931471805599453,1.0986122886681098,0.6931471805599453,0.6931471805599453,1.3862943611198906,1.0986122886681098,1.0986122886681098,1.0986122886681098,1.0986122886681098,0.0,1.0986122886681098,1.0986122886681098,1.0986122886681098,1.0986122886681098,0.0,0.0,0.0,1.0986122886681098,1.0986122886681098,0.6931471805599453,1.0986122886681098,0.0,1.3862943611198906,1.0986122886681098,1.0986122886681098,1.3862943611198906
199,Female,Second year,Science,10-17,In the school's library,Alone,Lectures,Books;Online documents,No,Lack of time,Teachers' teaching method,Lack of previous knowledge or experience in the field,Bad quality of internet,Pressure,Private life problems,Not having a good (powerful) computer,Teaching language,Lack of motivation,3.0,No,3.0,4.0,Negatively,8 hours or more,4.0,4.0,8.0,8.0,7.0,Lack of previous knowledge or experience in the field,You do not care about,2,1.0,12.0,11.0,17.0,Moderate,High,Low,High,High,Moderate,Moderate,High,Moderate,High,Low,High,Very High,Very High,Very High,Very High,High,Very High,Very High,Very High,Very High,0,2,1,0,2,0,23,8,0,2,6,1,0,4,5,3,7,8,0,0,2,1,3,2,0,1,0,0,2,2,0,2,0,1,0,2,2,1,2,0,3,2,2,3,5.298317366548036,1.3862943611198906,1.3862943611198906,1.6094379124341003,1.6094379124341003,1.6094379124341003,2.1972245773362196,2.1972245773362196,2.0794415416798357,1.0986122886681098,0.6931471805599453,2.5649493574615367,2.4849066497880004,2.8903717578961645,0.0,1.0986122886681098,0.6931471805599453,0.0,1.0986122886681098,0.0,3.1780538303479458,2.1972245773362196,0.0,1.0986122886681098,1.9459101490553132,0.6931471805599453,0.0,1.6094379124341003,1.791759469228055,1.3862943611198906,2.0794415416798357,2.1972245773362196,0.0,0.0,1.0986122886681098,0.6931471805599453,1.3862943611198906,1.0986122886681098,0.0,0.6931471805599453,0.0,0.0,1.0986122886681098,1.0986122886681098,0.0,1.0986122886681098,0.0,0.6931471805599453,0.0,1.0986122886681098,1.0986122886681098,0.6931471805599453,1.0986122886681098,0.0,1.3862943611198906,1.0986122886681098,1.0986122886681098,1.3862943611198906
200,Male,Second year,Science,10-17,In your room (dorms),Alone,Lectures;Learning by practicing,Online documents;YouTube videos,Yes,Lack of time,Private life problems,Teachers' teaching method,Lack of previous knowledge or experience in the field,Pressure,Teaching language,Bad quality of internet,Not having a good (powerful) computer,Lack of motivation,4.0,No,3.0,3.0,Positively,5-7 hours,3.0,8.0,8.0,6.0,5.0,Lack of previous knowledge or experience in the field,You do not care about,2,1.0,12.0,12.0,17.0,Moderate,High,Low,High,High,Moderate,Moderate,High,Moderate,High,Low,High,Very High,Very High,Very High,Very High,High,Very High,Very High,Very High,Very High,1,2,1,0,3,0,37,22,1,2,5,6,1,4,7,0,3,8,0,1,1,1,3,2,0,1,0,0,2,2,0,2,0,1,0,2,2,1,2,0,3,2,2,3,5.303304908059076,1.6094379124341003,1.3862943611198906,1.3862943611198906,1.3862943611198906,2.1972245773362196,2.1972245773362196,1.9459101490553132,1.791759469228055,1.0986122886681098,0.6931471805599453,2.5649493574615367,2.5649493574615367,2.8903717578961645,0.6931471805599453,1.0986122886681098,0.6931471805599453,0.0,1.3862943611198906,0.0,3.6375861597263857,3.1354942159291497,0.6931471805599453,1.0986122886681098,1.791759469228055,1.9459101490553132,0.6931471805599453,1.6094379124341003,2.0794415416798357,0.0,1.3862943611198906,2.1972245773362196,0.0,0.6931471805599453,0.6931471805599453,0.6931471805599453,1.3862943611198906,1.0986122886681098,0.0,0.6931471805599453,0.0,0.0,1.0986122886681098,1.0986122886681098,0.0,1.0986122886681098,0.0,0.6931471805599453,0.0,1.0986122886681098,1.0986122886681098,0.6931471805599453,1.0986122886681098,0.0,1.3862943611198906,1.0986122886681098,1.0986122886681098,1.3862943611198906
201,Female,Second year,Science,18-25,In the school's library,Alone,Learning by practicing;Mind mapping and visualization;Interactive workshops;Online courses and tutorials,Online tutorials;YouTube videos;Private courses,Yes,Bad quality of internet,Lack of previous knowledge or experience in the field,Lack of time,Private life problems,Teachers' teaching method,Not having a good (powerful) computer,Teaching language,Pressure,Health,2.0,Yes,4.0,5.0,Positively,5-7 hours,4.0,8.0,7.0,6.0,6.0,Lack of previous knowledge or experience in the field,You do not care about,2,1.0,13.0,11.0,17.0,High,Moderate,High,Moderate,High,High,Moderate,High,Moderate,Low,Moderate,High,Very High,Very High,Very High,Very High,High,Very High,Very High,Very High,Very High,0,2,1,1,2,0,14,35,1,0,1,2,5,6,3,7,4,5,1,1,1,1,3,0,2,0,2,0,0,2,0,2,1,2,0,2,2,1,2,0,3,2,2,3,5.308267697401205,1.0986122886681098,1.6094379124341003,1.791759469228055,1.6094379124341003,2.1972245773362196,2.0794415416798357,1.9459101490553132,1.9459101490553132,1.0986122886681098,0.6931471805599453,2.6390573296152584,2.4849066497880004,2.8903717578961645,0.0,1.0986122886681098,0.6931471805599453,0.6931471805599453,1.0986122886681098,0.0,2.70805020110221,3.58351893845611,0.6931471805599453,0.0,0.6931471805599453,1.0986122886681098,1.791759469228055,1.9459101490553132,1.3862943611198906,2.0794415416798357,1.6094379124341003,1.791759469228055,0.6931471805599453,0.6931471805599453,0.6931471805599453,0.6931471805599453,1.3862943611198906,0.0,1.0986122886681098,0.0,1.0986122886681098,0.0,0.0,1.0986122886681098,0.0,1.0986122886681098,0.6931471805599453,1.0986122886681098,0.0,1.0986122886681098,1.0986122886681098,0.6931471805599453,1.0986122886681098,0.0,1.3862943611198906,1.0986122886681098,1.0986122886681098,1.3862943611198906
202,Male,First year,Mathematics,10-17,In your room (dorms),Alone,Learning by practicing,Books,No,Lack of time,Pressure,Teaching language,Private life problems,Lack of previous knowledge or experience in the field,Bad quality of internet,Not having a good (powerful) computer,Teachers' teaching method,Don't know the right method to study,3.0,No,3.0,3.0,You do not care about,5-7 hours,3.0,5.0,6.0,4.0,9.0,Lack of previous knowledge or experience in the field,You do not care about,1,1.0,15.0,11.0,17.0,High,Moderate,High,Moderate,High,High,Moderate,High,Moderate,Low,Moderate,High,Very High,Very High,Very High,Very High,High,Very High,Very High,Very High,Very High,1,0,0,0,3,0,0,0,0,2,4,7,5,1,0,3,6,1,0,2,1,1,3,0,2,0,2,0,0,2,0,2,1,2,0,2,2,1,2,0,3,2,2,3,5.313205979041787,1.3862943611198906,1.3862943611198906,1.3862943611198906,1.3862943611198906,1.791759469228055,1.9459101490553132,1.6094379124341003,2.302585092994046,0.6931471805599453,0.6931471805599453,2.772588722239781,2.4849066497880004,2.8903717578961645,0.6931471805599453,0.0,0.0,0.0,1.3862943611198906,0.0,0.0,0.0,0.0,1.0986122886681098,1.6094379124341003,2.0794415416798357,1.791759469228055,0.6931471805599453,0.0,1.3862943611198906,1.9459101490553132,0.6931471805599453,0.0,1.0986122886681098,0.6931471805599453,0.6931471805599453,1.3862943611198906,0.0,1.0986122886681098,0.0,1.0986122886681098,0.0,0.0,1.0986122886681098,0.0,1.0986122886681098,0.6931471805599453,1.0986122886681098,0.0,1.0986122886681098,1.0986122886681098,0.6931471805599453,1.0986122886681098,0.0,1.3862943611198906,1.0986122886681098,1.0986122886681098,1.3862943611198906
203,Male,Third year,Science,18-25,In your room (dorms),Alone,Learning by practicing;Mind mapping and visualization;Online courses and tutorials,Books;Online tutorials;Online documents,Yes,Private life problems,Teachers' teaching method,Lack of time,Pressure,Bad quality of internet,Teaching language,Not having a good (powerful) computer,Lack of previous knowledge or experience in the field,"Guergour, thabet, dib, w abdou jirani, nahkiw mashi n9raw ( w mouchaal lol)",3.0,Yes,5.0,4.0,Positively,5-7 hours,3.0,6.0,9.0,9.0,8.0,Bad quality of internet,You do not care about,3,2.0,16.0,13.0,17.0,High,Moderate,High,Moderate,High,High,Moderate,High,Moderate,Low,Moderate,High,Very High,Very High,Very High,Very High,High,Very High,Very High,Very High,Very High,1,3,1,1,3,0,15,12,1,4,6,2,4,0,7,3,1,4,1,1,1,0,3,0,2,0,2,0,0,2,0,2,1,2,0,2,2,1,2,0,3,2,2,3,5.318119993844216,1.3862943611198906,1.791759469228055,1.6094379124341003,1.3862943611198906,1.9459101490553132,2.302585092994046,2.302585092994046,2.1972245773362196,1.3862943611198906,1.0986122886681098,2.833213344056216,2.6390573296152584,2.8903717578961645,0.6931471805599453,1.3862943611198906,0.6931471805599453,0.6931471805599453,1.3862943611198906,0.0,2.772588722239781,2.5649493574615367,0.6931471805599453,1.6094379124341003,1.9459101490553132,1.0986122886681098,1.6094379124341003,0.0,2.0794415416798357,1.3862943611198906,0.6931471805599453,1.6094379124341003,0.6931471805599453,0.6931471805599453,0.6931471805599453,0.0,1.3862943611198906,0.0,1.0986122886681098,0.0,1.0986122886681098,0.0,0.0,1.0986122886681098,0.0,1.0986122886681098,0.6931471805599453,1.0986122886681098,0.0,1.0986122886681098,1.0986122886681098,0.6931471805599453,1.0986122886681098,0.0,1.3862943611198906,1.0986122886681098,1.0986122886681098,1.3862943611198906
204,Male,Second year,Mathematics,18-25,In your room (dorms),Alone,Lectures,Books,No,Teachers' teaching method,Lack of time,Pressure,Lack of previous knowledge or experience in the field,Teaching language,Not having a good (powerful) computer,Bad quality of internet,Private life problems,Lack of motivation,1.0,No,2.0,3.0,You do not care about,8 hours or more,2.0,4.0,9.0,9.0,6.0,Lack of previous knowledge or experience in the field,You do not care about,2,1.0,16.0,15.0,17.0,High,Very High,High,Very High,High,High,Very High,High,Moderate,High,High,Moderate,Very High,Very High,Very High,Very High,High,Very High,Very High,Very High,Very High,1,2,0,1,3,0,23,0,0,5,2,4,1,7,3,0,5,8,0,2,2,1,3,0,3,0,3,0,0,3,0,2,0,0,2,2,2,1,2,0,3,2,2,3,5.3230099791384085,0.6931471805599453,1.0986122886681098,1.3862943611198906,1.0986122886681098,1.6094379124341003,2.302585092994046,2.302585092994046,1.9459101490553132,1.0986122886681098,0.6931471805599453,2.833213344056216,2.772588722239781,2.8903717578961645,0.6931471805599453,1.0986122886681098,0.0,0.6931471805599453,1.3862943611198906,0.0,3.1780538303479458,0.0,0.0,1.791759469228055,1.0986122886681098,1.6094379124341003,0.6931471805599453,2.0794415416798357,1.3862943611198906,0.0,1.791759469228055,2.1972245773362196,0.0,1.0986122886681098,1.0986122886681098,0.6931471805599453,1.3862943611198906,0.0,1.3862943611198906,0.0,1.3862943611198906,0.0,0.0,1.3862943611198906,0.0,1.0986122886681098,0.0,0.0,1.0986122886681098,1.0986122886681098,1.0986122886681098,0.6931471805599453,1.0986122886681098,0.0,1.3862943611198906,1.0986122886681098,1.0986122886681098,1.3862943611198906
205,Female,Third year,Science,18-25,In your room (dorms),Alone,Lectures;Online courses and tutorials,YouTube videos,No,Lack of time,Lack of previous knowledge or experience in the field,Teachers' teaching method,Bad quality of internet,Private life problems,Teaching language,Private life problems,Not having a good (powerful) computer,"Guergour, thabet, dib, w abdou jirani, nahkiw mashi n9raw ( w mouchaal lol)",2.0,Yes,4.0,4.0,Positively,5-7 hours,2.0,6.0,5.0,4.0,7.0,Bad quality of internet,You do not care about,3,2.0,16.0,15.0,17.0,Moderate,Moderate,Moderate,Moderate,High,High,High,Low,Moderate,High,High,High,Very High,Very High,Very High,Very High,High,Very High,Very High,Very High,Very High,0,3,1,1,3,0,47,36,0,2,1,6,0,5,7,5,3,4,1,1,1,0,3,2,2,2,2,0,0,0,1,2,0,0,0,2,2,1,2,0,3,2,2,3,5.327876168789581,1.0986122886681098,1.6094379124341003,1.6094379124341003,1.0986122886681098,1.9459101490553132,1.791759469228055,1.6094379124341003,2.0794415416798357,1.3862943611198906,1.0986122886681098,2.833213344056216,2.772588722239781,2.8903717578961645,0.0,1.3862943611198906,0.6931471805599453,0.6931471805599453,1.3862943611198906,0.0,3.871201010907891,3.6109179126442243,0.0,1.0986122886681098,0.6931471805599453,1.9459101490553132,0.0,1.791759469228055,2.0794415416798357,1.791759469228055,1.3862943611198906,1.6094379124341003,0.6931471805599453,0.6931471805599453,0.6931471805599453,0.0,1.3862943611198906,1.0986122886681098,1.0986122886681098,1.0986122886681098,1.0986122886681098,0.0,0.0,0.0,0.6931471805599453,1.0986122886681098,0.0,0.0,0.0,1.0986122886681098,1.0986122886681098,0.6931471805599453,1.0986122886681098,0.0,1.3862943611198906,1.0986122886681098,1.0986122886681098,1.3862943611198906
206,Male,Second year,Science,18-25,In your room (dorms),With a group,Lectures;Learning by practicing;Mind mapping and visualization,Books;Online tutorials;YouTube videos,No,Pressure,Lack of time,Lack of previous knowledge or experience in the field,Bad quality of internet,Teaching language,Not having a good (powerful) computer,Private life problems,Teachers' teaching method,Lack of motivation,3.0,Yes,3.0,2.0,Positively,5-7 hours,3.0,6.0,4.0,4.0,6.0,Lack of previous knowledge or experience in the field,You do not care about,2,1.0,16.0,15.0,17.0,Moderate,Moderate,Moderate,Low,Moderate,High,Moderate,High,Moderate,Moderate,Moderate,High,Very High,Very High,Very High,Very High,High,Very High,Very High,Very High,Very High,1,2,1,1,3,2,38,14,0,3,2,1,0,7,3,5,6,8,1,1,1,1,3,2,2,2,1,2,0,2,0,2,2,2,0,2,2,1,2,0,3,2,2,3,5.332718793265369,1.3862943611198906,1.3862943611198906,1.0986122886681098,1.3862943611198906,1.9459101490553132,1.6094379124341003,1.6094379124341003,1.9459101490553132,1.0986122886681098,0.6931471805599453,2.833213344056216,2.772588722239781,2.8903717578961645,0.6931471805599453,1.0986122886681098,0.6931471805599453,0.6931471805599453,1.3862943611198906,1.0986122886681098,3.6635616461296463,2.70805020110221,0.0,1.3862943611198906,1.0986122886681098,0.6931471805599453,0.0,2.0794415416798357,1.3862943611198906,1.791759469228055,1.9459101490553132,2.1972245773362196,0.6931471805599453,0.6931471805599453,0.6931471805599453,0.6931471805599453,1.3862943611198906,1.0986122886681098,1.0986122886681098,1.0986122886681098,0.6931471805599453,1.0986122886681098,0.0,1.0986122886681098,0.0,1.0986122886681098,1.0986122886681098,1.0986122886681098,0.0,1.0986122886681098,1.0986122886681098,0.6931471805599453,1.0986122886681098,0.0,1.3862943611198906,1.0986122886681098,1.0986122886681098,1.3862943611198906
207,Female,Second year,Mathematics,10-17,In your room (dorms),Alone,Learning by practicing;Mind mapping and visualization,Online tutorials;Online documents;YouTube videos,No,Private life problems,Pressure,Lack of previous knowledge or experience in the field,Teachers' teaching method,Lack of time,Bad quality of internet,Not having a good (powerful) computer,Teaching language,Lack of motivation,3.0,No,1.0,4.0,Negatively,5-7 hours,1.0,8.0,5.0,6.0,7.0,Lack of previous knowledge or experience in the field,You do not care about,2,1.0,16.0,15.0,17.0,Moderate,Moderate,Low,High,Very High,High,Moderate,High,Moderate,High,High,High,Very High,Very High,Very High,Very High,High,Very High,Very High,Very High,Very High,0,2,0,0,3,0,13,31,0,4,4,1,6,2,0,3,7,8,0,0,1,1,3,2,2,1,0,3,0,2,0,2,0,0,0,2,2,1,2,0,3,2,2,3,5.337538079701318,1.3862943611198906,0.6931471805599453,1.6094379124341003,0.6931471805599453,2.1972245773362196,1.791759469228055,1.9459101490553132,2.0794415416798357,1.0986122886681098,0.6931471805599453,2.833213344056216,2.772588722239781,2.8903717578961645,0.0,1.0986122886681098,0.0,0.0,1.3862943611198906,0.0,2.6390573296152584,3.4657359027997265,0.0,1.6094379124341003,1.6094379124341003,0.6931471805599453,1.9459101490553132,1.0986122886681098,0.0,1.3862943611198906,2.0794415416798357,2.1972245773362196,0.0,0.0,0.6931471805599453,0.6931471805599453,1.3862943611198906,1.0986122886681098,1.0986122886681098,0.6931471805599453,0.0,1.3862943611198906,0.0,1.0986122886681098,0.0,1.0986122886681098,0.0,0.0,0.0,1.0986122886681098,1.0986122886681098,0.6931471805599453,1.0986122886681098,0.0,1.3862943611198906,1.0986122886681098,1.0986122886681098,1.3862943611198906
208,Female,Second year,Mathematics,18-25,In your room (dorms),Alone,Learning by practicing;Mind mapping and visualization;Online courses and tutorials,Online tutorials;YouTube videos,Yes,Pressure,Lack of time,Lack of previous knowledge or experience in the field,Private life problems,Teachers' teaching method,Bad quality of internet,Not having a good (powerful) computer,Teaching language,Lack of motivation,2.0,No,3.0,4.0,Negatively,5-7 hours,2.0,7.0,3.0,7.0,7.0,Lack of previous knowledge or experience in the field,You do not care about,2,1.0,16.0,15.0,17.0,Moderate,Very Low,Very Low,Moderate,High,Moderate,Very Low,High,High,Low,Moderate,High,Very High,Very High,Very High,Very High,High,Very High,Very High,Very High,Very High,0,2,0,1,3,0,15,34,1,3,2,1,5,6,0,3,7,8,0,0,1,1,3,2,4,4,2,0,2,4,0,0,1,2,0,2,2,1,2,0,3,2,2,3,5.342334251964811,1.0986122886681098,1.3862943611198906,1.6094379124341003,1.0986122886681098,2.0794415416798357,1.3862943611198906,2.0794415416798357,2.0794415416798357,1.0986122886681098,0.6931471805599453,2.833213344056216,2.772588722239781,2.8903717578961645,0.0,1.0986122886681098,0.0,0.6931471805599453,1.3862943611198906,0.0,2.772588722239781,3.5553480614894135,0.6931471805599453,1.3862943611198906,1.0986122886681098,0.6931471805599453,1.791759469228055,1.9459101490553132,0.0,1.3862943611198906,2.0794415416798357,2.1972245773362196,0.0,0.0,0.6931471805599453,0.6931471805599453,1.3862943611198906,1.0986122886681098,1.6094379124341003,1.6094379124341003,1.0986122886681098,0.0,1.0986122886681098,1.6094379124341003,0.0,0.0,0.6931471805599453,1.0986122886681098,0.0,1.0986122886681098,1.0986122886681098,0.6931471805599453,1.0986122886681098,0.0,1.3862943611198906,1.0986122886681098,1.0986122886681098,1.3862943611198906
209,Female,Third year,Mathematics,10-17,In your room (dorms),Alone,Learning by practicing;Mind mapping and visualization,Online documents;YouTube videos;Course material,No,Bad quality of internet,Lack of time,Teachers' teaching method,Lack of previous knowledge or experience in the field,Pressure,Private life problems,Teaching language,Not having a good (powerful) computer,"Guergour, thabet, dib, w abdou jirani, nahkiw mashi n9raw ( w mouchaal lol)",3.0,Yes,3.0,3.0,You do not care about,5-7 hours,4.0,10.0,7.0,8.0,7.0,Bad quality of internet,You do not care about,3,2.0,16.0,15.0,17.0,High,Moderate,Very Low,Moderate,Very High,Moderate,Moderate,High,Moderate,High,Low,Very High,Very High,Very High,Very High,Very High,High,Very High,Very High,Very High,Very High,0,3,0,0,3,0,13,24,0,0,2,6,1,4,5,7,3,4,1,2,1,0,3,0,2,4,2,3,2,2,0,2,0,1,3,2,2,1,2,0,3,2,2,3,5.3471075307174685,1.3862943611198906,1.3862943611198906,1.3862943611198906,1.6094379124341003,2.3978952727983707,2.0794415416798357,2.1972245773362196,2.0794415416798357,1.3862943611198906,1.0986122886681098,2.833213344056216,2.772588722239781,2.8903717578961645,0.0,1.3862943611198906,0.0,0.0,1.3862943611198906,0.0,2.6390573296152584,3.2188758248682006,0.0,0.0,1.0986122886681098,1.9459101490553132,0.6931471805599453,1.6094379124341003,1.791759469228055,2.0794415416798357,1.3862943611198906,1.6094379124341003,0.6931471805599453,1.0986122886681098,0.6931471805599453,0.0,1.3862943611198906,0.0,1.0986122886681098,1.6094379124341003,1.0986122886681098,1.3862943611198906,1.0986122886681098,1.0986122886681098,0.0,1.0986122886681098,0.0,0.6931471805599453,1.3862943611198906,1.0986122886681098,1.0986122886681098,0.6931471805599453,1.0986122886681098,0.0,1.3862943611198906,1.0986122886681098,1.0986122886681098,1.3862943611198906
210,Female,Fourth year,Mathematics,More than 41,In your room (dorms),Alone,Learning by practicing;Project-based learning;Online courses and tutorials,Books;Online tutorials;Online documents,No,Teachers' teaching method,Not having a good (powerful) computer,Lack of time,Bad quality of internet,Pressure,Lack of previous knowledge or experience in the field,Teaching language,Private life problems,"The not organized study schedule put by the school , some modules requires TD and they do not have ...",2.0,No,2.0,3.0,You do not care about,5-7 hours,3.0,7.0,7.0,7.0,6.0,Unknown,Unknown,4,3.0,16.0,15.0,17.0,Moderate,Moderate,Very Low,Moderate,Very High,Moderate,Moderate,High,Moderate,Moderate,Low,Very High,Very High,Very High,Very High,Very High,High,Very High,Very High,Very High,Very High,0,1,0,4,3,0,22,12,0,5,3,2,0,4,1,7,5,21,0,2,1,8,2,2,2,4,2,3,2,2,0,2,2,1,3,2,2,1,2,0,3,2,2,3,5.351858133476067,1.0986122886681098,1.0986122886681098,1.3862943611198906,1.3862943611198906,2.0794415416798357,2.0794415416798357,2.0794415416798357,1.9459101490553132,1.6094379124341003,1.3862943611198906,2.833213344056216,2.772588722239781,2.8903717578961645,0.0,0.6931471805599453,0.0,1.6094379124341003,1.3862943611198906,0.0,3.1354942159291497,2.5649493574615367,0.0,1.791759469228055,1.3862943611198906,1.0986122886681098,0.0,1.6094379124341003,0.6931471805599453,2.0794415416798357,1.791759469228055,3.091042453358316,0.0,1.0986122886681098,0.6931471805599453,2.1972245773362196,1.0986122886681098,1.0986122886681098,1.0986122886681098,1.6094379124341003,1.0986122886681098,1.3862943611198906,1.0986122886681098,1.0986122886681098,0.0,1.0986122886681098,1.0986122886681098,0.6931471805599453,1.3862943611198906,1.0986122886681098,1.0986122886681098,0.6931471805599453,1.0986122886681098,0.0,1.3862943611198906,1.0986122886681098,1.0986122886681098,1.3862943611198906
