record_id,gender,study_year,bac_specialty,how many hours per week do you spend studying personnal efforts,study_place,study_style,learning_methods,what types of resources do you use most,use_schedule,5 fifth,6 sixth,7 seventh,8 eighth,rate your satisfaction with the school s program,your level of motivation for joining ensia,how much do you like the field of artificial intelligence,sleep_hours,how well do you handle stress and pressure,in a scale of 1 to 10 how do you rate your level in the following fields 1 english,2 programming,3 computer science,4 mathematics,4 forth,how do others feedbacks influence you,year_ordinal,inferred_year_from_grades,1y average s1,1y average s2,1y average,1y foundational mathematics,1y dsa1,1y digital systems,1y information technology essentials,1y english 1,1y cpsct,1y oop,1y introduction to linux,1y linear algebra,1y mathematical analysis 1,1y introduction to statistics,1y english 2,1y intensive english,1y seminar,1y analysis i,1y algebra,1y a com i,1y intro prog c,1y analysis ii,1y a com ii,1y proba stat,for the next 8 questions you will have a list of problems obstacles classify them according to how much they influence your studies 1 first_encoded,2 second_encoded,3 third_encoded,4 fourth_encoded,other problems that you face_encoded,do you engage in any external activities not related to the study field_encoded,how do other s feedback influence you_encoded
1,Male,Second year,Technical maths,10-17,At home,Alone,Learning by practicing;Project-based learning;Online courses and tutorials,Books;YouTube videos,No,Bad quality of internet,Not having a good (powerful) computer,Private life problems,Teaching language,3.0,4.0,5.0,8 hours or more,2.0,7.0,8.0,6.0,4.0,Lack of previous knowledge or experience in the field,You do not care about,2,1.0,11.0,8.0,9.0,Moderate,Moderate,Low,Moderate,Moderate,Moderate,Moderate,Low,Moderate,Moderate,Low,Moderate,High,High,High,Moderate,High,Low,High,High,Low,1,4,2,6,8,1,2
2,Female,Second year,Mathematics,18-25,In the school's library,Alone,Online courses and tutorials,YouTube videos,Yes,Lack of previous knowledge or experience in the field,Private life problems,Bad quality of internet,Not having a good (powerful) computer,1.0,2.0,2.0,5-7 hours,1.0,5.0,5.0,3.0,9.0,Lack of previous knowledge or experience in the field,You do not care about,2,1.0,10.0,10.0,10.0,High,High,Low,Low,Moderate,High,High,Low,Very High,Very High,High,Moderate,High,High,High,Moderate,High,Low,High,High,Low,5,4,2,7,8,1,2
3,Female,Second year,Technical maths,10-17,In your room (dorms),Alone,Learning by practicing;Mind mapping and visualization;Interactive workshops;Online courses and tutorials,Online tutorials;Online documents;YouTube videos,Yes,Bad quality of internet,Teaching language,Private life problems,Bad quality of internet,3.0,3.0,4.0,5-7 hours,4.0,6.0,4.0,5.0,7.0,Lack of previous knowledge or experience in the field,You do not care about,2,1.0,10.0,11.0,10.0,High,High,Low,Low,Moderate,High,High,Low,Very High,Very High,High,Moderate,High,High,High,Moderate,High,Low,High,High,Low,1,4,2,6,8,1,0
4,Male,Second year,Mathematics,10-17,In the school's library,With a group,Online courses and tutorials,Online tutorials;YouTube videos,No,Private life problems,Bad quality of internet,Private life problems,Not having a good (powerful) computer,3.0,5.0,5.0,8 hours or more,3.0,8.0,8.0,8.0,7.0,Lack of previous knowledge or experience in the field,You do not care about,2,2.0,11.0,9.0,10.0,Moderate,High,Moderate,High,High,Moderate,High,Low,Low,Moderate,High,High,High,High,High,Moderate,High,Low,High,High,Low,5,2,4,1,8,1,1
5,Male,Second year,Science,10-17,In the school's library,Alone,Online courses and tutorials,Online tutorials;YouTube videos,No,Private life problems,Not having a good (powerful) computer,Teaching language,Bad quality of internet,3.0,5.0,4.0,5-7 hours,3.0,7.0,6.0,6.0,2.0,Lack of previous knowledge or experience in the field,You do not care about,2,1.0,11.0,9.0,10.0,Moderate,High,Moderate,High,High,Moderate,Moderate,Moderate,Low,Low,Moderate,High,High,High,High,Moderate,High,Low,High,High,Low,1,2,6,4,8,1,0
6,Female,Third year,Mathematics,10-17,In the school's library,Alone,Learning by practicing;Project-based learning;Online courses and tutorials,Online tutorials;Online documents;YouTube videos,Yes,Private life problems,Bad quality of internet,Not having a good (powerful) computer,Teaching language,3.0,4.0,5.0,8 hours or more,3.0,7.0,7.0,5.0,3.0,Bad quality of internet,You do not care about,3,2.0,11.0,10.0,10.0,Moderate,Moderate,Moderate,High,High,Moderate,High,Moderate,Low,Moderate,Low,High,High,High,High,Moderate,High,Low,High,High,Low,3,2,1,6,4,0,1
7,Female,Second year,Science,18-25,In your room (dorms),Alone,"Lectures, Learning by practicing, Mind mapping and visualization","Books, Online tutorials, YouTube videos",No,Teachers' teaching method,Bad quality of internet,Not having a good (powerful) computer,Private life problems,2.0,4.0,5.0,5-7 hours,5.0,6.0,3.0,2.0,5.0,Lack of time,Negatively,2,1.0,12.0,8.0,10.0,Moderate,Moderate,Moderate,High,High,High,Moderate,Moderate,Low,Moderate,Low,High,High,High,High,Moderate,High,Low,High,High,Low,6,4,1,1,8,0,2
8,Male,Second year,Technical maths,10-17,In your room (dorms),Alone,Online courses and tutorials,YouTube videos,No,Teaching language,Teachers' teaching method,Lack of time,Lack of previous knowledge or experience in the field,2.0,2.0,2.0,5-7 hours,1.0,6.0,3.0,5.0,2.0,Lack of previous knowledge or experience in the field,You do not care about,2,1.0,12.0,9.0,10.0,Moderate,Moderate,High,High,High,High,Low,Moderate,Low,Very Low,Moderate,Moderate,High,High,High,Moderate,High,Low,High,High,Low,0,4,3,5,8,1,0
9,Female,Second year,Technical maths,10-17,In your room (dorms),Alone,Lectures,YouTube videos,No,Teachers' teaching method,Bad quality of internet,Teaching language,Private life problems,2.0,2.0,2.0,8 hours or more,4.0,8.0,5.0,5.0,6.0,Lack of previous knowledge or experience in the field,You do not care about,2,1.0,12.0,9.0,10.0,Very High,Moderate,Moderate,Moderate,High,High,Moderate,High,Low,Low,Moderate,High,High,High,High,Moderate,High,Low,High,High,Low,3,2,1,3,8,0,0
10,Female,Second year,Science,34-41,In the school's library,Alone,"Learning by practicing, Online courses and tutorials","Online tutorials, Online documents, YouTube videos",Yes,Bad quality of internet,Not having a good (powerful) computer,Teaching language,Private life problems,3.0,4.0,5.0,4 hours or less,3.0,8.0,7.0,8.0,8.0,Pressure,You do not care about,2,1.0,13.0,8.0,10.0,Very High,Moderate,Moderate,Moderate,High,High,Low,High,Moderate,Low,Moderate,High,High,High,High,Moderate,Moderate,Low,Moderate,High,Moderate,2,6,1,1,8,0,2
11,Female,Second year,Mathematics,More than 41 hours,In the school's library,In peer,"Learning by practicing, Mind mapping and visualization, Online courses and tutorials","Online tutorials, Online documents, YouTube videos",No,Bad quality of internet,Not having a good (powerful) computer,Private life problems,Not having a good (powerful) computer,2.0,5.0,4.0,5-7 hours,2.0,7.0,4.0,4.0,6.0,Lack of previous knowledge or experience in the field,You do not care about,2,1.0,13.0,9.0,10.0,Very High,Moderate,Moderate,Moderate,High,High,Moderate,High,Low,Low,Moderate,High,Very High,High,High,Moderate,Moderate,Moderate,Moderate,High,Very Low,5,4,2,1,8,0,2
12,Male,Second year,Mathematics,10-17,In the school's library,In peer,Lectures,Online tutorials;YouTube videos,No,Lack of time,Private life problems,Not having a good (powerful) computer,Private life problems,2.0,3.0,4.0,5-7 hours,5.0,8.0,6.0,6.0,6.0,Lack of previous knowledge or experience in the field,You do not care about,2,2.0,13.0,9.0,10.0,Moderate,Low,Low,High,High,Moderate,Moderate,High,Moderate,High,Moderate,High,Very High,High,High,Moderate,Moderate,Moderate,Moderate,High,Very Low,6,4,1,6,0,1,2
13,Female,Second year,Science,10-17,In your room (dorms),In peer,Lectures;Learning by practicing;Online courses and tutorials,Books;Online documents,No,Bad quality of internet,Lack of previous knowledge or experience in the field,Teachers' teaching method,Not having a good (powerful) computer,3.0,4.0,4.0,5-7 hours,3.0,8.0,5.0,6.0,6.0,Lack of previous knowledge or experience in the field,You do not care about,2,1.0,10.0,12.0,11.0,Moderate,High,Moderate,Moderate,High,Moderate,High,High,Very Low,Low,Low,High,Very High,High,High,Moderate,Moderate,Moderate,Moderate,High,Very Low,3,2,6,5,8,0,0
14,Male,Second year,Mathematics,More than 41 hours,In the dorms' library,Alone,"Learning by practicing, Online courses and tutorials","Online tutorials, YouTube videos",No,Lack of time,Not having a good (powerful) computer,Bad quality of internet,Private life problems,1.0,5.0,1.0,5-7 hours,1.0,4.0,8.0,7.0,9.0,Lack of previous knowledge or experience in the field,Negatively,2,1.0,11.0,10.0,11.0,Moderate,High,Moderate,Moderate,High,High,High,High,Moderate,Low,Low,High,High,Moderate,High,High,Moderate,Moderate,High,Moderate,Low,5,7,4,1,8,1,2
15,Male,Third year,Mathematics,10-17,In your room (dorms),Alone,Lectures;Learning by practicing;Project-based learning;Online courses and tutorials,Online documents,Yes,Lack of time,Lack of time,Lack of time,Lack of time,2.0,2.0,5.0,8 hours or more,5.0,10.0,8.0,8.0,3.0,Bad quality of internet,You do not care about,3,1.0,11.0,12.0,11.0,Moderate,High,Moderate,Moderate,High,High,High,High,Moderate,Low,Low,High,High,Moderate,High,High,Moderate,Moderate,High,Moderate,Low,2,6,4,2,4,1,2
16,Female,Second year,Science,26-33,In your room (dorms),Alone,Lectures;Learning by practicing;Mind mapping and visualization;Online courses and tutorials,Books;Online tutorials;Online documents;YouTube videos,Yes,Pressure,Lack of previous knowledge or experience in the field,Teaching language,Not having a good (powerful) computer,3.0,4.0,5.0,8 hours or more,3.0,8.0,8.0,8.0,6.0,Lack of previous knowledge or experience in the field,You do not care about,2,1.0,12.0,10.0,11.0,Moderate,High,Low,High,High,High,Moderate,High,Low,Low,Low,High,High,Moderate,High,High,Moderate,Moderate,High,Moderate,Low,0,2,6,5,8,1,1
17,Male,Second year,Science,10-17,In your room (dorms),With a group,Learning by practicing,YouTube videos,No,Lack of time,Bad quality of internet,Teaching language,Not having a good (powerful) computer,3.0,1.0,4.0,8 hours or more,5.0,8.0,3.0,3.0,7.0,Lack of previous knowledge or experience in the field,You do not care about,2,1.0,12.0,10.0,11.0,High,Moderate,Low,Moderate,High,Moderate,Moderate,Moderate,Low,Low,High,Moderate,High,Moderate,High,High,Moderate,Moderate,High,Moderate,Low,4,6,1,4,8,1,2
18,Male,Third year,Mathematics,10-17,In the school's library,Alone,Learning by practicing,Books;YouTube videos,No,Pressure,Teaching language,Bad quality of internet,Not having a good (powerful) computer,3.0,5.0,4.0,8 hours or more,3.0,6.0,8.0,8.0,7.0,Bad quality of internet,You do not care about,3,2.0,12.0,10.0,11.0,High,Moderate,Moderate,Moderate,Low,Moderate,High,Moderate,Moderate,High,Moderate,Low,High,Moderate,High,High,Moderate,Moderate,High,Moderate,Low,4,2,6,1,13,1,2
19,Female,Second year,Mathematics,18-25,In your room (dorms),Alone,"Lectures, Learning by practicing, Project-based learning, Mind mapping and visualization, Interactive workshops","Books, Online documents, YouTube videos",Yes,Bad quality of internet,Teaching language,Not having a good (powerful) computer,Private life problems,2.0,3.0,3.0,5-7 hours,4.0,6.0,5.0,3.0,3.0,Pressure,Negatively,2,1.0,12.0,10.0,11.0,High,Moderate,Moderate,Moderate,Low,Very High,Moderate,Moderate,Moderate,High,Moderate,Low,High,High,High,Moderate,Moderate,Moderate,High,High,Low,2,1,6,1,8,1,2
20,Female,Second year,Mathematics,18-25,At home,Alone,Learning by practicing;Project-based learning;Mind mapping and visualization;Interactive workshops;Online courses and tutorials,Books;Online tutorials;Online documents;YouTube videos,No,Bad quality of internet,Lack of previous knowledge or experience in the field,Private life problems,Lack of previous knowledge or experience in the field,3.0,4.0,4.0,5-7 hours,3.0,8.0,7.0,8.0,6.0,Lack of previous knowledge or experience in the field,You do not care about,2,1.0,12.0,10.0,11.0,Moderate,Moderate,Moderate,High,Very High,Very High,Moderate,Moderate,Moderate,Low,High,High,High,High,High,Moderate,Moderate,Moderate,High,High,Low,2,4,8,6,23,1,2
21,Male,Second year,Mathematics,10-17,At home,Alone,Learning by practicing,YouTube videos,No,Private life problems,Teaching language,Bad quality of internet,Not having a good (powerful) computer,2.0,3.0,5.0,5-7 hours,2.0,7.0,5.0,5.0,3.0,Pressure,You do not care about,2,1.0,12.0,11.0,11.0,Moderate,Moderate,Moderate,High,Very High,High,High,Moderate,Moderate,Low,High,High,High,High,Very High,Moderate,Moderate,Moderate,High,High,Moderate,5,2,1,1,8,1,2
22,Male,Second year,Mathematics,10-17,In your room (dorms),Alone,"Learning by practicing, Project-based learning","Online documents, YouTube videos",No,Lack of previous knowledge or experience in the field,Teaching language,Private life problems,Not having a good (powerful) computer,2.0,2.0,4.0,8 hours or more,1.0,5.0,6.0,5.0,7.0,Bad quality of internet,You do not care about,2,1.0,12.0,11.0,11.0,Moderate,Moderate,Moderate,High,Very High,High,High,Moderate,Moderate,Low,High,High,Moderate,High,High,High,Low,High,High,Moderate,Low,5,2,4,1,8,1,2
23,Female,Second year,Mathematics,34-41,In the school's library,Alone,"Learning by practicing, Mind mapping and visualization, Online courses and tutorials",YouTube videos,Yes,Bad quality of internet,Teaching language,Not having a good (powerful) computer,Private life problems,2.0,5.0,5.0,5-7 hours,4.0,8.0,5.0,6.0,7.0,Lack of previous knowledge or experience in the field,Positively,2,1.0,12.0,11.0,11.0,Moderate,Moderate,Moderate,High,Very High,High,Moderate,Moderate,Moderate,Low,High,High,High,High,High,Moderate,High,Moderate,High,High,Low,2,6,4,1,8,0,2
24,Female,Second year,Mathematics,26-33,In your room (dorms),Alone,Learning by practicing;Mind mapping and visualization,Books;Online tutorials;Online documents;YouTube videos,Yes,Teachers' teaching method,Bad quality of internet,Teaching language,Not having a good (powerful) computer,2.0,5.0,3.0,5-7 hours,2.0,10.0,6.0,4.0,5.0,Lack of previous knowledge or experience in the field,You do not care about,2,1.0,12.0,11.0,11.0,Moderate,Moderate,Moderate,Moderate,Very High,High,Moderate,Moderate,Moderate,Low,Moderate,Very High,High,High,High,Moderate,High,Moderate,High,High,Low,3,2,5,1,24,1,2
25,Female,Second year,Science,18-25,In your room (dorms),Alone,Learning by practicing,YouTube videos,Yes,Teachers' teaching method,Teaching language,Not having a good (powerful) computer,Private life problems,3.0,4.0,4.0,5-7 hours,3.0,7.0,6.0,6.0,8.0,Lack of previous knowledge or experience in the field,You do not care about,2,1.0,12.0,11.0,11.0,Moderate,Moderate,Moderate,Moderate,Very High,High,Moderate,Moderate,Moderate,Low,Moderate,Very High,High,High,High,Moderate,Moderate,Low,High,High,High,3,2,0,1,8,0,2
26,Female,Second year,Science,34-41,In your room (dorms),Alone,Learning by practicing,Online documents,No,Lack of previous knowledge or experience in the field,Bad quality of internet,Teaching language,Not having a good (powerful) computer,2.0,3.0,5.0,5-7 hours,3.0,9.0,6.0,6.0,9.0,Teachers' teaching method,Positively,2,1.0,12.0,11.0,11.0,Moderate,Moderate,Moderate,Moderate,Very High,High,Moderate,Moderate,Moderate,Low,Moderate,Very High,High,High,High,Moderate,Moderate,Moderate,Moderate,Very High,Moderate,4,2,4,1,8,0,2
27,Female,Second year,Mathematics,10-17,In the school's library,In peer,Learning by practicing;Interactive workshops,YouTube videos,No,Bad quality of internet,Teaching language,Private life problems,Not having a good (powerful) computer,3.0,3.0,4.0,8 hours or more,3.0,6.0,5.0,5.0,5.0,Lack of previous knowledge or experience in the field,You do not care about,2,1.0,12.0,11.0,11.0,High,High,Moderate,High,High,Moderate,Moderate,High,Moderate,Moderate,Moderate,High,High,High,High,Moderate,Moderate,Moderate,Moderate,Very High,Moderate,2,4,6,1,8,1,2
28,Female,Second year,Science,18-25,In the school's library,Alone,Mind mapping and visualization;Online courses and tutorials,Online documents;YouTube videos,Yes,Teaching language,Bad quality of internet,Not having a good (powerful) computer,Private life problems,2.0,3.0,5.0,5-7 hours,1.0,7.0,5.0,6.0,7.0,Lack of previous knowledge or experience in the field,You do not care about,2,2.0,12.0,11.0,11.0,High,High,Moderate,High,High,Moderate,Moderate,High,Moderate,Moderate,Moderate,High,High,High,High,Moderate,Moderate,Moderate,Moderate,Very High,Moderate,3,2,1,7,8,1,2
29,Male,Third year,Mathematics,18-25,In your room (dorms),With a group,Lectures;Learning by practicing;Online courses and tutorials,Online tutorials;YouTube videos,No,Teaching language,Teachers' teaching method,Bad quality of internet,Not having a good (powerful) computer,3.0,4.0,3.0,5-7 hours,2.0,6.0,6.0,6.0,7.0,Bad quality of internet,You do not care about,3,2.0,12.0,11.0,11.0,High,High,Moderate,High,High,Moderate,Moderate,High,Moderate,Moderate,Moderate,High,High,High,High,Moderate,Moderate,Moderate,Moderate,Very High,Moderate,2,4,1,5,4,1,2
30,Male,Third year,Science,10-17,In your room (dorms),Alone,Lectures;Learning by practicing,Online documents;YouTube videos,No,Teachers' teaching method,Teaching language,Bad quality of internet,Not having a good (powerful) computer,2.0,4.0,3.0,5-7 hours,3.0,5.0,4.0,4.0,5.0,Bad quality of internet,You do not care about,3,2.0,13.0,9.0,11.0,Moderate,Moderate,Moderate,Moderate,Moderate,High,Moderate,Moderate,Low,Moderate,Moderate,Moderate,High,High,High,Moderate,Moderate,Moderate,Moderate,Very High,Moderate,4,1,4,2,4,0,2
31,Female,Second year,Science,18-25,In the school's library,Alone,"Learning by practicing, Mind mapping and visualization, Online courses and tutorials","Online documents, YouTube videos",Yes,Bad quality of internet,Lack of previous knowledge or experience in the field,Private life problems,Not having a good (powerful) computer,3.0,3.0,5.0,8 hours or more,3.0,7.0,6.0,6.0,6.0,Teaching language,You do not care about,2,1.0,13.0,9.0,11.0,Moderate,Moderate,Moderate,Moderate,Moderate,High,Low,Moderate,Moderate,Moderate,Moderate,Moderate,High,High,High,Moderate,High,Low,Moderate,High,Moderate,3,2,6,1,8,1,2
32,Female,Second year,Mathematics,10-17,At home,Alone,"Lectures, Learning by practicing, Project-based learning","Books, YouTube videos",Yes,Not having a good (powerful) computer,Bad quality of internet,Lack of time,Lack of time,3.0,3.0,5.0,8 hours or more,3.0,7.0,6.0,6.0,5.0,Private life problems,Positively,2,1.0,13.0,10.0,11.0,Moderate,Moderate,Moderate,Moderate,Moderate,High,High,Moderate,Low,Moderate,Moderate,Moderate,High,High,High,Moderate,Moderate,Moderate,High,High,Low,2,4,1,1,8,0,2
33,Female,Second year,Science,18-25,In your room (dorms),Alone,"Lectures, Learning by practicing, Project-based learning, Mind mapping and visualization","Online tutorials, Online documents, YouTube videos, couses and slides sent by our teachers",Yes,Lack of previous knowledge or experience in the field,Teaching language,Not having a good (powerful) computer,Private life problems,3.0,4.0,3.0,5-7 hours,2.0,8.0,7.0,8.0,6.0,Teachers' teaching method,Positively,2,1.0,13.0,10.0,11.0,Moderate,Moderate,Moderate,Moderate,Moderate,High,High,Moderate,Low,Moderate,Moderate,Moderate,High,High,High,Moderate,High,Moderate,Moderate,High,Moderate,0,2,4,1,8,1,2
34,Female,Second year,Mathematics,10-17,At home,Alone,"Learning by practicing, Mind mapping and visualization, Online courses and tutorials","Online tutorials, Online documents, YouTube videos, asking friends",Yes,Lack of previous knowledge or experience in the field,Teachers' teaching method,Not having a good (powerful) computer,Teaching language,2.0,5.0,4.0,5-7 hours,1.0,7.0,5.0,3.0,4.0,Bad quality of internet,Negatively,2,1.0,13.0,10.0,11.0,Moderate,Moderate,Moderate,Moderate,Moderate,High,Moderate,Moderate,Low,Moderate,Moderate,Moderate,Very High,High,High,Moderate,High,Moderate,Moderate,Very High,Moderate,4,4,2,1,8,1,2
35,Female,Second year,Science,More than 41 hours,In your room (dorms),Alone,"Learning by practicing, Mind mapping and visualization, Online courses and tutorials","Online tutorials, Online documents, YouTube videos",No,Lack of previous knowledge or experience in the field,Private life problems,Not having a good (powerful) computer,Teaching language,1.0,1.0,5.0,4 hours or less,1.0,10.0,6.0,7.0,8.0,Bad quality of internet,Positively,2,1.0,13.0,10.0,11.0,Moderate,Moderate,Moderate,Moderate,Moderate,High,Moderate,Moderate,Low,Moderate,Moderate,Moderate,High,High,High,Moderate,High,Moderate,High,High,Moderate,5,2,4,1,8,0,2
36,Female,Second year,Science,More than 41 hours,In the school's library,Alone,"Lectures, Learning by practicing, Mind mapping and visualization","Books, Online documents, YouTube videos",Yes,Bad quality of internet,Private life problems,Teaching language,Not having a good (powerful) computer,2.0,4.0,4.0,5-7 hours,3.0,7.0,5.0,4.0,4.0,Teachers' teaching method,Positively,2,1.0,13.0,10.0,11.0,Moderate,Moderate,Moderate,Moderate,Moderate,High,Moderate,Moderate,Moderate,Moderate,Moderate,Moderate,High,High,High,Moderate,High,Moderate,Moderate,Very High,Low,1,4,2,1,8,0,2
37,Female,Second year,Mathematics,26-33,In the school's library,Alone,"Learning by practicing, Mind mapping and visualization","Books, Online tutorials, Online documents, YouTube videos",No,Private life problems,Lack of previous knowledge or experience in the field,Teaching language,Not having a good (powerful) computer,2.0,4.0,2.0,5-7 hours,4.0,8.0,5.0,5.0,8.0,Bad quality of internet,You do not care about,2,1.0,13.0,10.0,11.0,Moderate,Moderate,Moderate,Moderate,Moderate,High,Moderate,Moderate,Moderate,Moderate,Moderate,Moderate,High,High,High,High,Moderate,Moderate,High,High,Moderate,3,6,2,1,8,1,2
38,Female,Second year,Science,18-25,In your room (dorms),Alone,"Learning by practicing, Project-based learning, Mind mapping and visualization, Interactive workshops, Online courses and tutorials","Online tutorials, Online documents, YouTube videos",Yes,Pressure,Bad quality of internet,Teaching language,Private life problems,3.0,5.0,5.0,5-7 hours,5.0,9.0,6.0,6.0,8.0,Lack of time,You do not care about,2,1.0,13.0,10.0,11.0,Moderate,Moderate,Moderate,Moderate,Moderate,High,Moderate,Moderate,Moderate,Moderate,Moderate,Moderate,Very High,High,High,Moderate,High,Moderate,Moderate,Very High,Moderate,5,2,1,1,8,0,2
39,Female,Second year,Science,10-17,At home,Alone,"Learning by practicing, Mind mapping and visualization","Books, YouTube videos",No,Private life problems,Bad quality of internet,Teaching language,Not having a good (powerful) computer,2.0,3.0,5.0,8 hours or more,2.0,8.0,6.0,6.0,5.0,Lack of previous knowledge or experience in the field,You do not care about,2,1.0,13.0,10.0,11.0,Moderate,Moderate,Moderate,Moderate,Moderate,High,Moderate,Moderate,Moderate,Moderate,Moderate,Moderate,Very High,High,High,Moderate,High,Moderate,Moderate,High,Moderate,3,2,6,1,8,0,2
40,Female,Second year,Science,26-33,At home,Alone,"Learning by practicing, Online courses and tutorials","Books, Online tutorials, Online documents, YouTube videos",Yes,Private life problems,Bad quality of internet,Teaching language,Not having a good (powerful) computer,2.0,2.0,3.0,5-7 hours,3.0,6.0,6.0,6.0,4.0,Lack of previous knowledge or experience in the field,You do not care about,2,1.0,12.0,11.0,12.0,Moderate,Moderate,Moderate,Moderate,Moderate,High,High,Moderate,Low,Moderate,Moderate,Moderate,High,High,High,Moderate,High,High,High,Very High,Moderate,2,6,4,1,8,0,2
41,Male,Second year,Mathematics,18-25,In the school's library,Alone,Learning by practicing;Project-based learning;Mind mapping and visualization;Interactive workshops;Online courses and tutorials,Online tutorials;YouTube videos,No,Bad quality of internet,Not having a good (powerful) computer,Teaching language,Private life problems,2.0,3.0,3.0,5-7 hours,3.0,8.0,6.0,4.0,4.0,Lack of previous knowledge or experience in the field,You do not care about,2,1.0,12.0,11.0,12.0,Moderate,Moderate,Moderate,Moderate,Very High,High,High,High,Moderate,Low,Moderate,Very High,High,High,High,Moderate,High,High,High,Very High,Moderate,2,1,4,6,8,1,0
42,Female,Second year,Mathematics,10-17,In your room (dorms),Alone,"Lectures, Learning by practicing","Online tutorials, Online documents",Yes,Teachers' teaching method,Private life problems,Not having a good (powerful) computer,Teaching language,2.0,2.0,5.0,5-7 hours,1.0,7.0,5.0,6.0,8.0,Lack of previous knowledge or experience in the field,Positively,2,1.0,12.0,11.0,12.0,Moderate,Moderate,Moderate,Moderate,Very High,Moderate,High,High,Moderate,Low,Moderate,Very High,High,High,High,Moderate,High,Moderate,High,High,Moderate,2,0,4,1,8,0,2
43,Female,Second year,Mathematics,10-17,In the school's library,In peer,Learning by practicing;Online courses and tutorials,Online documents;YouTube videos,No,Bad quality of internet,Private life problems,Not having a good (powerful) computer,Teaching language,3.0,5.0,5.0,5-7 hours,4.0,6.0,6.0,7.0,7.0,Lack of previous knowledge or experience in the field,You do not care about,2,1.0,12.0,12.0,12.0,High,High,Moderate,Moderate,High,High,Moderate,High,Moderate,Moderate,Moderate,Moderate,High,High,High,Moderate,High,Moderate,High,High,Moderate,1,4,6,2,8,0,1
44,Male,Second year,Technical maths,26-33,In your room (dorms),Alone,Learning by practicing;Online courses and tutorials,Books;YouTube videos,No,Bad quality of internet,Lack of previous knowledge or experience in the field,Teaching language,Not having a good (powerful) computer,2.0,5.0,5.0,5-7 hours,2.0,7.0,7.0,8.0,5.0,Lack of previous knowledge or experience in the field,You do not care about,2,1.0,12.0,12.0,12.0,Moderate,Moderate,High,High,High,Moderate,High,High,Moderate,Moderate,Moderate,High,High,High,High,Moderate,High,Moderate,High,High,Moderate,5,2,8,5,8,0,1
45,Female,Fourth year,Technical maths,10-17,In your room (dorms),Alone,Lectures;Learning by practicing;Mind mapping and visualization;Online courses and tutorials,Books;Online tutorials;Online documents;YouTube videos,Yes,Lack of time,Private life problems,Teaching language,Bad quality of internet,2.0,2.0,3.0,5-7 hours,1.0,7.0,2.0,5.0,2.0,Unknown,Unknown,4,3.0,12.0,12.0,12.0,Moderate,Moderate,Low,Moderate,High,Moderate,Low,Low,Moderate,Moderate,Moderate,High,High,High,High,Moderate,High,Moderate,High,High,Moderate,3,1,6,3,29,1,2
46,Female,Second year,Science,18-25,In your room (dorms),Alone,Lectures;Learning by practicing;Mind mapping and visualization;Online courses and tutorials,Online tutorials;YouTube videos,No,Teachers' teaching method,Teaching language,Bad quality of internet,Not having a good (powerful) computer,2.0,1.0,1.0,8 hours or more,1.0,9.0,5.0,6.0,7.0,Lack of previous knowledge or experience in the field,You do not care about,2,1.0,12.0,12.0,12.0,Moderate,Low,High,Very High,Moderate,Very Low,High,Very High,Very High,High,High,Moderate,High,High,High,Moderate,High,Moderate,High,High,Moderate,3,1,2,5,18,1,2
47,Female,Second year,Science,18-25,In the school's library,Alone,Lectures;Learning by practicing;Mind mapping and visualization;Online courses and tutorials,Online tutorials;Online documents,Yes,Teachers' teaching method,Bad quality of internet,Teaching language,Not having a good (powerful) computer,3.0,4.0,5.0,5-7 hours,1.0,7.0,6.0,6.0,6.0,Lack of previous knowledge or experience in the field,You do not care about,2,1.0,12.0,13.0,12.0,Moderate,Moderate,Moderate,Moderate,High,High,High,High,Moderate,Moderate,Moderate,High,High,High,High,Moderate,High,Moderate,High,High,Moderate,4,4,1,2,7,0,2
48,Male,Third year,Mathematics,10-17,In the school's library,Alone,Lectures;Learning by practicing;Mind mapping and visualization;Online courses and tutorials,Online tutorials;Online documents;YouTube videos;Chat GPT,No,Teachers' teaching method,Private life problems,Bad quality of internet,Not having a good (powerful) computer,2.0,3.0,3.0,5-7 hours,3.0,6.0,7.0,7.0,8.0,Bad quality of internet,You do not care about,3,2.0,12.0,13.0,12.0,Moderate,High,Moderate,Moderate,Moderate,Moderate,Moderate,High,Moderate,Moderate,Moderate,High,High,High,High,Moderate,High,Moderate,High,High,Moderate,3,7,2,1,4,1,2
49,Female,Second year,Mathematics,18-25,In your room (dorms),Alone,"Lectures, Project-based learning, Interactive workshops, Online courses and tutorials","Books, YouTube videos",No,Teachers' teaching method,Not having a good (powerful) computer,Pressure,Private life problems,3.0,5.0,5.0,4 hours or less,2.0,3.0,5.0,5.0,5.0,Lack of time,Positively,2,1.0,13.0,11.0,12.0,Moderate,High,Moderate,Moderate,Moderate,High,High,High,Low,Moderate,Moderate,High,High,High,High,Moderate,High,Moderate,High,High,Moderate,6,1,0,1,8,1,2
50,Female,Second year,Science,18-25,In your room (dorms),Alone,"Lectures, Online courses and tutorials","Books, Online tutorials, Online documents, YouTube videos",Yes,Bad quality of internet,Private life problems,Teaching language,Not having a good (powerful) computer,2.0,3.0,3.0,5-7 hours,2.0,9.0,6.0,7.0,7.0,Lack of previous knowledge or experience in the field,You do not care about,2,1.0,13.0,11.0,12.0,Moderate,High,Moderate,Moderate,Moderate,High,High,High,Moderate,Moderate,Moderate,High,High,High,High,Moderate,Moderate,Moderate,High,High,High,3,2,6,1,8,0,2
51,Female,Second year,Mathematics,18-25,In your room (dorms),Alone,"Learning by practicing, Interactive workshops","Books, YouTube videos",Yes,Teachers' teaching method,Lack of previous knowledge or experience in the field,Teaching language,Private life problems,2.0,2.0,5.0,5-7 hours,3.0,7.0,3.0,2.0,8.0,Pressure,You do not care about,2,1.0,13.0,11.0,12.0,Moderate,High,Moderate,Moderate,Moderate,High,Moderate,High,Moderate,Moderate,Moderate,High,High,High,Very High,Moderate,High,Moderate,High,Very High,High,0,3,2,1,8,0,2
52,Female,Second year,Science,More than 41 hours,In the school's library,Alone,"Lectures, Learning by practicing, Mind mapping and visualization","Books, YouTube videos",No,Teaching language,Not having a good (powerful) computer,Private life problems,Private life problems,2.0,5.0,5.0,5-7 hours,3.0,5.0,5.0,4.0,6.0,Lack of time,Positively,2,1.0,13.0,11.0,12.0,Moderate,High,Moderate,Moderate,Moderate,High,Moderate,High,Moderate,Moderate,Moderate,High,High,High,High,High,High,High,High,High,Moderate,3,6,1,1,8,1,2
53,Male,Second year,Mathematics,10-17,In the school's library,Alone,"Lectures, Learning by practicing, Online courses and tutorials","Books, Online documents, YouTube videos",No,Bad quality of internet,Teachers' teaching method,Teaching language,Not having a good (powerful) computer,2.0,2.0,4.0,5-7 hours,2.0,8.0,6.0,7.0,7.0,Lack of previous knowledge or experience in the field,You do not care about,2,1.0,13.0,11.0,12.0,Moderate,High,Moderate,Moderate,Moderate,High,Moderate,High,Moderate,Moderate,Moderate,High,Very High,High,High,Moderate,High,High,High,Very High,Moderate,2,5,4,1,8,1,2
54,Male,Second year,Mathematics,18-25,In the school's library,Alone,"Learning by practicing, Mind mapping and visualization, Online courses and tutorials","Books, YouTube videos",No,Bad quality of internet,Lack of time,Not having a good (powerful) computer,Teaching language,2.0,4.0,5.0,5-7 hours,2.0,9.0,4.0,5.0,7.0,Pressure,You do not care about,2,1.0,13.0,11.0,12.0,Moderate,High,Moderate,Moderate,Moderate,Moderate,Moderate,High,High,Moderate,Moderate,High,Very High,High,High,Moderate,High,Moderate,Moderate,Moderate,Moderate,1,5,4,1,8,0,2
55,Female,Second year,Science,26-33,In the school's library,Alone,Lectures;Learning by practicing;Mind mapping and visualization,Online tutorials;YouTube videos,No,Bad quality of internet,Not having a good (powerful) computer,Teachers' teaching method,Teaching language,3.0,2.0,3.0,8 hours or more,2.0,7.0,5.0,3.0,4.0,Lack of previous knowledge or experience in the field,You do not care about,2,1.0,13.0,11.0,12.0,Moderate,Moderate,Low,High,High,Moderate,Moderate,Moderate,Low,Low,Moderate,High,Very High,High,High,Moderate,High,Moderate,Moderate,Moderate,Moderate,2,4,1,5,8,0,0
56,Female,Second year,Science,18-25,In your room (dorms),Alone,Learning by practicing,Books;Online tutorials;Online documents;YouTube videos,Yes,Private life problems,Private life problems,Lack of previous knowledge or experience in the field,Teaching language,2.0,1.0,1.0,8 hours or more,3.0,8.0,7.0,9.0,8.0,Lack of previous knowledge or experience in the field,You do not care about,2,1.0,13.0,11.0,12.0,High,Moderate,Moderate,Moderate,High,Moderate,High,Moderate,Moderate,Low,Moderate,High,Very High,High,High,Moderate,High,Moderate,Moderate,Moderate,Moderate,3,3,6,2,8,0,1
57,Male,Second year,Mathematics,26-33,In your room (dorms),Alone,Lectures;Learning by practicing;Mind mapping and visualization,Books;Online tutorials;Online documents;YouTube videos,Yes,Pressure,Private life problems,Teachers' teaching method,Teaching language,3.0,5.0,5.0,5-7 hours,3.0,8.0,7.0,6.0,5.0,Lack of previous knowledge or experience in the field,You do not care about,2,1.0,13.0,11.0,12.0,High,Moderate,Moderate,Moderate,High,Moderate,High,Moderate,Moderate,Low,Moderate,High,Very High,High,High,Moderate,High,Moderate,Moderate,Moderate,Moderate,2,1,0,3,8,0,1
58,Male,Third year,Science,10-17,In your room (dorms),Alone,Lectures;Learning by practicing;Project-based learning;Mind mapping and visualization;Online courses and tutorials,Online tutorials;YouTube videos,No,Teaching language,Lack of previous knowledge or experience in the field,Private life problems,Not having a good (powerful) computer,2.0,3.0,5.0,5-7 hours,3.0,6.0,7.0,7.0,6.0,Bad quality of internet,You do not care about,3,2.0,13.0,12.0,12.0,Moderate,High,Moderate,Moderate,High,High,High,Moderate,Moderate,High,Moderate,High,Very High,High,High,Moderate,High,Moderate,Moderate,Moderate,Moderate,5,2,1,4,4,0,1
59,Male,Second year,Mathematics,More than 41 hours,At home,In peer,"Learning by practicing, Mind mapping and visualization, Online courses and tutorials","Online tutorials, Online documents, YouTube videos",No,Bad quality of internet,Private life problems,Not having a good (powerful) computer,Teaching language,2.0,3.0,4.0,8 hours or more,3.0,7.0,7.0,8.0,5.0,Lack of previous knowledge or experience in the field,Positively,2,1.0,13.0,12.0,12.0,Moderate,High,Moderate,Moderate,High,High,High,Moderate,Moderate,High,Moderate,High,High,High,High,High,High,Moderate,High,Very High,Moderate,3,6,2,1,8,0,2
60,Female,Second year,Mathematics,26-33,In the school's library,Alone,Learning by practicing;Mind mapping and visualization,Books;Online documents;YouTube videos,Yes,Bad quality of internet,Private life problems,Teaching language,Not having a good (powerful) computer,4.0,5.0,4.0,8 hours or more,5.0,8.0,7.0,8.0,8.0,Lack of previous knowledge or experience in the field,You do not care about,2,1.0,13.0,12.0,12.0,High,Moderate,Very High,High,Very High,Very High,Moderate,Very High,Moderate,Low,Moderate,Very High,High,High,High,High,High,Moderate,High,Very High,Moderate,3,2,1,6,20,1,1
61,Female,Second year,Mathematics,10-17,In your room (dorms),In peer,Learning by practicing,"Online documents, YouTube videos",No,Lack of time,Teaching language,Private life problems,Not having a good (powerful) computer,2.0,5.0,4.0,5-7 hours,1.0,8.0,3.0,3.0,6.0,Pressure,Positively,2,1.0,14.0,10.0,12.0,High,Moderate,Very High,High,Very High,High,High,Very High,Moderate,Low,Moderate,Very High,High,High,High,High,High,Moderate,High,Very High,Low,1,6,0,1,8,1,2
62,Female,Second year,Science,34-41,In your room (dorms),Alone,"Learning by practicing, Mind mapping and visualization, Online courses and tutorials","Books, Online tutorials, Online documents, YouTube videos",Yes,Teachers' teaching method,Private life problems,Not having a good (powerful) computer,Teaching language,2.0,5.0,5.0,5-7 hours,1.0,8.0,5.0,5.0,8.0,Lack of previous knowledge or experience in the field,You do not care about,2,1.0,14.0,10.0,12.0,High,Moderate,Very High,High,Very High,High,Moderate,Very High,Moderate,Low,Moderate,Very High,Very High,High,High,High,High,Moderate,High,High,Moderate,2,4,0,1,8,1,2
63,Female,Second year,Science,18-25,In your room (dorms),In peer,Lectures;Learning by practicing;Project-based learning;Mind mapping and visualization;Online courses and tutorials,Books;Online tutorials;Online documents;YouTube videos,Yes,Bad quality of internet,Private life problems,Not having a good (powerful) computer,Teaching language,2.0,3.0,5.0,5-7 hours,4.0,8.0,6.0,7.0,8.0,Lack of previous knowledge or experience in the field,You do not care about,2,2.0,14.0,10.0,12.0,High,Moderate,Very High,High,Very High,High,Moderate,Very High,Moderate,Low,Moderate,Very High,Very High,High,High,High,High,Moderate,High,High,Moderate,5,4,2,4,8,1,0
64,Female,Second year,Mathematics,26-33,In the school's library,In peer,"Learning by practicing, Mind mapping and visualization, Interactive workshops, Online courses and tutorials","Online tutorials, Online documents, YouTube videos",No,Pressure,Private life problems,Bad quality of internet,Teaching language,2.0,2.0,3.0,5-7 hours,3.0,8.0,5.0,4.0,7.0,Not having a good (powerful) computer,Positively,2,1.0,14.0,11.0,12.0,High,Moderate,Very High,High,Very High,High,High,Very High,Moderate,Low,Moderate,Very High,Very High,High,Very High,High,Moderate,Moderate,Moderate,Very High,Moderate,5,2,1,1,8,0,2
65,Female,Second year,Mathematics,34-41,In your room (dorms),Alone,"Lectures, Learning by practicing, Mind mapping and visualization, Online courses and tutorials","Books, Online tutorials, Online documents, YouTube videos",Yes,Bad quality of internet,Teaching language,Lack of time,Lack of time,2.0,3.0,4.0,5-7 hours,3.0,8.0,7.0,7.0,7.0,Lack of previous knowledge or experience in the field,Positively,2,1.0,14.0,11.0,12.0,High,Moderate,Very High,High,Very High,High,Moderate,Very High,Moderate,Low,Moderate,Very High,Very High,High,High,Moderate,High,Moderate,High,Very High,Moderate,5,2,4,1,8,0,2
66,Female,Second year,Science,26-33,In your room (dorms),Alone,"Lectures, Learning by practicing, Online courses and tutorials","Online tutorials, Online documents",Yes,Lack of previous knowledge or experience in the field,Private life problems,Teaching language,Not having a good (powerful) computer,2.0,4.0,2.0,5-7 hours,4.0,8.0,6.0,7.0,7.0,Teachers' teaching method,Negatively,2,1.0,14.0,11.0,12.0,High,Moderate,Very High,High,Very High,Very High,High,Very High,High,Low,Moderate,Very High,High,High,High,Moderate,High,Low,Moderate,Very High,Moderate,2,4,0,1,8,1,2
67,Male,Second year,Mathematics,10-17,In your room (dorms),Alone,"Learning by practicing, Project-based learning, Online courses and tutorials","Books, Online tutorials, Online documents, YouTube videos",No,Teachers' teaching method,Bad quality of internet,Lack of previous knowledge or experience in the field,Teaching language,3.0,5.0,5.0,5-7 hours,4.0,9.0,7.0,7.0,8.0,Not having a good (powerful) computer,You do not care about,2,1.0,14.0,11.0,12.0,High,Moderate,Very High,High,Very High,Very High,High,Very High,Low,Low,Moderate,Very High,Very High,High,Very High,High,Moderate,High,High,High,Moderate,3,5,2,1,8,1,2
68,Female,Second year,Mathematics,26-33,In your room (dorms),Alone,"Learning by practicing, Mind mapping and visualization, Interactive workshops","Books, Online tutorials",No,Teachers' teaching method,Bad quality of internet,Not having a good (powerful) computer,Teaching language,2.0,2.0,5.0,8 hours or more,1.0,8.0,5.0,4.0,6.0,Lack of previous knowledge or experience in the field,You do not care about,2,1.0,14.0,11.0,12.0,High,Moderate,Very High,High,Very High,Very High,Moderate,Very High,Moderate,Low,Moderate,Very High,High,High,Very High,Moderate,High,High,Moderate,High,Moderate,4,4,2,1,8,1,2
69,Male,Second year,Science,26-33,In your room (dorms),Alone,"Lectures, Learning by practicing, Project-based learning, Mind mapping and visualization, Online courses and tutorials","Online tutorials, Online documents, YouTube videos",No,Pressure,Lack of previous knowledge or experience in the field,Bad quality of internet,Not having a good (powerful) computer,2.0,3.0,4.0,5-7 hours,3.0,6.0,8.0,7.0,6.0,Teaching language,Negatively,2,1.0,14.0,12.0,12.0,High,Moderate,Very High,High,Very High,High,High,Very High,Moderate,Low,Moderate,Very High,High,High,High,High,High,High,High,High,Low,5,2,5,1,8,0,2
70,Female,Second year,Science,26-33,In your room (dorms),In peer,Lectures;Learning by practicing;Mind mapping and visualization,Books;YouTube videos,No,Lack of previous knowledge or experience in the field,Bad quality of internet,Teaching language,Not having a good (powerful) computer,2.0,5.0,3.0,5-7 hours,3.0,7.0,6.0,6.0,7.0,Lack of previous knowledge or experience in the field,You do not care about,2,1.0,13.0,12.0,13.0,Moderate,High,High,High,High,High,High,High,Moderate,Low,Moderate,High,High,High,High,High,High,High,High,High,Low,5,4,5,2,8,0,1
71,Female,Second year,Mathematics,34-41,In your room (dorms),Alone,Learning by practicing;Mind mapping and visualization,Online tutorials;Online documents;YouTube videos,No,Lack of previous knowledge or experience in the field,Private life problems,Teaching language,Not having a good (powerful) computer,2.0,3.0,5.0,5-7 hours,4.0,8.0,5.0,6.0,6.0,Lack of previous knowledge or experience in the field,You do not care about,2,1.0,13.0,12.0,13.0,Moderate,Moderate,Moderate,High,Very High,High,Moderate,High,Moderate,Moderate,Moderate,Very High,High,High,High,High,High,High,High,High,Low,3,2,0,6,8,1,2
72,Male,Second year,Science,18-25,In your room (dorms),Alone,Lectures;Learning by practicing;Online courses and tutorials,Books,No,Teaching language,Private life problems,Bad quality of internet,Not having a good (powerful) computer,3.0,4.0,5.0,8 hours or more,4.0,6.0,7.0,6.0,5.0,Lack of previous knowledge or experience in the field,You do not care about,2,2.0,13.0,12.0,13.0,Moderate,Moderate,High,High,High,Moderate,High,High,High,High,Moderate,High,High,High,High,High,High,High,High,High,Low,2,4,1,6,8,1,2
73,Male,Third year,Mathematics,10-17,In your room (dorms),In peer,Lectures;Project-based learning,Online documents;YouTube videos,No,Bad quality of internet,Teaching language,Private life problems,Not having a good (powerful) computer,3.0,4.0,4.0,8 hours or more,4.0,7.0,6.0,7.0,5.0,Bad quality of internet,You do not care about,3,2.0,13.0,12.0,13.0,High,High,High,High,High,Moderate,High,High,Moderate,High,Moderate,High,High,High,High,High,High,High,High,High,Low,5,4,1,2,4,1,0
74,Male,Second year,Technical maths,18-25,In your room (dorms),Alone,"Lectures, Learning by practicing, Online courses and tutorials","Online documents, YouTube videos",No,Pressure,Bad quality of internet,Private life problems,Not having a good (powerful) computer,1.0,2.0,3.0,8 hours or more,3.0,2.0,6.0,6.0,8.0,Lack of previous knowledge or experience in the field,You do not care about,2,1.0,13.0,13.0,13.0,High,High,High,High,High,High,High,High,High,High,Moderate,High,High,High,Very High,High,Moderate,High,Very High,High,Moderate,6,2,6,1,8,1,2
75,Female,Second year,Science,18-25,In the school's library,With a group,Learning by practicing;Project-based learning;Mind mapping and visualization,YouTube videos,Yes,Teachers' teaching method,Lack of previous knowledge or experience in the field,Not having a good (powerful) computer,Teaching language,3.0,4.0,4.0,5-7 hours,5.0,8.0,6.0,7.0,7.0,Lack of previous knowledge or experience in the field,You do not care about,2,1.0,13.0,13.0,13.0,Moderate,Moderate,Moderate,Moderate,Very High,High,High,High,Moderate,High,Moderate,High,High,High,Very High,High,Moderate,High,Very High,High,Moderate,2,0,5,4,8,1,1
76,Male,Second year,Mathematics,10-17,In your room (dorms),Alone,Learning by practicing,Online documents,No,Bad quality of internet,Lack of previous knowledge or experience in the field,Private life problems,Bad quality of internet,2.0,2.0,3.0,5-7 hours,4.0,6.0,8.0,9.0,7.0,Lack of time,You do not care about,2,1.0,13.0,13.0,13.0,Moderate,Moderate,Moderate,Moderate,Very High,High,High,High,Moderate,High,Moderate,High,High,High,High,High,Moderate,High,High,High,High,3,7,6,1,8,1,2
77,Female,Second year,Mathematics,34-41,In the school's library,Alone,Lectures;Learning by practicing;Mind mapping and visualization;Online courses and tutorials,Books;Online tutorials;Online documents;YouTube videos,No,Bad quality of internet,Private life problems,Not having a good (powerful) computer,Teaching language,3.0,5.0,5.0,5-7 hours,2.0,10.0,9.0,7.0,8.0,Lack of previous knowledge or experience in the field,You do not care about,2,1.0,13.0,13.0,13.0,Moderate,Moderate,Moderate,High,High,High,High,High,Moderate,Moderate,High,High,High,High,High,High,Moderate,High,High,High,High,3,2,6,1,8,1,2
78,Male,Fourth year,Technical maths,10-17,In your room (dorms),Alone,Mind mapping and visualization,Books;YouTube videos,Yes,Pressure,Bad quality of internet,Lack of previous knowledge or experience in the field,Not having a good (powerful) computer,1.0,2.0,3.0,8 hours or more,2.0,7.0,5.0,5.0,5.0,Unknown,Unknown,4,3.0,13.0,13.0,13.0,High,High,High,High,Very High,Low,Moderate,Moderate,High,High,High,High,High,High,High,High,Moderate,High,High,High,High,4,2,4,6,21,0,2
79,Female,Second year,Mathematics,18-25,In your room (dorms),Alone,Online courses and tutorials,Online tutorials;YouTube videos;Private courses,No,Teaching language,Teaching language,Not having a good (powerful) computer,Private life problems,3.0,4.0,4.0,5-7 hours,3.0,8.0,8.0,7.0,7.0,Lack of previous knowledge or experience in the field,You do not care about,2,1.0,13.0,13.0,13.0,High,Moderate,Moderate,Moderate,High,Moderate,Moderate,Very High,High,High,High,High,High,High,High,High,Moderate,High,High,High,High,5,2,2,1,8,1,0
80,Male,Fourth year,Technical maths,10-17,At home,In peer,Lectures;Learning by practicing;Project-based learning;Online courses and tutorials,Books;Online documents,No,Bad quality of internet,Private life problems,Teaching language,Lack of time,2.0,3.0,4.0,5-7 hours,3.0,7.0,7.0,7.0,6.0,Unknown,Unknown,4,3.0,13.0,13.0,13.0,Moderate,Moderate,Moderate,Moderate,High,Moderate,High,Moderate,Moderate,High,Moderate,Moderate,High,High,High,High,Moderate,High,High,High,High,3,6,1,3,21,0,2
81,Female,Second year,Science,26-33,In your room (dorms),Alone,Lectures;Learning by practicing;Mind mapping and visualization;Online courses and tutorials,Online tutorials;Online documents;YouTube videos;Chat Gpt,No,Bad quality of internet,Private life problems,Teaching language,Not having a good (powerful) computer,2.0,4.0,4.0,5-7 hours,2.0,7.0,7.0,6.0,5.0,Lack of previous knowledge or experience in the field,You do not care about,2,1.0,13.0,13.0,13.0,High,High,High,Moderate,Moderate,Moderate,High,High,Moderate,Moderate,Moderate,High,High,High,High,High,Moderate,High,High,High,High,3,6,2,1,8,1,1
82,Male,Second year,Technical maths,10-17,In your room (dorms),Alone,Learning by practicing;Mind mapping and visualization;Online courses and tutorials,Books;Online documents;YouTube videos,Yes,Bad quality of internet,Teachers' teaching method,Not having a good (powerful) computer,Private life problems,2.0,1.0,2.0,8 hours or more,1.0,3.0,4.0,2.0,3.0,Lack of previous knowledge or experience in the field,You do not care about,2,1.0,13.0,13.0,13.0,Moderate,High,Very Low,Moderate,Very Low,Very Low,Moderate,Low,Low,Moderate,Moderate,Very Low,High,High,High,High,Moderate,High,High,High,High,3,2,7,1,8,0,2
83,Male,Third year,Mathematics,10-17,In your room (dorms),Alone,Mind mapping and visualization;Online courses and tutorials,Books;Online documents,Yes,Lack of previous knowledge or experience in the field,Not having a good (powerful) computer,Teaching language,Bad quality of internet,3.0,3.0,3.0,8 hours or more,2.0,7.0,6.0,6.0,7.0,Bad quality of internet,You do not care about,3,2.0,13.0,13.0,13.0,Moderate,High,Very Low,Moderate,Very Low,Very Low,Moderate,Low,Low,Moderate,Moderate,Very Low,High,High,High,High,Moderate,High,High,High,High,2,4,5,6,4,0,0
84,Female,Fourth year,Mathematics,10-17,In your room (dorms),Alone,Learning by practicing;Project-based learning;Mind mapping and visualization,Online tutorials;YouTube videos,Yes,Not having a good (powerful) computer,Private life problems,Teachers' teaching method,Teaching language,2.0,4.0,4.0,5-7 hours,4.0,9.0,7.0,9.0,8.0,Unknown,Unknown,4,3.0,13.0,13.0,13.0,Moderate,High,Very Low,Moderate,Very Low,Very Low,Moderate,Low,Low,Moderate,Moderate,Very Low,High,High,High,High,Moderate,High,High,High,High,2,0,1,4,21,1,2
85,Female,Third year,Science,26-33,At home,Alone,Lectures;Learning by practicing;Mind mapping and visualization,Online tutorials;Online documents,No,Bad quality of internet,Private life problems,Teaching language,Not having a good (powerful) computer,2.0,2.0,4.0,5-7 hours,5.0,8.0,7.0,6.0,7.0,Bad quality of internet,You do not care about,3,2.0,13.0,13.0,13.0,Moderate,High,Very Low,Moderate,Very Low,Very Low,Moderate,Low,Low,Moderate,Moderate,Very Low,High,High,High,High,Moderate,High,High,High,High,2,4,6,1,4,0,0
86,Female,Fourth year,Mathematics,10-17,In your room (dorms),In peer,Learning by practicing;Mind mapping and visualization,Online documents;YouTube videos,Yes,Not having a good (powerful) computer,Private life problems,Pressure,Pressure,2.0,3.0,4.0,5-7 hours,2.0,9.0,7.0,7.0,6.0,Unknown,Unknown,4,3.0,13.0,14.0,13.0,Moderate,High,Very Low,Moderate,Very Low,Very Low,Moderate,Low,Low,Moderate,Moderate,Very Low,High,High,High,High,Moderate,High,High,High,High,5,2,1,0,21,0,2
87,Female,Second year,Science,26-33,In the school's library,Alone,"Learning by practicing, Project-based learning, Mind mapping and visualization","Books, Online tutorials, Online documents, YouTube videos",Yes,Private life problems,Bad quality of internet,Not having a good (powerful) computer,Teaching language,3.0,4.0,5.0,5-7 hours,3.0,7.0,7.0,8.0,9.0,Lack of previous knowledge or experience in the field,Positively,2,1.0,14.0,12.0,13.0,Moderate,High,Very Low,Moderate,Very Low,High,High,Low,Moderate,Moderate,Moderate,Very Low,High,High,Very High,High,High,Moderate,Very High,Very High,Moderate,2,4,6,1,8,0,2
88,Female,Second year,Mathematics,34-41,In the school's library,Alone,"Learning by practicing, Online courses and tutorials","Online tutorials, YouTube videos",Yes,Teachers' teaching method,Not having a good (powerful) computer,Bad quality of internet,Teaching language,2.0,3.0,3.0,5-7 hours,2.0,9.0,3.0,4.0,7.0,Private life problems,Positively,2,1.0,14.0,12.0,13.0,Moderate,High,Very Low,Moderate,Very Low,High,Moderate,Low,Moderate,Moderate,Moderate,Very Low,Very High,High,High,High,High,Moderate,High,Very High,High,3,2,1,1,8,1,2
89,Male,Second year,Science,18-25,In your room (dorms),Alone,Learning by practicing;Project-based learning,Online tutorials;Online documents;YouTube videos,No,Bad quality of internet,Private life problems,Not having a good (powerful) computer,Teaching language,3.0,4.0,4.0,5-7 hours,3.0,9.0,7.0,8.0,5.0,Lack of previous knowledge or experience in the field,You do not care about,2,1.0,14.0,12.0,13.0,High,Moderate,High,Very High,Very High,High,Moderate,High,Moderate,Moderate,Moderate,High,Very High,High,High,High,High,Moderate,High,Very High,High,2,4,1,6,3,1,1
90,Male,Second year,Mathematics,18-25,In your room (dorms),Alone,Lectures;Learning by practicing;Project-based learning;Online courses and tutorials,Online tutorials;Online documents;YouTube videos,No,Lack of previous knowledge or experience in the field,Bad quality of internet,Teaching language,Not having a good (powerful) computer,3.0,4.0,4.0,8 hours or more,3.0,7.0,7.0,7.0,7.0,Lack of previous knowledge or experience in the field,You do not care about,2,1.0,14.0,12.0,13.0,High,High,High,High,High,High,Moderate,High,Moderate,Moderate,Moderate,High,Very High,High,High,High,High,Moderate,High,Very High,High,2,6,5,4,8,0,0
91,Male,Second year,Mathematics,10-17,In the school's library,Alone,Lectures,Books;YouTube videos,No,Not having a good (powerful) computer,Lack of previous knowledge or experience in the field,Private life problems,Teaching language,1.0,2.0,2.0,5-7 hours,4.0,7.0,7.0,5.0,7.0,Lack of previous knowledge or experience in the field,You do not care about,2,1.0,14.0,12.0,13.0,High,Moderate,Low,High,Very High,Low,Low,Moderate,Low,Very Low,High,Very High,Very High,High,High,High,High,Moderate,High,Very High,High,0,2,6,4,8,0,2
92,Male,Second year,Science,10-17,In your room (dorms),Alone,"Learning by practicing, Project-based learning, Online courses and tutorials","Books, Online tutorials, Online documents, YouTube videos",Yes,Teachers' teaching method,Teachers' teaching method,Pressure,Lack of time,1.0,1.0,3.0,5-7 hours,5.0,9.0,9.0,9.0,8.0,Teachers' teaching method,You do not care about,2,1.0,14.0,13.0,13.0,High,Moderate,Low,High,Very High,High,High,Moderate,High,Very Low,High,Very High,High,High,Very High,High,Moderate,High,High,High,Moderate,5,6,6,1,8,1,2
93,Female,Second year,Mathematics,18-25,At home,Alone,Lectures;Learning by practicing;Mind mapping and visualization;Online courses and tutorials,Online tutorials;YouTube videos,Yes,Bad quality of internet,Teachers' teaching method,Teaching language,Not having a good (powerful) computer,3.0,4.0,5.0,8 hours or more,1.0,9.0,5.0,6.0,7.0,Lack of previous knowledge or experience in the field,You do not care about,2,2.0,14.0,13.0,13.0,Low,Moderate,Moderate,Moderate,Very High,High,High,Moderate,Low,Moderate,Moderate,Very High,High,High,Very High,High,Moderate,High,High,High,Moderate,2,4,5,1,26,1,0
94,Female,Second year,Science,18-25,In the school's library,Alone,"Lectures, Learning by practicing, Project-based learning, Mind mapping and visualization, Interactive workshops, Online courses and tutorials","Books, Online documents, YouTube videos",No,Teachers' teaching method,Bad quality of internet,Teaching language,Not having a good (powerful) computer,3.0,3.0,3.0,5-7 hours,4.0,7.0,5.0,6.0,6.0,Pressure,Negatively,2,1.0,14.0,13.0,13.0,Low,Moderate,Moderate,Moderate,Very High,High,High,Moderate,Moderate,Moderate,Moderate,Very High,Very High,High,High,Moderate,Very High,Moderate,High,Very High,Moderate,2,1,5,1,8,0,2
95,Female,Second year,Science,10-17,At home,In peer,Learning by practicing,"Books, Online tutorials, Online documents, YouTube videos",No,Bad quality of internet,Private life problems,Not having a good (powerful) computer,Teaching language,2.0,3.0,5.0,8 hours or more,3.0,6.0,5.0,5.0,6.0,Pressure,You do not care about,2,1.0,14.0,13.0,13.0,Low,Moderate,Moderate,Moderate,Very High,High,High,Moderate,Moderate,Moderate,Moderate,Very High,High,High,Very High,High,High,High,Very High,High,Moderate,5,2,1,1,8,0,2
96,Female,Third year,Science,18-25,At home,In peer,Learning by practicing;Mind mapping and visualization;Interactive workshops;Online courses and tutorials,Books;Online documents;YouTube videos,No,Private life problems,Bad quality of internet,Teaching language,Not having a good (powerful) computer,2.0,3.0,4.0,5-7 hours,3.0,7.0,6.0,6.0,6.0,Bad quality of internet,You do not care about,3,2.0,14.0,13.0,13.0,High,Moderate,Moderate,Moderate,High,High,High,Moderate,Moderate,High,Moderate,Very High,High,High,Very High,High,High,High,Very High,High,Moderate,2,1,6,4,4,0,0
97,Male,Second year,Mathematics,18-25,In your room (dorms),Alone,"Mind mapping and visualization, Online courses and tutorials","Books, Online tutorials, Online documents, YouTube videos, Private courses",Yes,Pressure,Bad quality of internet,Teaching language,Not having a good (powerful) computer,2.0,2.0,3.0,8 hours or more,4.0,8.0,6.0,5.0,8.0,Lack of time,You do not care about,2,1.0,14.0,13.0,13.0,High,Moderate,Moderate,Moderate,High,High,High,Moderate,Moderate,High,Moderate,Very High,High,High,Very High,High,Moderate,High,High,High,Moderate,4,1,6,1,8,0,2
98,Female,Second year,Mathematics,18-25,At home,In peer,Learning by practicing;Online courses and tutorials,Online documents;YouTube videos,Yes,Pressure,Teaching language,Private life problems,Not having a good (powerful) computer,1.0,3.0,3.0,5-7 hours,2.0,7.0,7.0,6.0,6.0,Lack of previous knowledge or experience in the field,You do not care about,2,1.0,14.0,13.0,13.0,High,Moderate,High,High,High,High,High,High,Moderate,High,Moderate,High,High,High,Very High,High,Moderate,High,High,High,Moderate,5,1,2,0,8,0,1
99,Male,Second year,Science,10-17,In the school's library,In peer,"Learning by practicing, Project-based learning, Mind mapping and visualization","YouTube videos, Private courses",No,Bad quality of internet,Lack of time,Private life problems,Not having a good (powerful) computer,3.0,3.0,5.0,8 hours or more,5.0,6.0,7.0,8.0,6.0,Pressure,You do not care about,2,1.0,14.0,13.0,13.0,High,Moderate,High,High,High,High,High,High,Moderate,High,Moderate,High,Very High,High,Very High,High,High,High,Very High,High,High,1,7,6,1,8,1,2
100,Female,Third year,Science,10-17,At home,Alone,Learning by practicing;Project-based learning;Mind mapping and visualization;Online courses and tutorials,Books;Online tutorials;Online documents;YouTube videos,No,Lack of previous knowledge or experience in the field,Not having a good (powerful) computer,Bad quality of internet,Teaching language,3.0,4.0,5.0,5-7 hours,4.0,7.0,8.0,7.0,7.0,Bad quality of internet,You do not care about,3,2.0,14.0,13.0,13.0,High,Moderate,High,High,High,High,High,High,Moderate,Very High,Moderate,High,Very High,High,Very High,High,High,High,Very High,High,High,2,4,6,5,14,1,1
101,Female,Second year,Science,18-25,At home,Alone,Lectures;Online courses and tutorials,Online documents,No,Teachers' teaching method,Bad quality of internet,Not having a good (powerful) computer,Teaching language,2.0,4.0,3.0,8 hours or more,5.0,7.0,8.0,8.0,6.0,Lack of previous knowledge or experience in the field,You do not care about,2,1.0,14.0,13.0,13.0,High,Moderate,High,High,High,High,High,High,Moderate,High,Moderate,High,Very High,High,Very High,High,High,High,Very High,High,High,2,4,1,5,28,1,2
102,Female,Second year,Mathematics,18-25,In the dorms' library,In peer,Learning by practicing,YouTube videos,Yes,Teaching language,Private life problems,Bad quality of internet,Not having a good (powerful) computer,2.0,3.0,3.0,5-7 hours,2.0,5.0,6.0,6.0,6.0,Lack of previous knowledge or experience in the field,You do not care about,2,1.0,14.0,13.0,13.0,Moderate,Moderate,High,Moderate,High,High,Moderate,Moderate,Moderate,Moderate,Moderate,Moderate,Very High,High,Very High,High,High,High,Very High,High,High,3,1,6,2,8,0,0
103,Female,Third year,Mathematics,10-17,At home,Alone,Lectures;Learning by practicing,Online tutorials;YouTube videos,No,Pressure,Teaching language,Lack of time,Private life problems,2.0,2.0,2.0,8 hours or more,4.0,7.0,7.0,7.0,9.0,Bad quality of internet,You do not care about,3,3.0,14.0,13.0,13.0,Moderate,Moderate,High,Moderate,High,High,Moderate,Moderate,Moderate,High,High,High,Very High,High,Very High,High,High,High,Very High,High,High,1,0,6,4,4,1,2
104,Male,Second year,Mathematics,18-25,In your room (dorms),Alone,"Mind mapping and visualization, Online courses and tutorials","Online tutorials, Online documents, YouTube videos",Yes,Lack of time,Bad quality of internet,Teaching language,Not having a good (powerful) computer,2.0,3.0,3.0,5-7 hours,3.0,6.0,6.0,6.0,8.0,Private life problems,Negatively,2,1.0,14.0,13.0,13.0,Moderate,Moderate,High,Moderate,High,Moderate,High,Moderate,Moderate,High,High,High,High,High,Very High,High,Moderate,High,Very High,High,Moderate,5,1,4,1,8,1,2
105,Female,Third year,Technical maths,18-25,In the school's library,With a group,Learning by practicing;Project-based learning;Mind mapping and visualization;Interactive workshops,Online tutorials;YouTube videos,Yes,Bad quality of internet,Private life problems,Not having a good (powerful) computer,Teaching language,3.0,3.0,5.0,5-7 hours,4.0,8.0,7.0,8.0,7.0,Bad quality of internet,You do not care about,3,2.0,14.0,13.0,13.0,Moderate,High,High,Moderate,High,Very High,High,Moderate,Moderate,High,Moderate,High,High,High,Very High,High,Moderate,High,Very High,High,Moderate,2,4,6,1,4,1,1
106,Female,Second year,Mathematics,18-25,In the school's library,With a group,Lectures;Online courses and tutorials,Online documents;YouTube videos,Yes,Private life problems,Teaching language,Private life problems,Not having a good (powerful) computer,2.0,3.0,2.0,8 hours or more,2.0,7.0,7.0,7.0,8.0,Lack of previous knowledge or experience in the field,You do not care about,2,1.0,14.0,13.0,13.0,High,High,Moderate,High,High,Very High,High,High,Moderate,Very High,Moderate,High,High,High,Very High,High,Moderate,High,Very High,High,Moderate,3,6,2,0,2,1,0
107,Female,Third year,Science,18-25,At home,In peer,Learning by practicing;Project-based learning;Mind mapping and visualization;Online courses and tutorials,Online documents;YouTube videos,Yes,Bad quality of internet,Private life problems,Teachers' teaching method,Not having a good (powerful) computer,3.0,3.0,5.0,5-7 hours,3.0,8.0,8.0,8.0,8.0,Bad quality of internet,You do not care about,3,2.0,14.0,13.0,13.0,High,High,Moderate,High,High,Very High,High,High,Moderate,Very High,Moderate,High,High,High,Very High,High,Moderate,High,Very High,High,Moderate,2,4,1,6,4,0,1
108,Female,Second year,Mathematics,10-17,At home,Alone,Online courses and tutorials,Online documents,No,Bad quality of internet,Not having a good (powerful) computer,Teaching language,Private life problems,2.0,4.0,4.0,5-7 hours,2.0,7.0,6.0,6.0,5.0,Teachers' teaching method,Negatively,2,1.0,15.0,11.0,13.0,High,High,Moderate,High,High,High,Moderate,High,Low,Very High,Moderate,High,Very High,High,Very High,High,High,Moderate,High,Very High,High,2,4,1,1,8,0,2
109,Male,Second year,Mathematics,10-17,In your room (dorms),Alone,Online courses and tutorials,YouTube videos,No,Teachers' teaching method,Bad quality of internet,Not having a good (powerful) computer,Teaching language,4.0,4.0,5.0,5-7 hours,2.0,7.0,5.0,3.0,5.0,Private life problems,Positively,2,1.0,15.0,12.0,13.0,High,High,Moderate,High,High,High,High,High,High,Very High,Moderate,High,Very High,High,High,High,High,High,Moderate,High,Moderate,2,1,4,1,8,0,2
110,Female,Second year,Mathematics,18-25,In the school's library,In peer,"Learning by practicing, Project-based learning, Online courses and tutorials","Books, Online tutorials, Online documents, YouTube videos",Yes,Not having a good (powerful) computer,Bad quality of internet,Private life problems,Teaching language,2.0,4.0,4.0,5-7 hours,2.0,9.0,5.0,5.0,7.0,Pressure,You do not care about,2,1.0,15.0,12.0,13.0,High,High,Moderate,High,High,High,High,High,Moderate,Very High,Moderate,High,Very High,High,High,Moderate,Very High,Moderate,Very High,Very High,Moderate,5,2,1,1,8,1,2
111,Male,Second year,Mathematics,18-25,In your room (dorms),Alone,Learning by practicing,"Books, YouTube videos",Yes,Teaching language,Bad quality of internet,Not having a good (powerful) computer,Private life problems,3.0,3.0,4.0,5-7 hours,2.0,8.0,6.0,6.0,5.0,Lack of previous knowledge or experience in the field,Positively,2,1.0,15.0,12.0,13.0,High,High,Moderate,High,High,High,High,High,Moderate,Very High,Moderate,High,Very High,High,Very High,High,High,High,High,Very High,Moderate,2,4,6,1,8,1,2
112,Female,Second year,Science,18-25,In the school's library,In peer,"Learning by practicing, Mind mapping and visualization, Online courses and tutorials",YouTube videos,Yes,Bad quality of internet,Lack of previous knowledge or experience in the field,Not having a good (powerful) computer,Teaching language,2.0,3.0,4.0,5-7 hours,3.0,8.0,6.0,7.0,8.0,Teachers' teaching method,Negatively,2,1.0,15.0,12.0,13.0,High,High,Moderate,High,High,High,Moderate,High,Moderate,Very High,Moderate,High,Very High,High,Very High,High,Very High,Moderate,High,Very High,Moderate,2,4,5,1,8,0,2
113,Male,Second year,Science,18-25,In your room (dorms),Alone,"Learning by practicing, Mind mapping and visualization, Online courses and tutorials","Books, Online tutorials, Online documents, YouTube videos",Yes,Not having a good (powerful) computer,Pressure,Bad quality of internet,Teaching language,2.0,5.0,4.0,5-7 hours,4.0,6.0,5.0,7.0,7.0,Lack of time,Negatively,2,1.0,15.0,12.0,13.0,High,High,Moderate,High,High,Very High,High,High,Moderate,Very High,Moderate,High,Very High,High,Very High,High,High,High,High,High,Low,4,6,1,1,8,1,2
114,Female,Second year,Science,More than 41 hours,In your room (dorms),With a group,Learning by practicing,"Online tutorials, YouTube videos",Yes,Private life problems,Bad quality of internet,Teaching language,Not having a good (powerful) computer,2.0,3.0,4.0,5-7 hours,3.0,8.0,7.0,3.0,8.0,Pressure,You do not care about,2,1.0,15.0,12.0,13.0,High,High,Moderate,High,High,Very High,High,High,Moderate,Very High,Moderate,High,Very High,High,Very High,Moderate,High,High,High,High,Moderate,1,2,6,1,8,0,2
115,Male,Second year,Mathematics,18-25,In the school's library,In peer,"Lectures, Learning by practicing, Project-based learning","Books, Online documents, YouTube videos",No,Lack of previous knowledge or experience in the field,Bad quality of internet,Teaching language,Not having a good (powerful) computer,1.0,4.0,5.0,8 hours or more,2.0,8.0,7.0,8.0,3.0,Lack of time,Negatively,2,1.0,15.0,13.0,13.0,High,High,Moderate,High,High,High,High,High,Moderate,Very High,Moderate,High,High,High,Very High,High,Moderate,High,High,High,Moderate,4,6,4,1,8,0,2
116,Male,Second year,Science,10-17,In your room (dorms),Alone,Mind mapping and visualization;Online courses and tutorials,YouTube videos,No,Private life problems,Not having a good (powerful) computer,Bad quality of internet,Teaching language,2.0,5.0,4.0,8 hours or more,3.0,6.0,5.0,4.0,4.0,Lack of previous knowledge or experience in the field,You do not care about,2,1.0,16.0,10.0,13.0,High,High,Very High,High,High,High,Moderate,Moderate,Moderate,Moderate,Moderate,Moderate,High,High,Very High,High,Moderate,High,High,High,Moderate,1,6,2,4,8,0,2
117,Female,Second year,Science,18-25,At home,Alone,Mind mapping and visualization;Interactive workshops;Online courses and tutorials,YouTube videos;Private courses,Yes,Bad quality of internet,Teaching language,Private life problems,Not having a good (powerful) computer,2.0,4.0,2.0,8 hours or more,2.0,5.0,5.0,5.0,4.0,Lack of previous knowledge or experience in the field,You do not care about,2,1.0,16.0,10.0,13.0,High,High,Moderate,Moderate,Very High,High,Moderate,Very High,High,Low,Moderate,High,High,High,Very High,High,Moderate,High,High,High,Moderate,3,2,6,1,8,1,1
118,Male,Second year,Mathematics,10-17,At home,Alone,"Learning by practicing, Mind mapping and visualization, Online courses and tutorials","Books, Online tutorials, YouTube videos",No,Lack of previous knowledge or experience in the field,Private life problems,Pressure,Not having a good (powerful) computer,3.0,4.0,4.0,5-7 hours,4.0,8.0,8.0,7.0,7.0,Teaching language,Positively,2,1.0,13.0,14.0,14.0,High,High,Moderate,Moderate,Very High,High,High,Very High,Moderate,Low,Moderate,High,High,High,High,High,Moderate,High,Very High,Very High,High,2,0,6,1,8,1,2
119,Male,Third year,Mathematics,10-17,At home,Alone,Learning by practicing;Project-based learning;Online courses and tutorials,Online tutorials;Online documents;YouTube videos,No,Pressure,Bad quality of internet,Private life problems,Teaching language,2.0,3.0,4.0,5-7 hours,3.0,8.0,8.0,7.0,7.0,Bad quality of internet,You do not care about,3,2.0,13.0,14.0,14.0,High,High,Moderate,Moderate,Very High,High,High,Very High,Moderate,Low,Moderate,High,High,High,High,High,Moderate,High,Very High,Very High,High,2,1,6,3,4,1,2
120,Female,Second year,Science,34-41,In the school's library,Alone,Lectures;Learning by practicing;Mind mapping and visualization,Books;Online tutorials;Online documents;YouTube videos,Yes,Private life problems,Lack of previous knowledge or experience in the field,Bad quality of internet,Not having a good (powerful) computer,3.0,3.0,4.0,5-7 hours,2.0,7.0,4.0,3.0,5.0,Lack of previous knowledge or experience in the field,You do not care about,2,1.0,13.0,15.0,14.0,Moderate,Moderate,Moderate,Very High,Very High,Moderate,High,Very High,Moderate,High,Very High,Very High,High,High,High,High,Moderate,High,Very High,Very High,High,5,4,2,1,8,1,2
121,Female,Second year,Mathematics,10-17,In your room (dorms),Alone,Lectures;Learning by practicing;Project-based learning;Online courses and tutorials,Online tutorials;Online documents;YouTube videos,No,Private life problems,Not having a good (powerful) computer,Pressure,Teaching language,4.0,4.0,4.0,8 hours or more,5.0,7.0,9.0,8.0,9.0,Lack of previous knowledge or experience in the field,You do not care about,2,1.0,13.0,15.0,14.0,Very Low,Very High,Very High,Very High,Low,Very Low,High,Very High,High,Very High,High,Very Low,High,High,High,High,Moderate,High,Very High,Very High,High,5,1,6,0,8,1,2
122,Female,Fourth year,Mathematics,18-25,In your room (dorms),Alone,Lectures;Learning by practicing;Project-based learning;Interactive workshops;Online courses and tutorials,Books;Online documents;YouTube videos,Yes,Not having a good (powerful) computer,Teachers' teaching method,Private life problems,Teaching language,4.0,2.0,5.0,5-7 hours,3.0,8.0,9.0,9.0,9.0,Unknown,Unknown,4,3.0,13.0,15.0,14.0,Very Low,Very High,Very High,Very High,Low,Very Low,High,Very High,High,Very High,High,Very Low,High,High,High,High,Moderate,High,Very High,Very High,High,0,4,1,2,21,1,1
123,Male,Second year,Mathematics,26-33,In the school's library,Alone,Learning by practicing;Online courses and tutorials,Online tutorials;Online documents;YouTube videos,Yes,Private life problems,Teaching language,Bad quality of internet,Not having a good (powerful) computer,3.0,3.0,4.0,5-7 hours,2.0,8.0,7.0,7.0,6.0,Lack of previous knowledge or experience in the field,You do not care about,2,1.0,14.0,13.0,14.0,High,High,High,Moderate,High,Moderate,High,High,Moderate,Moderate,Moderate,Moderate,High,High,High,High,Moderate,High,Very High,Very High,High,3,2,6,1,15,1,1
124,Male,Second year,Mathematics,10-17,In your room (dorms),Alone,Lectures;Mind mapping and visualization,Books;Online documents;YouTube videos,No,Pressure,Not having a good (powerful) computer,Lack of time,Bad quality of internet,2.0,3.0,4.0,5-7 hours,3.0,8.0,6.0,6.0,5.0,Lack of previous knowledge or experience in the field,You do not care about,2,1.0,14.0,13.0,14.0,High,High,High,Moderate,High,Moderate,High,High,Moderate,Moderate,Moderate,Moderate,High,High,High,High,Moderate,High,Very High,Very High,High,5,5,2,4,8,0,2
125,Male,Second year,Science,10-17,In your room (dorms),Alone,Learning by practicing;Project-based learning,Books;Online tutorials;Online documents,Yes,Not having a good (powerful) computer,Teaching language,Lack of previous knowledge or experience in the field,Private life problems,1.0,5.0,5.0,8 hours or more,4.0,8.0,9.0,9.0,7.0,Lack of previous knowledge or experience in the field,You do not care about,2,1.0,14.0,13.0,14.0,High,High,High,Moderate,High,Moderate,High,High,Moderate,Moderate,Moderate,Moderate,High,High,High,High,Moderate,High,Very High,Very High,High,0,6,2,4,8,1,1
126,Male,Second year,Science,34-41,In your room (dorms),In peer,Lectures;Learning by practicing;Online courses and tutorials,Online tutorials;Online documents;YouTube videos,No,Lack of previous knowledge or experience in the field,Not having a good (powerful) computer,Teaching language,Bad quality of internet,3.0,3.0,4.0,5-7 hours,4.0,7.0,7.0,7.0,8.0,Lack of previous knowledge or experience in the field,You do not care about,2,1.0,14.0,14.0,14.0,High,High,Moderate,High,High,High,High,High,High,High,High,High,High,High,High,High,Moderate,High,Very High,Very High,High,2,6,5,4,8,1,2
127,Male,Second year,Mathematics,34-41,At home,Alone,Lectures;Learning by practicing;Mind mapping and visualization,Online tutorials;Online documents;YouTube videos,No,Pressure,Bad quality of internet,Lack of time,Not having a good (powerful) computer,2.0,3.0,4.0,5-7 hours,3.0,7.0,8.0,7.0,7.0,Lack of previous knowledge or experience in the field,You do not care about,2,1.0,14.0,14.0,14.0,High,Moderate,High,Very High,High,High,High,High,High,Moderate,High,High,High,High,High,High,Moderate,High,Very High,Very High,High,4,1,6,7,8,0,0
128,Female,Third year,Science,34-41,In your room (dorms),Alone,Lectures;Learning by practicing;Project-based learning;Online courses and tutorials,Online tutorials;Online documents;YouTube videos,No,Teachers' teaching method,Lack of previous knowledge or experience in the field,Teaching language,Not having a good (powerful) computer,3.0,5.0,5.0,5-7 hours,4.0,8.0,9.0,8.0,7.0,Bad quality of internet,You do not care about,3,2.0,14.0,14.0,14.0,High,Moderate,High,Very High,Very High,High,Moderate,High,Low,Moderate,High,High,High,High,High,High,Moderate,High,Very High,Very High,High,3,2,0,5,4,1,1
129,Male,Second year,Mathematics,18-25,In your room (dorms),Alone,"Lectures, Learning by practicing","Online tutorials, Online documents, YouTube videos",No,Teaching language,Lack of time,Private life problems,Not having a good (powerful) computer,1.0,2.0,5.0,5-7 hours,1.0,7.0,7.0,7.0,7.0,Bad quality of internet,You do not care about,2,1.0,14.0,14.0,14.0,High,Moderate,High,Very High,Very High,High,High,High,Moderate,Moderate,High,High,Very High,High,High,High,Moderate,High,Very High,High,High,5,1,4,1,8,0,2
130,Male,Second year,Technical maths,18-25,In your room (dorms),Alone,Lectures;Learning by practicing;Online courses and tutorials,Online tutorials;Online documents,Yes,Teachers' teaching method,Lack of previous knowledge or experience in the field,Private life problems,Teaching language,3.0,4.0,4.0,5-7 hours,4.0,5.0,7.0,7.0,6.0,Lack of previous knowledge or experience in the field,You do not care about,2,1.0,14.0,14.0,14.0,Moderate,High,High,Very High,Moderate,Moderate,Moderate,High,High,High,High,Moderate,Very High,High,High,High,Moderate,High,Very High,High,High,2,4,0,3,8,0,1
131,Male,Third year,Science,10-17,At home,In peer,Learning by practicing;Project-based learning;Mind mapping and visualization;Interactive workshops;Online courses and tutorials,YouTube videos,No,Pressure,Private life problems,Bad quality of internet,Not having a good (powerful) computer,4.0,3.0,3.0,8 hours or more,5.0,7.0,7.0,7.0,7.0,Bad quality of internet,You do not care about,3,2.0,14.0,14.0,14.0,Moderate,High,High,Very High,High,Moderate,Moderate,High,Low,Moderate,Moderate,High,Very High,High,High,High,Moderate,High,Very High,High,High,6,1,6,2,4,1,1
132,Male,Second year,Mathematics,26-33,In the school's library,Alone,"Learning by practicing, Online courses and tutorials","Online tutorials, YouTube videos",Yes,Teaching language,Bad quality of internet,Lack of time,Not having a good (powerful) computer,2.0,4.0,4.0,8 hours or more,2.0,7.0,7.0,7.0,8.0,Private life problems,Positively,2,1.0,14.0,14.0,14.0,Moderate,High,High,Very High,High,Moderate,High,High,Moderate,Moderate,Moderate,High,Very High,High,High,High,High,High,Very High,Very High,High,3,1,6,1,8,1,2
133,Female,Second year,Mathematics,18-25,In the school's library,Alone,Lectures;Learning by practicing;Online courses and tutorials,Books;Online tutorials;YouTube videos,Yes,Private life problems,Lack of previous knowledge or experience in the field,Teaching language,Not having a good (powerful) computer,3.0,5.0,4.0,5-7 hours,2.0,9.0,7.0,7.0,5.0,Lack of previous knowledge or experience in the field,You do not care about,2,1.0,14.0,14.0,14.0,High,High,Moderate,Very High,High,Moderate,High,High,Moderate,Moderate,Moderate,Moderate,Very High,High,High,High,High,High,Very High,Very High,High,3,2,0,6,16,1,1
134,Male,Second year,Mathematics,10-17,In your room (dorms),In peer,Online courses and tutorials,Online tutorials;Online documents;YouTube videos,No,Private life problems,Private life problems,Private life problems,Private life problems,3.0,4.0,4.0,8 hours or more,5.0,8.0,9.0,10.0,7.0,Lack of previous knowledge or experience in the field,You do not care about,2,1.0,14.0,14.0,14.0,High,High,High,Very High,High,Moderate,High,Very High,Moderate,High,Very High,High,Very High,High,High,High,High,High,Very High,Very High,High,4,5,5,5,10,1,2
135,Female,Second year,Science,More than 41 hours,In your room (dorms),Alone,"Learning by practicing, Project-based learning, Online courses and tutorials","Online tutorials, Online documents, YouTube videos",No,Lack of previous knowledge or experience in the field,Private life problems,Teaching language,Not having a good (powerful) computer,3.0,4.0,5.0,5-7 hours,4.0,9.0,8.0,7.0,7.0,Pressure,Positively,2,1.0,14.0,14.0,14.0,High,High,High,Very High,High,Very High,High,Very High,Moderate,High,Very High,High,Very High,High,High,High,High,High,Very High,Very High,High,2,0,6,1,8,1,2
136,Male,Third year,Science,10-17,In your room (dorms),In peer,Lectures;Mind mapping and visualization,YouTube videos;Resources provided by teachers (slides),No,Not having a good (powerful) computer,Bad quality of internet,Private life problems,Teaching language,4.0,5.0,5.0,5-7 hours,5.0,8.0,8.0,8.0,8.0,Bad quality of internet,You do not care about,3,2.0,14.0,14.0,14.0,Moderate,Very High,High,Very High,High,Very High,High,Very High,Moderate,High,Very High,High,Very High,High,High,High,High,High,Very High,Very High,High,2,4,0,6,19,1,1
137,Female,Fourth year,Technical maths,More than 41,In your room (dorms),Alone,Lectures;Learning by practicing;Online courses and tutorials,Books;Online documents,Yes,Lack of previous knowledge or experience in the field,Private life problems,Not having a good (powerful) computer,Teaching language,2.0,3.0,4.0,5-7 hours,3.0,7.0,6.0,7.0,9.0,Unknown,Unknown,4,3.0,14.0,14.0,14.0,Moderate,Very High,High,Very High,High,Very High,High,Very High,Moderate,High,Very High,High,Very High,High,High,High,High,High,Very High,Very High,High,5,2,0,4,21,0,2
138,Male,Fourth year,Mathematics,18-25,In your room (dorms),Alone,Learning by practicing;Project-based learning,Books,No,Pressure,Lack of time,Not having a good (powerful) computer,Teaching language,3.0,3.0,4.0,5-7 hours,2.0,9.0,8.0,7.0,7.0,Unknown,Unknown,4,3.0,14.0,14.0,14.0,Moderate,Very High,High,Very High,High,Very High,High,Very High,Moderate,High,Very High,High,Very High,High,High,High,High,High,Very High,Very High,High,4,6,2,1,21,1,2
139,Male,Fourth year,Mathematics,10-17,In the school's library,In peer,Project-based learning;Interactive workshops,Books;Online tutorials,No,Not having a good (powerful) computer,Private life problems,Bad quality of internet,Teaching language,2.0,4.0,4.0,8 hours or more,2.0,9.0,9.0,9.0,7.0,Unknown,Unknown,4,2.0,14.0,14.0,14.0,Moderate,Very High,High,Very High,High,Very High,High,Very High,Moderate,High,Very High,High,Very High,High,High,High,High,High,Very High,Very High,High,3,2,6,1,21,1,2
140,Female,Second year,Mathematics,10-17,In the school's library,Alone,Online courses and tutorials,Online tutorials;YouTube videos,No,Private life problems,Not having a good (powerful) computer,Teaching language,Bad quality of internet,3.0,3.0,4.0,5-7 hours,2.0,7.0,6.0,6.0,6.0,Lack of previous knowledge or experience in the field,You do not care about,2,1.0,15.0,13.0,14.0,Moderate,Moderate,High,High,High,High,High,High,Low,High,High,Moderate,Very High,High,High,High,High,High,Very High,Very High,High,5,2,1,4,8,0,2
141,Male,Second year,Science,26-33,In the school's library,Alone,"Learning by practicing, Interactive workshops","Online documents, YouTube videos",No,Lack of previous knowledge or experience in the field,Teachers' teaching method,Not having a good (powerful) computer,Teaching language,2.0,3.0,4.0,5-7 hours,3.0,9.0,8.0,8.0,6.0,Private life problems,Positively,2,1.0,15.0,13.0,14.0,Moderate,Moderate,High,High,High,High,High,High,Moderate,High,High,Moderate,Very High,High,Very High,High,High,High,High,High,High,3,2,0,1,8,1,2
142,Male,Second year,Mathematics,10-17,In the school's library,Alone,Lectures;Learning by practicing;Online courses and tutorials,Online tutorials;Online documents,No,Pressure,Teaching language,Not having a good (powerful) computer,Private life problems,2.0,3.0,5.0,5-7 hours,4.0,9.0,8.0,9.0,8.0,Lack of previous knowledge or experience in the field,You do not care about,2,1.0,15.0,13.0,14.0,High,High,High,High,Very High,High,High,High,Moderate,Moderate,High,High,Very High,High,Very High,High,High,High,High,High,High,5,2,0,1,12,0,1
143,Male,Third year,Mathematics,10-17,In your room (dorms),Alone,Learning by practicing;Project-based learning;Mind mapping and visualization,Books;YouTube videos,No,Lack of previous knowledge or experience in the field,Private life problems,Not having a good (powerful) computer,Teaching language,3.0,5.0,5.0,8 hours or more,5.0,4.0,8.0,8.0,9.0,Bad quality of internet,You do not care about,3,2.0,15.0,13.0,14.0,High,Moderate,Moderate,Moderate,High,High,High,Moderate,Moderate,Very High,High,High,Very High,High,Very High,High,High,High,High,High,High,2,6,1,0,31,0,2
144,Female,Second year,Science,18-25,In your room (dorms),Alone,"Learning by practicing, Project-based learning","Books, Online tutorials, Online documents, YouTube videos",Yes,Private life problems,Teaching language,Lack of previous knowledge or experience in the field,Not having a good (powerful) computer,3.0,4.0,5.0,5-7 hours,3.0,9.0,9.0,9.0,7.0,Bad quality of internet,You do not care about,2,1.0,15.0,13.0,14.0,High,Moderate,Moderate,Moderate,High,High,High,Moderate,Moderate,Very High,High,High,Very High,High,Very High,High,High,High,High,Very High,Moderate,3,2,6,1,8,1,2
145,Male,Second year,Mathematics,10-17,In your room (dorms),Alone,Lectures;Learning by practicing,"Books;YouTube videos;chatgpt, course slides",No,Bad quality of internet,Not having a good (powerful) computer,Teaching language,Private life problems,4.0,4.0,4.0,8 hours or more,1.0,6.0,5.0,5.0,5.0,Lack of previous knowledge or experience in the field,You do not care about,2,1.0,15.0,13.0,14.0,Moderate,High,High,High,Moderate,Moderate,High,High,Moderate,Moderate,High,Moderate,Very High,High,Very High,High,High,High,High,Very High,Moderate,2,4,1,6,8,1,2
146,Female,Second year,Mathematics,26-33,At home,Alone,"Lectures, Online courses and tutorials","Books, YouTube videos",No,Private life problems,Lack of time,Lack of time,Pressure,3.0,5.0,5.0,5-7 hours,3.0,7.0,8.0,8.0,8.0,Lack of previous knowledge or experience in the field,Positively,2,1.0,15.0,13.0,14.0,Moderate,High,High,High,Moderate,Very High,High,High,Moderate,Moderate,High,Moderate,High,High,Very High,High,High,High,High,High,High,3,2,6,1,8,1,2
147,Male,Second year,Mathematics,18-25,At home,Alone,Learning by practicing;Mind mapping and visualization;Online courses and tutorials,Books;Online documents;YouTube videos,Yes,Lack of previous knowledge or experience in the field,Not having a good (powerful) computer,Not having a good (powerful) computer,Teaching language,3.0,4.0,5.0,5-7 hours,3.0,8.0,7.0,7.0,9.0,Lack of previous knowledge or experience in the field,You do not care about,2,1.0,15.0,14.0,14.0,Very High,High,Moderate,High,Very High,High,High,High,Moderate,High,Very High,High,High,High,Very High,High,High,High,High,High,High,3,2,6,0,8,0,1
148,Female,Second year,Technical maths,18-25,At home,Alone,Learning by practicing;Online courses and tutorials,YouTube videos,No,Private life problems,Bad quality of internet,Teaching language,Not having a good (powerful) computer,1.0,5.0,2.0,5-7 hours,2.0,5.0,5.0,4.0,3.0,Lack of previous knowledge or experience in the field,You do not care about,2,1.0,15.0,14.0,14.0,Moderate,Moderate,High,High,High,High,Moderate,High,Moderate,Moderate,Moderate,High,High,High,Very High,High,High,High,High,High,High,3,2,6,1,8,0,2
149,Male,Third year,Mathematics,18-25,In your room (dorms),Alone,Lectures;Online courses and tutorials,Online tutorials;Online documents;YouTube videos,No,Bad quality of internet,Teaching language,Private life problems,Not having a good (powerful) computer,3.0,3.0,4.0,8 hours or more,3.0,7.0,7.0,7.0,8.0,Bad quality of internet,You do not care about,3,2.0,15.0,14.0,14.0,High,Moderate,High,High,High,Moderate,High,High,Moderate,High,High,High,High,High,Very High,High,High,High,High,High,High,5,2,1,4,4,1,2
150,Male,Second year,Science,10-17,In your room (dorms),Alone,"Lectures, Learning by practicing, Online courses and tutorials",YouTube videos,No,Teachers' teaching method,Teaching language,Not having a good (powerful) computer,Private life problems,3.0,4.0,4.0,5-7 hours,3.0,6.0,8.0,5.0,4.0,Bad quality of internet,You do not care about,2,1.0,15.0,14.0,14.0,High,Moderate,High,High,High,Very High,High,High,High,High,High,High,Very High,High,Very High,High,High,High,Very High,Very High,High,3,2,1,1,8,1,2
151,Male,Second year,Mathematics,26-33,In the school's library,In peer,"Lectures, Learning by practicing, Mind mapping and visualization","Online tutorials, Online documents, YouTube videos",No,Teaching language,Bad quality of internet,Private life problems,Not having a good (powerful) computer,2.0,4.0,4.0,5-7 hours,4.0,7.0,9.0,7.0,8.0,Teachers' teaching method,Negatively,2,1.0,15.0,14.0,14.0,High,Moderate,High,High,High,Very High,High,High,High,High,High,High,High,High,Very High,High,High,Very High,High,Very High,High,3,2,1,1,8,1,2
152,Female,Second year,Science,More than 41 hours,In your room (dorms),Alone,"Lectures, Learning by practicing, Project-based learning, Online courses and tutorials","Online tutorials, Online documents, YouTube videos",Yes,Teachers' teaching method,Private life problems,Bad quality of internet,Not having a good (powerful) computer,2.0,3.0,3.0,5-7 hours,4.0,4.0,4.0,6.0,5.0,Lack of previous knowledge or experience in the field,Negatively,2,1.0,15.0,14.0,14.0,High,Moderate,High,High,High,Very High,High,High,Moderate,High,High,High,High,High,Very High,High,High,High,Very High,Very High,High,2,4,7,1,8,0,2
153,Female,Second year,Mathematics,18-25,In your room (dorms),Alone,Lectures;Learning by practicing,Online tutorials;Online documents;YouTube videos,No,Lack of previous knowledge or experience in the field,Private life problems,Teaching language,Private life problems,3.0,4.0,4.0,5-7 hours,3.0,9.0,7.0,6.0,7.0,Lack of previous knowledge or experience in the field,You do not care about,2,1.0,15.0,14.0,14.0,High,Moderate,High,High,High,Very High,High,High,Moderate,High,High,High,High,High,Very High,High,High,High,Very High,Very High,High,3,2,6,0,8,1,2
154,Male,Second year,Science,10-17,At home,Alone,"Learning by practicing, Project-based learning, Mind mapping and visualization, Online courses and tutorials","Online documents, YouTube videos",No,Bad quality of internet,Teachers' teaching method,Not having a good (powerful) computer,Teaching language,2.0,2.0,3.0,5-7 hours,3.0,7.0,4.0,4.0,8.0,Private life problems,Positively,2,1.0,16.0,13.0,14.0,High,Moderate,High,High,High,High,High,High,High,High,High,High,High,Very High,Very High,Very High,Moderate,High,Very High,High,Moderate,3,1,2,1,8,0,2
155,Female,Second year,Science,18-25,In your room (dorms),Alone,"Lectures, Mind mapping and visualization, Online courses and tutorials","Books, Online tutorials, Online documents, YouTube videos",No,Teachers' teaching method,Lack of previous knowledge or experience in the field,Not having a good (powerful) computer,Teaching language,4.0,4.0,5.0,5-7 hours,3.0,7.0,6.0,6.0,6.0,Private life problems,Positively,2,1.0,16.0,13.0,14.0,High,Moderate,High,High,High,Very High,Moderate,High,Moderate,High,High,High,High,Very High,Very High,Very High,High,High,Very High,Very High,Moderate,3,2,0,1,8,1,2
156,Male,Second year,Science,18-25,In your room (dorms),Alone,Lectures;Online courses and tutorials,Books;Online tutorials;YouTube videos,No,Lack of time,Teachers' teaching method,Bad quality of internet,Private life problems,4.0,4.0,4.0,5-7 hours,5.0,6.0,9.0,8.0,9.0,Lack of previous knowledge or experience in the field,You do not care about,2,1.0,14.0,16.0,15.0,Moderate,High,Moderate,Moderate,Low,Low,High,Moderate,High,High,High,Moderate,High,Very High,Very High,Very High,High,High,Very High,Very High,Moderate,3,7,3,1,8,1,1
157,Female,Second year,Technical maths,More than 41 hours,In the school's library,In peer,"Lectures, Learning by practicing",YouTube videos,No,Teaching language,Bad quality of internet,Not having a good (powerful) computer,Private life problems,2.0,2.0,2.0,4 hours or less,1.0,6.0,7.0,3.0,9.0,Lack of time,You do not care about,2,1.0,15.0,14.0,15.0,Moderate,High,Moderate,Moderate,Low,High,High,Moderate,High,High,High,Moderate,High,High,Very High,High,High,High,Very High,High,High,1,4,6,1,8,0,2
158,Male,Second year,Mathematics,18-25,In your room (dorms),Alone,Lectures;Learning by practicing,Books;YouTube videos,No,Lack of previous knowledge or experience in the field,Not having a good (powerful) computer,Bad quality of internet,Teaching language,2.0,4.0,4.0,4 hours or less,5.0,7.0,9.0,8.0,7.0,Lack of previous knowledge or experience in the field,You do not care about,2,1.0,15.0,14.0,15.0,High,Very High,High,High,High,High,High,Very High,High,High,High,High,High,High,Very High,High,High,High,Very High,High,High,2,4,6,5,8,1,2
159,Male,Second year,Mathematics,10-17,At home,Alone,"Learning by practicing, Project-based learning","Books, Online tutorials, Online documents, YouTube videos",No,Lack of previous knowledge or experience in the field,Bad quality of internet,Not having a good (powerful) computer,Teaching language,2.0,4.0,3.0,8 hours or more,3.0,7.0,7.0,7.0,7.0,Pressure,You do not care about,2,1.0,15.0,14.0,15.0,High,Very High,High,High,High,High,High,Very High,Moderate,High,High,High,High,High,Very High,Very High,High,High,Very High,Very High,High,4,2,6,1,8,1,2
160,Male,Third year,Science,10-17,In your room (dorms),In peer,Lectures;Learning by practicing;Project-based learning,Online documents;Slides,No,Teachers' teaching method,Teachers' teaching method,Teachers' teaching method,Bad quality of internet,3.0,4.0,4.0,5-7 hours,5.0,8.0,8.0,8.0,7.0,Bad quality of internet,You do not care about,3,2.0,15.0,15.0,15.0,High,High,High,High,High,High,High,Very High,High,High,Moderate,High,High,High,Very High,Very High,High,High,Very High,Very High,High,3,2,6,0,4,1,2
161,Male,Second year,Technical maths,26-33,In your room (dorms),Alone,Learning by practicing;Online courses and tutorials,Online tutorials;Online documents;YouTube videos,No,Bad quality of internet,Teachers' teaching method,Teachers' teaching method,Teachers' teaching method,3.0,4.0,5.0,5-7 hours,4.0,7.0,8.0,8.0,8.0,Lack of previous knowledge or experience in the field,You do not care about,2,1.0,15.0,15.0,15.0,High,Moderate,Very High,Moderate,High,High,High,High,High,Very High,Moderate,High,High,High,Very High,Very High,High,High,Very High,Very High,High,3,2,2,1,8,1,2
162,Male,Third year,Mathematics,10-17,In your room (dorms),In peer,Lectures;Learning by practicing;Project-based learning,Online documents;Lectures,No,Pressure,Bad quality of internet,Private life problems,Teachers' teaching method,3.0,4.0,4.0,5-7 hours,4.0,6.0,8.0,8.0,9.0,Bad quality of internet,You do not care about,3,2.0,15.0,15.0,15.0,Very High,Very High,Very High,Moderate,High,High,High,High,High,Very High,Moderate,High,High,High,Very High,Very High,High,High,Very High,Very High,High,5,4,2,1,11,1,0
163,Male,Second year,Mathematics,18-25,In the school's library,Alone,"Project-based learning, Online courses and tutorials",YouTube videos,No,Pressure,Not having a good (powerful) computer,Private life problems,Teaching language,2.0,3.0,3.0,5-7 hours,1.0,2.0,6.0,4.0,5.0,Lack of previous knowledge or experience in the field,You do not care about,2,1.0,15.0,15.0,15.0,Very High,Very High,Very High,Moderate,High,High,Very High,High,High,Very High,Moderate,High,Very High,High,Very High,High,High,High,Very High,Very High,High,5,0,2,1,8,0,2
164,Female,Second year,Mathematics,10-17,In the school's library,In peer,Lectures;Learning by practicing;Project-based learning;Mind mapping and visualization;Online courses and tutorials,YouTube videos;Private courses,No,Lack of previous knowledge or experience in the field,Not having a good (powerful) computer,Private life problems,Teaching language,3.0,4.0,4.0,8 hours or more,2.0,3.0,5.0,5.0,7.0,Lack of previous knowledge or experience in the field,You do not care about,2,1.0,15.0,15.0,15.0,Moderate,High,Very High,Moderate,Moderate,High,High,High,Moderate,Moderate,Moderate,Moderate,Very High,High,Very High,High,High,High,Very High,Very High,High,5,2,0,4,8,1,2
165,Female,Second year,Science,10-17,In your room (dorms),Alone,Mind mapping and visualization;Online courses and tutorials,Online tutorials;Online documents;YouTube videos,No,Not having a good (powerful) computer,Lack of previous knowledge or experience in the field,Teaching language,Private life problems,3.0,4.0,4.0,8 hours or more,4.0,9.0,7.0,7.0,6.0,Lack of previous knowledge or experience in the field,You do not care about,2,1.0,15.0,15.0,15.0,High,High,High,Very High,Very High,High,High,Very High,Moderate,High,High,High,Very High,High,Very High,High,High,High,Very High,Very High,High,2,4,0,6,8,0,0
166,Male,Second year,Technical maths,More than 41,In the school's library,Alone,Learning by practicing;Project-based learning;Online courses and tutorials,Books;Online tutorials;YouTube videos,No,Bad quality of internet,Not having a good (powerful) computer,Teaching language,Private life problems,3.0,4.0,5.0,5-7 hours,3.0,9.0,9.0,8.0,7.0,Lack of previous knowledge or experience in the field,You do not care about,2,1.0,15.0,15.0,15.0,High,High,Very High,High,High,High,High,High,Moderate,High,High,High,Very High,High,Very High,High,High,High,Very High,Very High,High,2,4,6,1,8,1,1
167,Male,Second year,Science,10-17,In your room (dorms),In peer,Lectures;Learning by practicing,YouTube videos,Yes,Pressure,Pressure,Pressure,Pressure,3.0,3.0,3.0,5-7 hours,5.0,7.0,6.0,6.0,7.0,Lack of previous knowledge or experience in the field,You do not care about,2,2.0,15.0,15.0,15.0,Moderate,Moderate,Moderate,Moderate,Moderate,High,Moderate,Moderate,Moderate,Moderate,Moderate,Very High,Very High,High,Very High,High,High,High,Very High,Very High,High,3,4,2,4,32,0,2
168,Female,Second year,Mathematics,34-41,In the school's library,Alone,Lectures;Project-based learning;Mind mapping and visualization;Online courses and tutorials,Books;Online tutorials;Online documents;YouTube videos,No,Not having a good (powerful) computer,Lack of previous knowledge or experience in the field,Private life problems,Teaching language,2.0,4.0,5.0,5-7 hours,3.0,8.0,9.0,8.0,9.0,Lack of previous knowledge or experience in the field,You do not care about,2,1.0,15.0,15.0,15.0,High,High,Moderate,Very High,Moderate,Moderate,High,High,High,Moderate,Very High,Moderate,Very High,High,Very High,High,High,High,Very High,Very High,High,2,6,0,4,17,1,2
169,Male,Second year,Science,18-25,In your room (dorms),Alone,Lectures;Learning by practicing;Mind mapping and visualization,Books;Online documents;YouTube videos,Yes,Teachers' teaching method,Bad quality of internet,Not having a good (powerful) computer,Lack of previous knowledge or experience in the field,3.0,5.0,5.0,8 hours or more,3.0,6.0,8.0,9.0,9.0,Lack of previous knowledge or experience in the field,You do not care about,2,1.0,15.0,15.0,15.0,High,Moderate,High,High,Moderate,Moderate,Moderate,High,High,High,Low,Moderate,Very High,High,Very High,High,High,High,Very High,Very High,High,3,2,5,7,8,1,2
170,Female,Second year,Science,26-33,In your room (dorms),Alone,"Lectures, Learning by practicing, Project-based learning, Online courses and tutorials","Books, Online documents, YouTube videos",Yes,Lack of time,Teachers' teaching method,Bad quality of internet,Not having a good (powerful) computer,4.0,5.0,5.0,5-7 hours,3.0,7.0,6.0,6.0,6.0,Teaching language,Positively,2,1.0,15.0,15.0,15.0,High,Moderate,High,High,Moderate,Very High,Very High,High,Moderate,High,Low,Moderate,Very High,High,High,High,High,High,Very High,Very High,Moderate,1,4,5,1,8,1,2
171,Female,Third year,Science,34-41,In the school's library,With a group,Lectures;Learning by practicing;Project-based learning;Mind mapping and visualization,Online documents;YouTube videos;Chatgpt,No,Lack of previous knowledge or experience in the field,Not having a good (powerful) computer,Private life problems,Not having a good (powerful) computer,2.0,3.0,3.0,5-7 hours,2.0,7.0,5.0,5.0,4.0,Bad quality of internet,You do not care about,3,2.0,16.0,14.0,15.0,High,Moderate,High,High,Very High,High,Moderate,High,Moderate,Very High,Moderate,Moderate,Very High,High,High,High,High,High,Very High,Very High,Moderate,2,4,0,6,4,0,0
172,Female,Second year,Science,34-41,In your room (dorms),With a group,"Lectures, Learning by practicing, Online courses and tutorials","Books, Online tutorials, Online documents, YouTube videos",No,Bad quality of internet,Teaching language,Not having a good (powerful) computer,Private life problems,3.0,3.0,3.0,5-7 hours,2.0,8.0,7.0,5.0,6.0,Teachers' teaching method,Negatively,2,1.0,16.0,14.0,15.0,High,Moderate,High,High,Very High,Very High,High,High,High,Very High,Moderate,Moderate,Very High,Very High,Very High,High,High,High,Very High,High,High,3,2,1,1,8,0,2
173,Female,Third year,Science,18-25,In the school's library,Alone,Lectures;Learning by practicing;Project-based learning;Online courses and tutorials,YouTube videos;ChatGpt,No,Lack of time,Teachers' teaching method,Not having a good (powerful) computer,Teaching language,3.0,5.0,5.0,8 hours or more,1.0,7.0,7.0,6.0,5.0,Bad quality of internet,You do not care about,3,2.0,16.0,14.0,15.0,High,High,Moderate,High,Very High,Very High,High,High,Moderate,Very High,Moderate,Very High,Very High,Very High,Very High,High,High,High,Very High,High,High,4,0,1,4,4,1,2
174,Female,Second year,Mathematics,10-17,In your room (dorms),Alone,"Learning by practicing, Project-based learning, Online courses and tutorials",YouTube videos,Yes,Lack of previous knowledge or experience in the field,Teachers' teaching method,Teaching language,Not having a good (powerful) computer,1.0,1.0,1.0,8 hours or more,3.0,8.0,8.0,5.0,6.0,Lack of time,Positively,2,1.0,16.0,15.0,15.0,High,High,Moderate,High,Very High,High,Very High,High,Moderate,Very High,Moderate,Very High,Very High,Very High,Very High,High,Very High,Very High,Very High,Very High,High,4,4,0,1,8,0,2
175,Female,Fourth year,Mathematics,10-17,In your room (dorms),Alone,Lectures;Learning by practicing;Project-based learning;Online courses and tutorials,Books;Online tutorials;Online documents;YouTube videos,Yes,Lack of previous knowledge or experience in the field,Lack of previous knowledge or experience in the field,Teachers' teaching method,Teaching language,3.0,4.0,5.0,8 hours or more,3.0,9.0,8.0,8.0,8.0,Unknown,Unknown,4,3.0,16.0,15.0,15.0,Very High,High,High,High,High,Very High,Very High,High,Very High,Very High,Very High,High,Very High,Very High,Very High,High,Very High,Very High,Very High,Very High,High,4,0,8,2,30,1,1
176,Male,Third year,Science,18-25,In your room (dorms),Alone,Project-based learning;Online courses and tutorials,Books,No,Teaching language,Teachers' teaching method,Not having a good (powerful) computer,Private life problems,3.0,3.0,4.0,5-7 hours,4.0,8.0,7.0,5.0,8.0,Bad quality of internet,You do not care about,3,2.0,17.0,14.0,15.0,High,High,High,High,Very High,High,High,High,High,High,Moderate,Very High,Very High,Very High,Very High,High,Very High,Very High,Very High,Very High,High,2,4,0,1,9,1,1
177,Male,Fourth year,Technical maths,18-25,In the school's library,Alone,Lectures;Learning by practicing;Project-based learning,Books;Online documents;Private courses,No,Lack of previous knowledge or experience in the field,Private life problems,Teaching language,Not having a good (powerful) computer,4.0,5.0,5.0,8 hours or more,4.0,9.0,9.0,7.0,6.0,Unknown,Unknown,4,3.0,14.0,17.0,16.0,High,High,High,High,Very High,High,High,High,High,High,Moderate,Very High,Very High,Very High,Very High,High,Very High,Very High,Very High,Very High,High,2,4,6,0,21,1,1
178,Male,Third year,Mathematics,10-17,At home,Alone,Learning by practicing,Books;Online documents,No,Lack of previous knowledge or experience in the field,Not having a good (powerful) computer,Teaching language,Bad quality of internet,3.0,4.0,3.0,8 hours or more,4.0,8.0,8.0,8.0,9.0,Bad quality of internet,You do not care about,3,2.0,16.0,15.0,16.0,Very High,Very High,High,High,Very High,High,Very High,High,Moderate,Very High,High,Very High,Very High,Very High,Very High,High,Very High,Very High,Very High,Very High,High,2,6,5,4,4,1,2
179,Male,Second year,Mathematics,18-25,At home,Alone,Lectures;Learning by practicing;Online courses and tutorials,Online tutorials;Online documents;YouTube videos,Yes,Teachers' teaching method,Teaching language,Bad quality of internet,Private life problems,3.0,4.0,5.0,5-7 hours,4.0,9.0,9.0,9.0,9.0,Lack of previous knowledge or experience in the field,You do not care about,2,1.0,16.0,16.0,16.0,Very High,High,Very High,High,Very High,High,High,High,High,Very High,Very High,Very High,Very High,Very High,Very High,High,Very High,Very High,Very High,Very High,High,2,4,3,1,8,0,2
180,Male,Third year,Science,34-41,In your room (dorms),Alone,Learning by practicing;Project-based learning,Online documents,No,Lack of previous knowledge or experience in the field,Not having a good (powerful) computer,Bad quality of internet,Teaching language,2.0,3.0,4.0,8 hours or more,4.0,8.0,6.0,6.0,7.0,Bad quality of internet,You do not care about,3,2.0,16.0,16.0,16.0,Very High,High,Very High,High,Very High,High,Very High,High,High,Very High,Very High,Very High,Very High,Very High,Very High,High,Very High,Very High,Very High,Very High,High,3,2,6,5,4,1,1
181,Male,Second year,Mathematics,10-17,In your room (dorms),Alone,"Learning by practicing, Mind mapping and visualization",Online documents,No,Not having a good (powerful) computer,Pressure,Lack of previous knowledge or experience in the field,Teaching language,1.0,3.0,4.0,5-7 hours,5.0,8.0,7.0,7.0,8.0,Private life problems,Positively,2,1.0,16.0,16.0,16.0,Very High,High,Very High,High,Very High,High,Very High,High,High,Very High,Very High,Very High,Very High,Very High,Very High,High,High,High,Very High,Very High,High,5,0,2,1,8,0,2
182,Female,Second year,Mathematics,26-33,In the school's library,Alone,Lectures;Learning by practicing;Mind mapping and visualization,Online documents;YouTube videos,No,Private life problems,Teaching language,Bad quality of internet,Not having a good (powerful) computer,3.0,4.0,4.0,8 hours or more,3.0,9.0,8.0,8.0,7.0,Lack of previous knowledge or experience in the field,You do not care about,2,1.0,16.0,16.0,16.0,High,High,Very High,High,High,Moderate,High,Very High,High,Very High,High,Moderate,Very High,Very High,Very High,High,High,High,Very High,Very High,High,3,2,1,6,8,0,2
183,Male,Third year,Science,26-33,In your room (dorms),Alone,Learning by practicing;Mind mapping and visualization;Online courses and tutorials,Books;Online documents,No,Lack of previous knowledge or experience in the field,Private life problems,Teaching language,Not having a good (powerful) computer,2.0,4.0,5.0,5-7 hours,3.0,8.0,8.0,8.0,7.0,Bad quality of internet,You do not care about,3,2.0,16.0,17.0,16.0,High,Very High,High,High,High,Moderate,Very High,Very High,High,Very High,High,Moderate,Very High,Very High,Very High,High,High,High,Very High,Very High,High,2,4,0,6,4,1,1
184,Male,Second year,Science,18-25,In your room (dorms),Alone,Learning by practicing,"Books, Online documents",No,Pressure,Not having a good (powerful) computer,Private life problems,Teaching language,2.0,4.0,4.0,8 hours or more,3.0,8.0,9.0,9.0,8.0,Bad quality of internet,Negatively,2,1.0,16.0,17.0,16.0,High,Very High,High,High,High,Very High,Very High,Very High,High,Very High,High,Moderate,Very High,Very High,Very High,High,High,Very High,Very High,Very High,Very High,2,1,6,1,8,0,2
185,Male,Second year,Mathematics,18-25,In the school's library,Alone,Lectures,Books,No,Teachers' teaching method,Lack of previous knowledge or experience in the field,Teaching language,Not having a good (powerful) computer,3.0,4.0,5.0,5-7 hours,4.0,8.0,8.0,8.0,9.0,Lack of previous knowledge or experience in the field,You do not care about,2,1.0,16.0,17.0,16.0,High,Very High,High,High,High,Very High,Very High,Very High,High,Very High,High,Moderate,Very High,Very High,Very High,High,High,Very High,Very High,Very High,Very High,2,5,4,0,8,1,2
186,Male,Second year,Mathematics,18-25,At home,Alone,"Lectures, Learning by practicing, Project-based learning, Online courses and tutorials","Books, Online tutorials, Online documents, YouTube videos",No,Bad quality of internet,Bad quality of internet,Not having a good (powerful) computer,Private life problems,1.0,1.0,5.0,8 hours or more,3.0,6.0,5.0,5.0,4.0,Lack of previous knowledge or experience in the field,Negatively,2,1.0,17.0,16.0,16.0,High,Very High,High,High,High,High,Very High,Very High,High,Very High,High,Moderate,Very High,Very High,Very High,Very High,Very High,Very High,Very High,Very High,High,5,4,2,1,8,0,2
187,Female,Second year,Mathematics,26-33,In the dorms' library,Alone,"Lectures, Learning by practicing, Project-based learning, Mind mapping and visualization","Books, Online documents",No,Lack of time,Teaching language,Not having a good (powerful) computer,Lack of previous knowledge or experience in the field,1.0,4.0,5.0,8 hours or more,3.0,9.0,7.0,7.0,8.0,Private life problems,Negatively,2,1.0,17.0,16.0,17.0,High,Very High,High,High,High,Very High,Very High,Very High,Very High,Very High,High,Moderate,Very High,Very High,Very High,High,Very High,Very High,Very High,Very High,Very High,5,4,0,1,8,0,2
188,Male,Second year,Mathematics,34-41,In the school's library,Alone,Learning by practicing;Project-based learning;Online courses and tutorials,Books;Online tutorials;YouTube videos;chatgpt,Yes,Lack of previous knowledge or experience in the field,Teaching language,Not having a good (powerful) computer,Bad quality of internet,3.0,3.0,4.0,5-7 hours,4.0,7.0,8.0,7.0,9.0,Lack of previous knowledge or experience in the field,You do not care about,2,1.0,17.0,17.0,17.0,Very High,High,Very High,High,High,Moderate,High,High,High,High,Very High,High,Very High,Very High,Very High,High,Very High,Very High,Very High,Very High,Very High,3,5,2,6,27,1,1
189,Female,Second year,Mathematics,26-33,In the school's library,With a group,"Lectures, Learning by practicing, Project-based learning, Mind mapping and visualization, Interactive workshops, Online courses and tutorials","Online tutorials, Online documents, YouTube videos",No,Private life problems,Pressure,Not having a good (powerful) computer,Teachers' teaching method,3.0,4.0,5.0,8 hours or more,3.0,7.0,8.0,8.0,8.0,Pressure,Positively,2,1.0,17.0,17.0,17.0,Very High,High,Very High,High,High,Very High,Very High,High,High,High,Very High,High,Very High,Very High,Very High,Very High,Very High,Very High,Very High,Very High,Very High,2,7,0,1,8,0,2
190,Female,Second year,Mathematics,18-25,In your room (dorms),Alone,"Learning by practicing, Mind mapping and visualization, Interactive workshops","Books, Online tutorials, Online documents, YouTube videos",Yes,Private life problems,Teaching language,Lack of previous knowledge or experience in the field,Not having a good (powerful) computer,2.0,3.0,5.0,5-7 hours,4.0,8.0,8.0,7.0,9.0,Pressure,You do not care about,2,1.0,17.0,18.0,17.0,Very High,High,Very High,High,High,High,Very High,High,Very High,High,Very High,High,Very High,Very High,Very High,Very High,High,Very High,Very High,Very High,Very High,5,2,0,1,8,1,2
191,Female,Third year,Mathematics,10-17,In your room (dorms),Alone,Lectures;Learning by practicing;Project-based learning,Books;Online tutorials;Online documents,Yes,Lack of previous knowledge or experience in the field,Pressure,Not having a good (powerful) computer,Teaching language,3.0,4.0,5.0,5-7 hours,3.0,8.0,7.0,6.0,7.0,Bad quality of internet,You do not care about,3,2.0,17.0,18.0,17.0,Very High,High,Very High,High,High,High,Very High,High,Very High,High,Very High,High,Very High,Very High,Very High,Very High,High,Very High,Very High,Very High,Very High,2,0,5,6,4,1,2
192,Female,First year,Mathematics,34-41,In your room (dorms),Alone,Lectures;Learning by practicing,Online tutorials;Online documents;YouTube videos,Yes,Teaching language,Lack of previous knowledge or experience in the field,Private life problems,Not having a good (powerful) computer,4.0,5.0,5.0,8 hours or more,4.0,6.0,6.0,6.0,3.0,Lack of previous knowledge or experience in the field,You do not care about,1,1.0,6.0,18.0,17.0,Very High,High,Very High,High,High,High,Very High,High,Very High,High,Very High,High,Very High,Very High,Very High,Very High,High,Very High,Very High,Very High,Very High,3,2,6,0,1,0,1
193,Female,First year,Mathematics,26-33,In the school's library,Alone,Learning by practicing,Online documents;YouTube videos,Yes,Lack of time,Private life problems,Not having a good (powerful) computer,Lack of time,3.0,5.0,4.0,8 hours or more,3.0,5.0,4.0,3.0,5.0,Lack of previous knowledge or experience in the field,You do not care about,1,1.0,10.0,18.0,17.0,Very High,High,Very High,High,High,High,Very High,High,Very High,High,Very High,High,Very High,Very High,Very High,Very High,High,Very High,Very High,Very High,Very High,0,6,1,4,6,0,2
194,Female,First year,Mathematics,10-17,In the school's library,In peer,Learning by practicing,Online tutorials;YouTube videos,Yes,Bad quality of internet,Not having a good (powerful) computer,Teaching language,Private life problems,2.0,3.0,4.0,5-7 hours,2.0,7.0,9.0,10.0,6.0,Lack of previous knowledge or experience in the field,You do not care about,1,1.0,10.0,18.0,17.0,Very High,High,Very High,High,High,High,Very High,High,Very High,High,Very High,High,Very High,Very High,Very High,Very High,High,Very High,Very High,Very High,Very High,1,6,2,4,25,0,1
195,Female,Second year,Science,18-25,In the school's library,Alone,Learning by practicing;Project-based learning,Books;YouTube videos,No,Bad quality of internet,Teaching language,Not having a good (powerful) computer,Private life problems,2.0,2.0,4.0,5-7 hours,3.0,8.0,8.0,7.0,7.0,Lack of previous knowledge or experience in the field,You do not care about,2,1.0,11.0,10.0,17.0,Low,Moderate,Moderate,Moderate,High,High,Moderate,High,Low,Low,Low,High,Very High,Very High,Very High,Very High,High,Very High,Very High,Very High,Very High,3,2,6,1,8,1,1
196,Female,Second year,Technical maths,10-17,In the dorms' library,With a group,Lectures,Books;Online tutorials;Online documents,No,Lack of time,Teachers' teaching method,Lack of previous knowledge or experience in the field,Not having a good (powerful) computer,3.0,1.0,4.0,8 hours or more,1.0,10.0,5.0,7.0,6.0,Lack of previous knowledge or experience in the field,You do not care about,2,1.0,11.0,10.0,17.0,High,Moderate,Low,Moderate,Very High,Very High,Low,High,Low,Low,Moderate,Very High,Very High,Very High,Very High,Very High,High,Very High,Very High,Very High,Very High,3,5,7,0,8,1,2
197,Male,Second year,Technical maths,18-25,In your room (dorms),In peer,Lectures;Learning by practicing,Online tutorials;YouTube videos,No,Teachers' teaching method,Bad quality of internet,Teaching language,Not having a good (powerful) computer,3.0,4.0,4.0,5-7 hours,4.0,8.0,6.0,7.0,7.0,Lack of previous knowledge or experience in the field,You do not care about,2,1.0,11.0,12.0,17.0,Moderate,Moderate,Moderate,Moderate,High,Moderate,Moderate,Moderate,Moderate,High,High,High,Very High,Very High,Very High,Very High,High,Very High,Very High,Very High,Very High,4,4,2,1,8,0,1
198,Female,Second year,Mathematics,10-17,At home,Alone,Learning by practicing,Books;Online tutorials;Online documents;YouTube videos,No,Private life problems,Bad quality of internet,Not having a good (powerful) computer,Teaching language,2.0,2.0,3.0,5-7 hours,3.0,9.0,4.0,2.0,5.0,Lack of previous knowledge or experience in the field,You do not care about,2,1.0,11.0,12.0,17.0,Moderate,Moderate,Moderate,Moderate,High,Moderate,Moderate,Moderate,Moderate,High,High,High,Very High,Very High,Very High,Very High,High,Very High,Very High,Very High,Very High,2,4,1,6,22,1,2
199,Female,Second year,Science,10-17,In the school's library,Alone,Lectures,Books;Online documents,No,Pressure,Private life problems,Not having a good (powerful) computer,Teaching language,3.0,3.0,4.0,8 hours or more,4.0,4.0,8.0,8.0,7.0,Lack of previous knowledge or experience in the field,You do not care about,2,1.0,12.0,11.0,17.0,Moderate,High,Low,High,High,Moderate,Moderate,High,Moderate,High,Low,High,Very High,Very High,Very High,Very High,High,Very High,Very High,Very High,Very High,2,6,1,0,8,0,0
200,Male,Second year,Science,10-17,In your room (dorms),Alone,Lectures;Learning by practicing,Online documents;YouTube videos,Yes,Pressure,Teaching language,Bad quality of internet,Not having a good (powerful) computer,4.0,3.0,3.0,5-7 hours,3.0,8.0,8.0,6.0,5.0,Lack of previous knowledge or experience in the field,You do not care about,2,1.0,12.0,12.0,17.0,Moderate,High,Low,High,High,Moderate,Moderate,High,Moderate,High,Low,High,Very High,Very High,Very High,Very High,High,Very High,Very High,Very High,Very High,2,5,6,1,8,0,1
201,Female,Second year,Science,18-25,In the school's library,Alone,Learning by practicing;Mind mapping and visualization;Interactive workshops;Online courses and tutorials,Online tutorials;YouTube videos;Private courses,Yes,Teachers' teaching method,Not having a good (powerful) computer,Teaching language,Pressure,2.0,4.0,5.0,5-7 hours,4.0,8.0,7.0,6.0,6.0,Lack of previous knowledge or experience in the field,You do not care about,2,1.0,13.0,11.0,17.0,High,Moderate,High,Moderate,High,High,Moderate,High,Moderate,Low,Moderate,High,Very High,Very High,Very High,Very High,High,Very High,Very High,Very High,Very High,0,1,2,5,5,1,1
202,Male,First year,Mathematics,10-17,In your room (dorms),Alone,Learning by practicing,Books,No,Lack of previous knowledge or experience in the field,Bad quality of internet,Not having a good (powerful) computer,Teachers' teaching method,3.0,3.0,3.0,5-7 hours,3.0,5.0,6.0,4.0,9.0,Lack of previous knowledge or experience in the field,You do not care about,1,1.0,15.0,11.0,17.0,High,Moderate,High,Moderate,High,High,Moderate,High,Moderate,Low,Moderate,High,Very High,Very High,Very High,Very High,High,Very High,Very High,Very High,Very High,2,4,7,5,1,0,2
203,Male,Third year,Science,18-25,In your room (dorms),Alone,Learning by practicing;Mind mapping and visualization;Online courses and tutorials,Books;Online tutorials;Online documents,Yes,Bad quality of internet,Teaching language,Not having a good (powerful) computer,Lack of previous knowledge or experience in the field,3.0,5.0,4.0,5-7 hours,3.0,6.0,9.0,9.0,8.0,Bad quality of internet,You do not care about,3,2.0,16.0,13.0,17.0,High,Moderate,High,Moderate,High,High,Moderate,High,Moderate,Low,Moderate,High,Very High,Very High,Very High,Very High,High,Very High,Very High,Very High,Very High,4,6,2,4,4,1,1
204,Male,Second year,Mathematics,18-25,In your room (dorms),Alone,Lectures,Books,No,Teaching language,Not having a good (powerful) computer,Bad quality of internet,Private life problems,1.0,2.0,3.0,8 hours or more,2.0,4.0,9.0,9.0,6.0,Lack of previous knowledge or experience in the field,You do not care about,2,1.0,16.0,15.0,17.0,High,Very High,High,Very High,High,High,Very High,High,Moderate,High,High,Moderate,Very High,Very High,Very High,Very High,High,Very High,Very High,Very High,Very High,5,2,4,1,8,0,2
205,Female,Third year,Science,18-25,In your room (dorms),Alone,Lectures;Online courses and tutorials,YouTube videos,No,Private life problems,Teaching language,Private life problems,Not having a good (powerful) computer,2.0,4.0,4.0,5-7 hours,2.0,6.0,5.0,4.0,7.0,Bad quality of internet,You do not care about,3,2.0,16.0,15.0,17.0,Moderate,Moderate,Moderate,Moderate,High,High,High,Low,Moderate,High,High,High,Very High,Very High,Very High,Very High,High,Very High,Very High,Very High,Very High,2,1,6,0,4,1,1
206,Male,Second year,Science,18-25,In your room (dorms),With a group,Lectures;Learning by practicing;Mind mapping and visualization,Books;Online tutorials;YouTube videos,No,Teaching language,Not having a good (powerful) computer,Private life problems,Teachers' teaching method,3.0,3.0,2.0,5-7 hours,3.0,6.0,4.0,4.0,6.0,Lack of previous knowledge or experience in the field,You do not care about,2,1.0,16.0,15.0,17.0,Moderate,Moderate,Moderate,Low,Moderate,High,Moderate,High,Moderate,Moderate,Moderate,High,Very High,Very High,Very High,Very High,High,Very High,Very High,Very High,Very High,3,2,1,0,8,1,1
207,Female,Second year,Mathematics,10-17,In your room (dorms),Alone,Learning by practicing;Mind mapping and visualization,Online tutorials;Online documents;YouTube videos,No,Lack of time,Bad quality of internet,Not having a good (powerful) computer,Teaching language,3.0,1.0,4.0,5-7 hours,1.0,8.0,5.0,6.0,7.0,Lack of previous knowledge or experience in the field,You do not care about,2,1.0,16.0,15.0,17.0,Moderate,Moderate,Low,High,Very High,High,Moderate,High,Moderate,High,High,High,Very High,Very High,Very High,Very High,High,Very High,Very High,Very High,Very High,4,4,1,6,8,0,0
208,Female,Second year,Mathematics,18-25,In your room (dorms),Alone,Learning by practicing;Mind mapping and visualization;Online courses and tutorials,Online tutorials;YouTube videos,Yes,Teachers' teaching method,Bad quality of internet,Not having a good (powerful) computer,Teaching language,2.0,3.0,4.0,5-7 hours,2.0,7.0,3.0,7.0,7.0,Lack of previous knowledge or experience in the field,You do not care about,2,1.0,16.0,15.0,17.0,Moderate,Very Low,Very Low,Moderate,High,Moderate,Very Low,High,High,Low,Moderate,High,Very High,Very High,Very High,Very High,High,Very High,Very High,Very High,Very High,3,2,1,5,8,0,0
209,Female,Third year,Mathematics,10-17,In your room (dorms),Alone,Learning by practicing;Mind mapping and visualization,Online documents;YouTube videos;Course material,No,Pressure,Private life problems,Teaching language,Not having a good (powerful) computer,3.0,3.0,3.0,5-7 hours,4.0,10.0,7.0,8.0,7.0,Bad quality of internet,You do not care about,3,2.0,16.0,15.0,17.0,High,Moderate,Very Low,Moderate,Very High,Moderate,Moderate,High,Moderate,High,Low,Very High,Very High,Very High,Very High,Very High,High,Very High,Very High,Very High,Very High,0,2,6,1,4,1,2
210,Female,Fourth year,Mathematics,More than 41,In your room (dorms),Alone,Learning by practicing;Project-based learning;Online courses and tutorials,Books;Online tutorials;Online documents,No,Pressure,Lack of previous knowledge or experience in the field,Teaching language,Private life problems,2.0,2.0,3.0,5-7 hours,3.0,7.0,7.0,7.0,6.0,Unknown,Unknown,4,3.0,16.0,15.0,17.0,Moderate,Moderate,Very Low,Moderate,Very High,Moderate,Moderate,High,Moderate,Moderate,Low,Very High,Very High,Very High,Very High,Very High,High,Very High,Very High,Very High,Very High,5,3,2,0,21,0,2
