Timestamp,What is your gender : ,In which year of your studies are you currently enrolled:,What was your BAC specialty :,How many hours per week do you spend studying (personnal efforts):,Where do you prefer to study:,You prefer to study: ,What learning methods do help you understand better: ,What types of resources do you use most:_x,Do you use a planer or a schedule in your revisions :_x,"For the next 8 questions you will have a list of problems (obstacles) classify them according to how much they influence your studies:
1. First :_x",2. Second :,3. Third :,4. Fourth :,5. Fifth :,6. Sixth :,7. Seventh :,8. Eighth :,Other problems that you face:,Rate your satisfaction  with the school's program: ,Do you engage in any external activities (not related to the study field): ,Your level of motivation for joining ENSIA:,How much do you like the field of Artificial Intelligence :_x,How do other's feedback influence you:,How many hours do you sleep :,How well do you handle stress and pressure : ,"In a scale of 1 to 10 how do you rate your level in the following fields:
1. English:_x",2. Programming:_x,3. Computer science: ,4. Mathematics:,1Y_Average S1_x,1Y_Average S2_x,1Y_Average_x,2Y_Average S1_x,2Y_Average S2_x,2Y_Average_x,3Y_Average S1,3Y_Average S2,3Y_Average,1Y_Foundational Mathematics,1Y_DSA1,1Y_Digital Systems,1Y_Information Technology Essentials,1Y_English 1,1Y_CPSCT_x,1Y_OOP_x,1Y_Introduction to Linux,1Y_Linear Algebra_x,1Y_Mathematical Analysis 1,1Y_Introduction to Statistics,1Y_English 2,2Y_DSA 2,2Y_Logic_x,2Y_Mathematical Analysis 2,2Y_Databases,2Y_Probability,2Y_Web Development,2Y_Introduction to Business,2Y_Theory of Computing,2Y_Operating Systems,2Y_Computer Architecture,2Y_Statistical Inference,2Y_Introduction to AI,2Y_Mathematical Analysis 3,2Y_Electronic Circuits Labs,3Y_Data Mining,3Y_Operations Research,3Y_Stochastic,3Y_Software Engineering,3Y_Networks and Protocols,3Y_Mobile Development,3Y_Entrepreneurship and Innovation,3Y_Machine Learning,3Y_Numerical Methods and Optimisation,3Y_Time Series,3Y_Advanced Databases,3Y_Computer and network Security,1Y_Foundational Mathematics.1,1Y_DSA1.1,1Y_Digital Systems.1,1Y_Information Technology Essentials.1,1Y_English 1.1,1Y_CPSCT.1,1Y_OOP.1,1Y_Introduction to Linux.1,1Y_Linear Algebra.1,1Y_Mathematical Analysis 1.1,1Y_Introduction to Statistics.1,1Y_English 2.1,2Y_DSA 2.1,2Y_Logic.1,2Y_Mathematical Analysis 2.1,2Y_Databases.1,2Y_Probability.1,2Y_Web Development.1,2Y_Introduction to Business.1,2Y_Theory of Computing.1,2Y_Operating Systems.1,2Y_Computer Architecture.1,2Y_Statistical Inference.1,2Y_Introduction to AI.1,2Y_Mathematical Analysis 3.1,2Y_Electronic Circuits Labs.1,1Y_Foundational Mathematics.2,1Y_DSA1.2,1Y_Digital Systems.2,1Y_Information Technology Essentials.2,1Y_English 1.2,1Y_CPSCT.2,1Y_OOP.2,1Y_Introduction to Linux.2,1Y_Linear Algebra.2,1Y_Mathematical Analysis 1.2,1Y_Introduction to Statistics.2,1Y_English 2.2,You prefer to study:,What learning methods do help you understand better:,What types of resources do you use most:_y,Do you use a planer or a schedule in your revisions :_y,"For the next 8 questions you will have a list of problems (obstacles) classify them according to how much they influence your studies:
1. First :_y",2. Second:,3. Third:,4. Forth:,5. Fifth:,6. sixth:,7. seventh:,8. eighth,Rate your satisfaction with the school's program:,Do you engage in any external activities (not related to the study field):,Your level of motivation for joining ENSIA,How much do you like the field of Artificial Intelligence :_y,How do others' feedbacks influence you:,How many hours do you sleep,How well do you handle stress and pressure :,"In a scale of 1 to 10 how do you rate your level in the following fields:
1. English:_y",2. Programming:_y,3. Computer science:,4. Mathematics,1Y_Intensive english,1Y_Seminar,1Y_CPSCT_y,1Y_Analysis I,1Y_Algebra,1Y_A. Com. I,1Y_Average S1_y,1Y_Intro. Prog. C++,1Y_Analysis II,1Y_A. Com. II,1Y_OOP_y,1Y_Linear Algebra_y,1Y_Proba Stat,1Y_Average S2_y,1Y_Average_y,2Y_Analysis III,2Y_DSA,2Y_Archi 1,2Y_Logic_y,2Y_Complexity,2Y_Proba Stat II,2Y_Lin. Alg II,2Y_DataBases,2Y_Average S1_y,2Y_Intro AI,2Y_Oper. res,2Y_Archi II,2Y_Oper. Syst,2Y_Soft. Eng.,2Y_Web Prog.,2Y_Intro. Busin.,2Y_Average S2_y,2Y_Average_y,Your level of motivation for joining ENSIA:_log,How well do you handle stress and pressure : _log,1Y_Average S1_x_log,1Y_Average S2_x_log,1Y_Average_x_log,2Y_Average S1_x_log,2Y_Average S2_x_log,2Y_Average_x_log,3Y_Average S1_log,3Y_Average S2_log,3Y_Average_log,Your level of motivation for joining ENSIA_log,How well do you handle stress and pressure :_log,1Y_Average S1_y_log,1Y_Average S2_y_log,1Y_Average_y_log,2Y_Average S2_y_log,2Y_Average_y_log,Timestamp_encoded,What is your gender : _encoded,In which year of your studies are you currently enrolled:_encoded,What was your BAC specialty :_encoded,How many hours per week do you spend studying (personnal efforts):_encoded,Where do you prefer to study:_encoded,You prefer to study: _encoded,What learning methods do help you understand better: _encoded,What types of resources do you use most:_x_encoded,Do you use a planer or a schedule in your revisions :_x_encoded,"For the next 8 questions you will have a list of problems (obstacles) classify them according to how much they influence your studies:
1. First :_x_encoded",2. Second :_encoded,3. Third :_encoded,4. Fourth :_encoded,5. Fifth :_encoded,6. Sixth :_encoded,7. Seventh :_encoded,8. Eighth :_encoded,Other problems that you face:_encoded,Do you engage in any external activities (not related to the study field): _encoded,How do other's feedback influence you:_encoded,How many hours do you sleep :_encoded,1Y_Foundational Mathematics.2_encoded,1Y_DSA1.2_encoded,1Y_Digital Systems.2_encoded,1Y_Information Technology Essentials.2_encoded,1Y_English 1.2_encoded,1Y_CPSCT.2_encoded,1Y_OOP.2_encoded,1Y_Introduction to Linux.2_encoded,1Y_Linear Algebra.2_encoded,1Y_Mathematical Analysis 1.2_encoded,1Y_Introduction to Statistics.2_encoded,1Y_English 2.2_encoded,You prefer to study:_encoded,What learning methods do help you understand better:_encoded,What types of resources do you use most:_y_encoded,Do you use a planer or a schedule in your revisions :_y_encoded,"For the next 8 questions you will have a list of problems (obstacles) classify them according to how much they influence your studies:
1. First :_y_encoded",2. Second:_encoded,3. Third:_encoded,4. Forth:_encoded,5. Fifth:_encoded,6. sixth:_encoded,7. seventh:_encoded,8. eighth_encoded,Do you engage in any external activities (not related to the study field):_encoded,How do others' feedbacks influence you:_encoded,How many hours do you sleep_encoded,1Y_Intensive english_encoded,1Y_Seminar_encoded,1Y_CPSCT_y_encoded,1Y_Analysis I_encoded,1Y_Algebra_encoded,1Y_A. Com. I_encoded,1Y_Intro. Prog. C++_encoded,1Y_Analysis II_encoded,1Y_A. Com. II_encoded,1Y_OOP_y_encoded,1Y_Linear Algebra_y_encoded,1Y_Proba Stat_encoded,2Y_Analysis III_encoded,2Y_DSA_encoded,2Y_Archi 1_encoded,2Y_Logic_y_encoded,2Y_Complexity_encoded,2Y_Proba Stat II_encoded,2Y_Lin. Alg II_encoded,2Y_DataBases_encoded,2Y_Average S1_y_encoded,2Y_Intro AI_encoded,2Y_Oper. res_encoded,2Y_Archi II_encoded,2Y_Oper. Syst_encoded,2Y_Soft. Eng._encoded,2Y_Web Prog._encoded,2Y_Intro. Busin._encoded
2025/01/08 6:05:44 PM GMT+1,Male,First year,Mathematics,10-17,In your room (dorms),Alone,Learning by practicing;Online courses and tutorials,Online tutorials;Online documents;YouTube videos,No,Pressure,Lack of previous knowledge or experience in the field,Bad quality of internet,Teaching language,Not having a good (powerful) computer,Private life problems,Teaching language,Teachers' teaching method,,3,Yes,2,3,You do not care about,8 hours or more,4,7,6,5,5,,,,,,,,,,,,,,,,,,,,,,,,,,,,,,,,,,,,,,,,,,,,,,,,,,,,,,,,,,,,,,,,,,,,,,,,,,,,,,,,,,,,,,Alone,"Lectures, Learning by practicing, Online courses and tutorials","Online documents, YouTube videos",No,Lack of time,Bad quality of internet,Pressure,Lack of previous knowledge or experience in the field,Bad quality of internet,Lack of time,Lack of time,Lack of time,4,No,4,4,You do not care about,5-7 hours,4,6,7,6,7,,,,,,,,,,,,,,,,,,,,,,,,,,,,,,,,,,1.0986122886681098,1.6094379124341003,0.0,0.0,0.0,0.0,0.0,0.0,0.0,0.0,0.0,1.6094379124341003,1.6094379124341003,0.0,0.0,0.0,0.0,0.0,9,1,0,0,0,2,0,5,11,0,3,1,0,7,3,5,7,5,14,1,2,2,4,5,5,4,4,4,3,3,4,4,3,4,0,13,10,0,2,0,3,1,0,2,2,2,0,2,1,2,2,3,2,3,3,4,3,3,3,4,3,1,1,1,1,1,1,1,1,1,1,1,1,1,1,1,1
2025/01/08 6:06:23 PM GMT+1,Male,First year,Mathematics,10-17,In your room (dorms),Alone,Learning by practicing,Books,No,Lack of time,Pressure,Teaching language,Private life problems,Lack of previous knowledge or experience in the field,Bad quality of internet,Not having a good (powerful) computer,Teachers' teaching method,,3,No,3,3,You do not care about,5-7 hours,3,5,6,4,9,15.0,,,,,,,,,,,,,,,,,,,,,,,,,,,,,,,,,,,,,,,,,,,,,,,,,,,,,,,,,,,,,,,,,,,,,,,,,,,,,,,,,,,,,Alone,Lectures,Pdf course,No,Pressure,Not having a good (powerful) computer,Bad quality of internet,Lack of time,Private life problems,Teaching language,Teachers' teaching method,Lack of previous knowledge or experience in the field,3,No,3,3,You do not care about,5-7 hours,5,7,9,8,10,,,,,,,,,,,,,,,,,,,,,,,,,,,,,,,,,,1.3862943611198906,1.3862943611198906,2.772588722239781,0.0,0.0,0.0,0.0,0.0,0.0,0.0,0.0,1.3862943611198906,1.791759469228055,0.0,0.0,0.0,0.0,0.0,10,1,0,0,0,2,0,1,0,0,2,4,7,5,1,0,3,5,14,0,2,1,4,5,5,4,4,4,3,3,4,4,3,4,0,9,17,0,3,3,0,2,5,7,6,1,0,2,1,2,2,3,2,3,3,4,3,3,3,4,3,1,1,1,1,1,1,1,1,1,1,1,1,1,1,1,1
2025/01/08 6:02:47 PM GMT+1,Female,Second year,Mathematics,10-17,At home,Alone,Learning by practicing,Books;Online tutorials;Online documents;YouTube videos,No,Lack of time,Pressure,Lack of previous knowledge or experience in the field,Teachers' teaching method,Private life problems,Bad quality of internet,Not having a good (powerful) computer,Teaching language,This is pretty much it ,2,Yes,2,3,You do not care about,5-7 hours,3,9,4,2,5,11.0,,,,,,,,,,,,,,,,,,,,,,,,,,,,,,,,,,,,,,,,,,,,,,,,,,,,,,,,,,,,,,,,,,,,,,,,,,,,,,,,,,,,,Alone,"Learning by practicing, Mind mapping and visualization, Online courses and tutorials","Online tutorials, Online documents, YouTube videos, asking friends ",Yes,Private life problems,Pressure,Lack of time,Bad quality of internet,Lack of previous knowledge or experience in the field,Teachers' teaching method,Not having a good (powerful) computer,Teaching language,2,Yes,5,4,Negatively,5-7 hours,1,7,5,3,4,Very High,High,High,High,Moderate,High,13.0,Moderate,Moderate,Very High,Moderate,Low,Moderate,10.0,11.0,,,,,,,,,,,,,,,,,,,1.0986122886681098,1.3862943611198906,2.4849066497880004,0.0,0.0,0.0,0.0,0.0,0.0,0.0,0.0,1.791759469228055,0.6931471805599453,2.6390573296152584,2.3978952727983707,2.4849066497880004,0.0,0.0,7,0,1,0,0,0,0,1,4,0,2,4,1,6,5,0,3,6,10,1,2,1,4,5,5,4,4,4,3,3,4,4,3,4,0,5,14,1,4,4,2,0,1,6,3,7,1,0,1,1,0,0,0,1,0,2,1,2,1,1,1,1,1,1,1,1,1,1,1,1,1,1,1,1,1,1,1
2025/01/12 7:31:48 AM GMT+1,Female,First year,Mathematics,26-33,In your room (dorms),Alone,Learning by practicing;Mind mapping and visualization,Online documents;YouTube videos,Yes,Pressure,Lack of time,Bad quality of internet,Private life problems,Lack of previous knowledge or experience in the field,Not having a good (powerful) computer,Teachers' teaching method,Teaching language,Self doubt when others perform better than me,3,No,5,5,You do not care about,5-7 hours,4,10,8,8,5,,,,,,,,,,,,,,,,,,,,,,,,,,,,,,,,,,,,,,,,,,,,,,,,,,,,,,,,,,,,,,,,,,,,,,,,,,,,,,,,,,,,,,Alone,"Learning by practicing, Mind mapping and visualization","Online documents, YouTube videos",Yes,Pressure,Teachers' teaching method,Lack of previous knowledge or experience in the field,Lack of time,Bad quality of internet,Private life problems,Teaching language,Not having a good (powerful) computer,3,Yes,3,5,Positively,5-7 hours,1,7,5,7,8,,,,,,,,,,,,,,,,,,,,,,,,,,,,,,,,,,1.791759469228055,1.6094379124341003,0.0,0.0,0.0,0.0,0.0,0.0,0.0,0.0,0.0,1.3862943611198906,0.6931471805599453,0.0,0.0,0.0,0.0,0.0,60,0,0,0,2,2,0,2,9,1,3,2,0,5,1,3,6,6,5,0,2,1,4,5,5,4,4,4,3,3,4,4,3,4,0,2,10,1,3,6,1,2,0,5,7,3,1,1,1,2,2,3,2,3,3,4,3,3,3,4,3,1,1,1,1,1,1,1,1,1,1,1,1,1,1,1,1
2025/01/08 6:06:50 PM GMT+1,Female,First year,Mathematics,10-17,In your room (dorms),In peer,Mind mapping and visualization;Interactive workshops,Online tutorials;Online documents;YouTube videos,No,Pressure,Lack of time,Lack of previous knowledge or experience in the field,Teachers' teaching method,Private life problems,Bad quality of internet,Teaching language,Not having a good (powerful) computer,Stress and scared from exams since i didnt work good at midterms,2,Yes,3,2,Negatively,8 hours or more,2,7,5,8,7,,,,,,,,,,,,,,,,,,,,,,,,,,,,,,,,,,,,,,,,,,,,,,,,,,,,,,,,,,,,,,,,,,,,,,,,,,,,,,,,,,,,,,Alone,"Learning by practicing, Mind mapping and visualization, Online courses and tutorials","Books, Online tutorials, YouTube videos",No,Lack of time,Teaching language,Pressure,Lack of previous knowledge or experience in the field,Teachers' teaching method,Bad quality of internet,Not having a good (powerful) computer,Private life problems,2,Yes,4,5,Positively,5-7 hours,4,8,5,5,5,,,,,,,,,,,,,,,,,,,,,,,,,,,,,,,,,,1.3862943611198906,1.0986122886681098,0.0,0.0,0.0,0.0,0.0,0.0,0.0,0.0,0.0,1.6094379124341003,1.6094379124341003,0.0,0.0,0.0,0.0,0.0,11,0,0,0,0,2,1,20,11,0,3,2,1,6,5,0,7,2,6,1,0,2,4,5,5,4,4,4,3,3,4,4,3,4,0,5,6,0,2,7,3,1,6,0,3,5,1,1,1,2,2,3,2,3,3,4,3,3,3,4,3,1,1,1,1,1,1,1,1,1,1,1,1,1,1,1,1
2025/01/08 6:53:44 PM GMT+1,Male,First year,Mathematics,10-17,In your room (dorms),Alone,Learning by practicing;Project-based learning,Online documents;YouTube videos,No,Bad quality of internet,Lack of previous knowledge or experience in the field,Lack of time,Private life problems,Pressure,Not having a good (powerful) computer,Teachers' teaching method,Teaching language,,3,Yes,4,4,You do not care about,5-7 hours,5,8,8,9,6,,,,,,,,,,,,,,,,,,,,,,,,,,,,,,,,,,,,,,,,,,,,,,,,,,,,,,,,,,,,,,,,,,,,,,,,,,,,,,,,,,,,,,Alone,"Lectures, Learning by practicing, Online courses and tutorials","Online documents, YouTube videos",No,Lack of time,Bad quality of internet,Pressure,Lack of previous knowledge or experience in the field,Bad quality of internet,Lack of time,Lack of time,Lack of time,4,No,4,4,You do not care about,5-7 hours,4,6,7,6,7,,,,,,,,,,,,,,,,,,,,,,,,,,,,,,,,,,1.6094379124341003,1.791759469228055,0.0,0.0,0.0,0.0,0.0,0.0,0.0,0.0,0.0,1.6094379124341003,1.6094379124341003,0.0,0.0,0.0,0.0,0.0,29,1,0,0,0,2,0,6,9,0,0,1,2,5,4,3,6,6,14,1,2,1,4,5,5,4,4,4,3,3,4,4,3,4,0,13,10,0,2,0,3,1,0,2,2,2,0,2,1,2,2,3,2,3,3,4,3,3,3,4,3,1,1,1,1,1,1,1,1,1,1,1,1,1,1,1,1
2025/01/08 6:42:34 PM GMT+1,Male,First year,Mathematics,10-17,In your room (dorms),Alone,Lectures;Online courses and tutorials,Online tutorials;YouTube videos,No,Lack of time,Private life problems,Lack of previous knowledge or experience in the field,Bad quality of internet,Not having a good (powerful) computer,Pressure,Teachers' teaching method,Teaching language,,4,Yes,4,4,You do not care about,8 hours or more,3,3,8,7,4,,,,,,,,,,,,,,,,,,,,,,,,,,,,,,,,,,,,,,,,,,,,,,,,,,,,,,,,,,,,,,,,,,,,,,,,,,,,,,,,,,,,,,Alone,"Lectures, Learning by practicing, Online courses and tutorials","Books, Online documents, YouTube videos",No,Private life problems,Pressure,Lack of time,Lack of previous knowledge or experience in the field,Teaching language,Teachers' teaching method,Bad quality of internet,Not having a good (powerful) computer,3,Yes,4,5,You do not care about,5-7 hours,4,8,5,7,7,,,,,,,,,,,,,,,,,,,,,,,,,,,,,,,,,,1.6094379124341003,1.3862943611198906,0.0,0.0,0.0,0.0,0.0,0.0,0.0,0.0,0.0,1.6094379124341003,1.6094379124341003,0.0,0.0,0.0,0.0,0.0,27,1,0,0,0,2,0,19,12,0,2,5,1,0,3,4,6,6,14,1,2,2,4,5,5,4,4,4,3,3,4,4,3,4,0,13,1,0,4,4,2,1,7,6,0,3,1,2,1,2,2,3,2,3,3,4,3,3,3,4,3,1,1,1,1,1,1,1,1,1,1,1,1,1,1,1,1
2025/01/08 6:01:26 PM GMT+1,Female,Second year,Science,18-25,In your room (dorms),Alone,Lectures;Learning by practicing;Mind mapping and visualization;Online courses and tutorials,Online tutorials;YouTube videos,No,Pressure,Lack of previous knowledge or experience in the field,Lack of time,Private life problems,Teachers' teaching method,Teaching language,Bad quality of internet,Not having a good (powerful) computer,Teacher’s rating ,2,Yes,1,1,You do not care about,8 hours or more,1,9,5,6,7,12.0,12.0,12.0,,,,,,,,,,,,,,,,,,,,,,,,,,,,,,,,,,,,,,,,,,,,,,,,,,,,,,,,,,,,,,,,,,,,,,,Moderate,Low,High,Very High,Moderate,Very Low,High,Very High,Very High,High,High,Moderate,Alone,"Learning by practicing, Project-based learning","Books, Online tutorials, Online documents, YouTube videos",Yes,Pressure,Lack of time,Teachers' teaching method,Bad quality of internet,Private life problems,Teaching language,Lack of previous knowledge or experience in the field,Not having a good (powerful) computer,3,Yes,4,5,You do not care about,5-7 hours,3,9,9,9,7,Very High,High,High,Very High,High,High,15.0,High,High,Very High,High,Moderate,Moderate,13.0,14.0,,,,,,,,,,,,,,,,,,,0.6931471805599453,0.6931471805599453,2.5649493574615367,2.5649493574615367,2.5649493574615367,0.0,0.0,0.0,0.0,0.0,0.0,1.6094379124341003,1.3862943611198906,2.772588722239781,2.6390573296152584,2.70805020110221,0.0,0.0,3,0,1,1,1,2,0,13,12,0,3,1,2,5,6,7,0,2,7,1,2,2,2,1,0,3,2,3,0,2,3,0,0,1,0,7,4,1,3,2,5,0,5,7,1,3,1,2,1,1,0,0,1,0,0,0,0,2,0,2,1,1,1,1,1,1,1,1,1,1,1,1,1,1,1,1,1
2025/01/08 6:27:55 PM GMT+1,Female,First year,Mathematics,10-17,In your room (dorms),Alone,Online courses and tutorials,YouTube videos,Yes,Pressure,Lack of time,Lack of previous knowledge or experience in the field,Teachers' teaching method,Teaching language,Private life problems,Bad quality of internet,Not having a good (powerful) computer,,2,No,3,4,Negatively,5-7 hours,1,5,3,4,5,,,,,,,,,,,,,,,,,,,,,,,,,,,,,,,,,,,,,,,,,,,,,,,,,,,,,,,,,,,,,,,,,,,,,,,,,,,,,,,,,,,,,,Alone,Learning by practicing,"Books, YouTube videos",Yes,Lack of time,Pressure,Teachers' teaching method,Bad quality of internet,Teaching language,Lack of previous knowledge or experience in the field,Not having a good (powerful) computer,Private life problems,3,No,5,5,Positively,8 hours or more,1,5,5,5,4,,,,,,,,,,,,,,,,,,,,,,,,,,,,,,,,,,1.3862943611198906,0.6931471805599453,0.0,0.0,0.0,0.0,0.0,0.0,0.0,0.0,0.0,1.791759469228055,0.6931471805599453,0.0,0.0,0.0,0.0,0.0,21,0,0,0,0,2,0,22,14,1,3,2,1,6,7,5,0,2,14,0,0,1,4,5,5,4,4,4,3,3,4,4,3,4,0,0,7,1,2,4,5,0,7,1,3,5,0,1,2,2,2,3,2,3,3,4,3,3,3,4,3,1,1,1,1,1,1,1,1,1,1,1,1,1,1,1,1
2025/01/08 10:41:28 PM GMT+1,Male,First year,Mathematics,18-25,In your room (dorms),Alone,Lectures;Learning by practicing;Interactive workshops;Online courses and tutorials,Books;Online tutorials;Online documents;YouTube videos,Yes,Lack of time,Pressure,Lack of previous knowledge or experience in the field,Teachers' teaching method,Bad quality of internet,Private life problems,Teaching language,Not having a good (powerful) computer,,3,No,5,5,Positively,5-7 hours,4,10,9,9,10,,,,,,,,,,,,,,,,,,,,,,,,,,,,,,,,,,,,,,,,,,,,,,,,,,,,,,,,,,,,,,,,,,,,,,,,,,,,,,,,,,,,,,Alone,"Lectures, Learning by practicing, Project-based learning, Online courses and tutorials","Online tutorials, Online documents, YouTube videos, Private courses",No,Pressure,Private life problems,Lack of time,Teaching language,Not having a good (powerful) computer,Bad quality of internet,Lack of previous knowledge or experience in the field,Teachers' teaching method,3,Yes,4,5,Negatively,5-7 hours,2,7,7,9,6,,,,,,,,,,,,,,,,,,,,,,,,,,,,,,,,,,1.791759469228055,1.6094379124341003,0.0,0.0,0.0,0.0,0.0,0.0,0.0,0.0,0.0,1.6094379124341003,1.0986122886681098,0.0,0.0,0.0,0.0,0.0,0,1,0,0,1,2,0,10,4,1,2,4,1,6,0,5,7,2,14,0,1,1,4,5,5,4,4,4,3,3,4,4,3,4,0,15,13,0,3,5,2,7,3,0,1,6,1,0,1,2,2,3,2,3,3,4,3,3,3,4,3,1,1,1,1,1,1,1,1,1,1,1,1,1,1,1,1
2025/01/08 6:06:50 PM GMT+1,Female,First year,Mathematics,10-17,In your room (dorms),In peer,Mind mapping and visualization;Interactive workshops,Online tutorials;Online documents;YouTube videos,No,Pressure,Lack of time,Lack of previous knowledge or experience in the field,Teachers' teaching method,Private life problems,Bad quality of internet,Teaching language,Not having a good (powerful) computer,Stress and scared from exams since i didnt work good at midterms,2,Yes,3,2,Negatively,8 hours or more,2,7,5,8,7,,,,,,,,,,,,,,,,,,,,,,,,,,,,,,,,,,,,,,,,,,,,,,,,,,,,,,,,,,,,,,,,,,,,,,,,,,,,,,,,,,,,,,Alone,"Learning by practicing, Mind mapping and visualization","Books, Online tutorials",No,Teaching language,Lack of time,Pressure,Bad quality of internet,Not having a good (powerful) computer,Lack of previous knowledge or experience in the field,Teachers' teaching method,Private life problems,4,No,4,4,You do not care about,8 hours or more,2,1,2,1,5,,,,,,,,,,,,,,,,,,,,,,,,,,,,,,,,,,1.3862943611198906,1.0986122886681098,0.0,0.0,0.0,0.0,0.0,0.0,0.0,0.0,0.0,1.6094379124341003,1.0986122886681098,0.0,0.0,0.0,0.0,0.0,11,0,0,0,0,2,1,20,11,0,3,2,1,6,5,0,7,2,6,1,0,2,4,5,5,4,4,4,3,3,4,4,3,4,0,2,3,0,6,2,3,0,3,1,6,5,0,2,2,2,2,3,2,3,3,4,3,3,3,4,3,1,1,1,1,1,1,1,1,1,1,1,1,1,1,1,1
2025/01/08 6:06:50 PM GMT+1,Female,First year,Mathematics,10-17,In your room (dorms),In peer,Mind mapping and visualization;Interactive workshops,Online tutorials;Online documents;YouTube videos,No,Pressure,Lack of time,Lack of previous knowledge or experience in the field,Teachers' teaching method,Private life problems,Bad quality of internet,Teaching language,Not having a good (powerful) computer,Stress and scared from exams since i didnt work good at midterms,2,Yes,3,2,Negatively,8 hours or more,2,7,5,8,7,,,,,,,,,,,,,,,,,,,,,,,,,,,,,,,,,,,,,,,,,,,,,,,,,,,,,,,,,,,,,,,,,,,,,,,,,,,,,,,,,,,,,,Alone,Learning by practicing,YouTube videos,No,Pressure,Lack of time,Lack of previous knowledge or experience in the field,Teachers' teaching method,Not having a good (powerful) computer,Bad quality of internet,Private life problems,Teaching language,2,No,3,4,You do not care about,5-7 hours,2,5,5,5,5,,,,,,,,,,,,,,,,,,,,,,,,,,,,,,,,,,1.3862943611198906,1.0986122886681098,0.0,0.0,0.0,0.0,0.0,0.0,0.0,0.0,0.0,1.3862943611198906,1.0986122886681098,0.0,0.0,0.0,0.0,0.0,11,0,0,0,0,2,1,20,11,0,3,2,1,6,5,0,7,2,6,1,0,2,4,5,5,4,4,4,3,3,4,4,3,4,0,0,18,0,3,2,1,6,3,0,5,7,0,2,1,2,2,3,2,3,3,4,3,3,3,4,3,1,1,1,1,1,1,1,1,1,1,1,1,1,1,1,1
2025/01/16 11:45:42 PM GMT+1,Female,First year,Mathematics,18-25,In the school's library,Alone,Lectures;Learning by practicing;Mind mapping and visualization;Interactive workshops,Books;YouTube videos,No,Lack of time,Pressure,Lack of previous knowledge or experience in the field,Private life problems,Bad quality of internet,Teachers' teaching method,Teaching language,Not having a good (powerful) computer,,3,Yes,4,5,Positively,5-7 hours,3,8,7,6,7,,,,,,,,,,,,,,,,,,,,,,,,,,,,,,,,,,,,,,,,,,,,,,,,,,,,,,,,,,,,,,,,,,,,,,,,,,,,,,,,,,,,,,Alone,"Lectures, Learning by practicing","Online documents, YouTube videos",No,Lack of previous knowledge or experience in the field,Lack of time,Pressure,Teaching language,Teachers' teaching method,Bad quality of internet,Private life problems,Not having a good (powerful) computer,3,No,3,3,Positively,5-7 hours,4,6,5,5,6,,,,,,,,,,,,,,,,,,,,,,,,,,,,,,,,,,1.6094379124341003,1.3862943611198906,0.0,0.0,0.0,0.0,0.0,0.0,0.0,0.0,0.0,1.3862943611198906,1.6094379124341003,0.0,0.0,0.0,0.0,0.0,61,0,0,0,1,1,0,12,6,0,2,4,1,5,0,6,7,2,14,1,1,1,4,5,5,4,4,4,3,3,4,4,3,4,0,10,10,0,1,2,3,7,6,0,5,3,0,1,1,2,2,3,2,3,3,4,3,3,3,4,3,1,1,1,1,1,1,1,1,1,1,1,1,1,1,1,1
2025/01/08 6:07:25 PM GMT+1,Female,Second year,Mathematics,18-25,In your room (dorms),Alone,Online courses and tutorials,Online tutorials;YouTube videos;Private courses,No,Teachers' teaching method,Lack of time,Lack of time,Lack of previous knowledge or experience in the field,Teaching language,Teaching language,Not having a good (powerful) computer,Private life problems,,3,Yes,4,4,Negatively,5-7 hours,3,8,8,7,7,13.0,13.0,13.0,,,,,,,,,,,,,,,,,,,,,,,,,,,,,,,,,,,,,,,,,,,,,,,,,,,,,,,,,,,,,,,,,,,,,,,High,Moderate,Moderate,Moderate,High,Moderate,Moderate,Very High,High,High,High,High,Alone,"Learning by practicing, Interactive workshops","Books, YouTube videos",Yes,Bad quality of internet,Not having a good (powerful) computer,Lack of time,Pressure,Teachers' teaching method,Lack of previous knowledge or experience in the field,Teaching language,Private life problems,2,No,2,5,You do not care about,5-7 hours,3,7,3,2,8,High,High,High,Very High,Moderate,High,13.0,Moderate,High,Very High,Moderate,Moderate,High,11.0,12.0,,,,,,,,,,,,,,,,,,,1.6094379124341003,1.3862943611198906,2.6390573296152584,2.6390573296152584,2.6390573296152584,0.0,0.0,0.0,0.0,0.0,0.0,1.0986122886681098,1.3862943611198906,2.6390573296152584,2.4849066497880004,2.5649493574615367,0.0,0.0,12,0,1,0,1,2,0,22,13,0,5,2,2,1,7,7,3,4,14,1,0,1,0,2,2,2,0,1,1,2,0,0,0,0,0,1,7,1,0,3,2,4,6,1,7,5,0,2,1,0,0,0,1,1,0,2,0,2,1,2,0,1,1,1,1,1,1,1,1,1,1,1,1,1,1,1,1
2025/01/10 1:56:06 AM GMT+1,Male,Second year,Science,10-17,In your room (dorms),With a group,Learning by practicing,YouTube videos,No,Private life problems,Teachers' teaching method,Lack of previous knowledge or experience in the field,Pressure,Lack of time,Bad quality of internet,Teaching language,Not having a good (powerful) computer,,3,Yes,1,4,You do not care about,8 hours or more,5,8,3,3,7,12.0,10.0,11.0,,,,,,,,,,,,,,,,,,,,,,,,,,,,,,,,,,,,,,,,,,,,,,,,,,,,,,,,,,,,,,,,,,,,,,,High,Moderate,Low,Moderate,High,Moderate,Moderate,Moderate,Low,Low,High,Moderate,Alone,"Learning by practicing, Project-based learning, Online courses and tutorials","Books, Online tutorials, Online documents, YouTube videos",Yes,Teachers' teaching method,Teachers' teaching method,Teachers' teaching method,Teachers' teaching method,Teachers' teaching method,Teachers' teaching method,Pressure,Lack of time,1,Yes,1,3,You do not care about,5-7 hours,5,9,9,9,8,High,High,High,Very High,High,Moderate,14.0,High,High,High,High,High,Moderate,13.0,13.0,,,,,,,,,,,,,,,,,,,0.6931471805599453,1.791759469228055,2.5649493574615367,2.3978952727983707,2.4849066497880004,0.0,0.0,0.0,0.0,0.0,0.0,0.6931471805599453,1.791759469228055,2.70805020110221,2.6390573296152584,2.6390573296152584,0.0,0.0,55,1,1,1,0,2,2,1,14,0,4,6,1,4,2,0,7,2,14,1,2,2,0,2,1,2,0,1,1,1,1,1,0,1,0,8,4,1,5,6,5,6,6,6,4,2,1,2,1,0,0,0,1,0,1,0,0,0,0,0,1,1,1,1,1,1,1,1,1,1,1,1,1,1,1,1,1
2025/01/08 7:16:41 PM GMT+1,Female,First year,Mathematics,10-17,In your room (dorms),Alone,Learning by practicing;Project-based learning,Books;Online documents;YouTube videos,No,Teachers' teaching method,Lack of time,Bad quality of internet,Pressure,Private life problems,Lack of previous knowledge or experience in the field,Teaching language,Not having a good (powerful) computer,,1,No,3,5,You do not care about,8 hours or more,3,9,8,9,4,,,,,,,,,,,,,,,,,,,,,,,,,,,,,,,,,,,,,,,,,,,,,,,,,,,,,,,,,,,,,,,,,,,,,,,,,,,,,,,,,,,,,,Alone,"Learning by practicing, Mind mapping and visualization","Books, Online tutorials",No,Teaching language,Lack of time,Pressure,Bad quality of internet,Not having a good (powerful) computer,Lack of previous knowledge or experience in the field,Teachers' teaching method,Private life problems,4,No,4,4,You do not care about,8 hours or more,2,1,2,1,5,,,,,,,,,,,,,,,,,,,,,,,,,,,,,,,,,,1.3862943611198906,1.3862943611198906,0.0,0.0,0.0,0.0,0.0,0.0,0.0,0.0,0.0,1.6094379124341003,1.0986122886681098,0.0,0.0,0.0,0.0,0.0,33,0,0,0,0,2,0,6,2,0,5,2,0,4,5,1,7,2,14,0,2,2,4,5,5,4,4,4,3,3,4,4,3,4,0,2,3,0,6,2,3,0,3,1,6,5,0,2,2,2,2,3,2,3,3,4,3,3,3,4,3,1,1,1,1,1,1,1,1,1,1,1,1,1,1,1,1
2025/01/09 9:35:18 AM GMT+1,Female,First year,Mathematics,10-17,In the school's library,Alone,Learning by practicing,YouTube videos,No,Lack of previous knowledge or experience in the field,Lack of time,Teachers' teaching method,Pressure,Private life problems,Bad quality of internet,Teaching language,Not having a good (powerful) computer,,3,No,3,4,Negatively,5-7 hours,3,7,6,6,3,,,,,,,,,,,,,,,,,,,,,,,,,,,,,,,,,,,,,,,,,,,,,,,,,,,,,,,,,,,,,,,,,,,,,,,,,,,,,,,,,,,,,,With a group,"Learning by practicing, Online courses and tutorials","Online tutorials, YouTube videos",No,Lack of time,Pressure,Teachers' teaching method,Bad quality of internet,Lack of previous knowledge or experience in the field,Private life problems,Teaching language,Not having a good (powerful) computer,2,Yes,3,4,You do not care about,8 hours or more,1,7,6,6,7,,,,,,,,,,,,,,,,,,,,,,,,,,,,,,,,,,1.3862943611198906,1.3862943611198906,0.0,0.0,0.0,0.0,0.0,0.0,0.0,0.0,0.0,1.3862943611198906,0.6931471805599453,0.0,0.0,0.0,0.0,0.0,51,0,0,0,0,1,0,1,14,0,1,2,6,4,5,0,7,2,14,0,0,1,4,5,5,4,4,4,3,3,4,4,3,4,2,6,16,0,2,4,5,0,1,5,7,3,1,2,2,2,2,3,2,3,3,4,3,3,3,4,3,1,1,1,1,1,1,1,1,1,1,1,1,1,1,1,1
2025/01/08 10:49:46 PM GMT+1,Female,First year,Mathematics,34-41,In your room (dorms),Alone,Learning by practicing;Mind mapping and visualization;Interactive workshops;Online courses and tutorials,Books;Online tutorials;YouTube videos,Yes,Lack of previous knowledge or experience in the field,Pressure,Lack of time,Teachers' teaching method,Not having a good (powerful) computer,Bad quality of internet,Private life problems,Teaching language,,2,Yes,4,5,Positively,5-7 hours,3,8,6,8,6,,,,,,,,,,,,,,,,,,,,,,,,,,,,,,,,,,,,,,,,,,,,,,,,,,,,,,,,,,,,,,,,,,,,,,,,,,,,,,,,,,,,,,Alone,"Learning by practicing, Mind mapping and visualization, Online courses and tutorials","Online tutorials, Online documents, YouTube videos",No,Lack of time,Lack of previous knowledge or experience in the field,Teaching language,Not having a good (powerful) computer,Teachers' teaching method,Bad quality of internet,Pressure,Private life problems,2,No,3,4,Negatively,5-7 hours,1,5,6,6,7,,,,,,,,,,,,,,,,,,,,,,,,,,,,,,,,,,1.6094379124341003,1.3862943611198906,0.0,0.0,0.0,0.0,0.0,0.0,0.0,0.0,0.0,1.3862943611198906,0.6931471805599453,0.0,0.0,0.0,0.0,0.0,1,0,0,0,3,2,0,3,5,1,1,4,2,6,3,0,5,6,14,1,1,1,4,5,5,4,4,4,3,3,4,4,3,4,0,5,12,0,2,1,6,3,6,0,4,5,0,0,1,2,2,3,2,3,3,4,3,3,3,4,3,1,1,1,1,1,1,1,1,1,1,1,1,1,1,1,1
2025/01/10 12:43:53 AM GMT+1,Female,Second year,Mathematics,26-33,In the school's library,Alone,Lectures;Learning by practicing;Mind mapping and visualization,Online documents;YouTube videos,No,Pressure,Lack of time,Lack of previous knowledge or experience in the field,Teachers' teaching method,Private life problems,Teaching language,Bad quality of internet,Not having a good (powerful) computer,,3,No,4,4,You do not care about,8 hours or more,3,9,8,8,7,16.0,16.0,16.0,,,,,,,,,,,,,,,,,,,,,,,,,,,,,,,,,,,,,,,,,,,,,,,,,,,,,,,,,,,,,,,,,,,,,,,High,High,Very High,High,High,Moderate,High,Very High,High,Very High,High,Moderate,In peer,"Learning by practicing, Mind mapping and visualization, Interactive workshops, Online courses and tutorials","Online tutorials, Online documents, YouTube videos",No,Teachers' teaching method,Lack of time,Lack of previous knowledge or experience in the field,Not having a good (powerful) computer,Pressure,Private life problems,Bad quality of internet,Teaching language,2,No,2,3,Positively,5-7 hours,3,8,5,4,7,Very High,High,High,Very High,High,Moderate,14.0,Moderate,Moderate,Very High,High,Moderate,Moderate,11.0,12.0,,,,,,,,,,,,,,,,,,,1.6094379124341003,1.3862943611198906,2.833213344056216,2.833213344056216,2.833213344056216,0.0,0.0,0.0,0.0,0.0,0.0,1.0986122886681098,1.3862943611198906,2.70805020110221,2.4849066497880004,2.5649493574615367,0.0,0.0,53,0,1,0,2,1,0,11,9,0,3,2,1,6,5,7,0,2,14,0,2,2,0,0,3,0,0,1,0,2,0,3,0,1,1,4,12,0,5,2,1,3,4,5,0,7,0,1,1,1,0,0,1,0,1,2,1,2,0,2,1,1,1,1,1,1,1,1,1,1,1,1,1,1,1,1,1
2025/01/08 6:06:50 PM GMT+1,Female,First year,Mathematics,10-17,In your room (dorms),In peer,Mind mapping and visualization;Interactive workshops,Online tutorials;Online documents;YouTube videos,No,Pressure,Lack of time,Lack of previous knowledge or experience in the field,Teachers' teaching method,Private life problems,Bad quality of internet,Teaching language,Not having a good (powerful) computer,Stress and scared from exams since i didnt work good at midterms,2,Yes,3,2,Negatively,8 hours or more,2,7,5,8,7,,,,,,,,,,,,,,,,,,,,,,,,,,,,,,,,,,,,,,,,,,,,,,,,,,,,,,,,,,,,,,,,,,,,,,,,,,,,,,,,,,,,,,Alone,Online courses and tutorials,YouTube videos,No,Pressure,Lack of time,Bad quality of internet,Lack of previous knowledge or experience in the field,Teachers' teaching method,Private life problems,Not having a good (powerful) computer,Teaching language,2,No,1,2,You do not care about,8 hours or more,2,8,6,6,6,,,,,,,,,,,,,,,,,,,,,,,,,,,,,,,,,,1.3862943611198906,1.0986122886681098,0.0,0.0,0.0,0.0,0.0,0.0,0.0,0.0,0.0,0.6931471805599453,1.0986122886681098,0.0,0.0,0.0,0.0,0.0,11,0,0,0,0,2,1,20,11,0,3,2,1,6,5,0,7,2,6,1,0,2,4,5,5,4,4,4,3,3,4,4,3,4,0,21,18,0,3,2,0,1,6,5,3,7,0,2,2,2,2,3,2,3,3,4,3,3,3,4,3,1,1,1,1,1,1,1,1,1,1,1,1,1,1,1,1
2025/01/08 6:00:12 PM GMT+1,Female,First year,Science,18-25,In your room (dorms),Alone,Learning by practicing,Online tutorials,Yes,Pressure,Bad quality of internet,Lack of time,Lack of previous knowledge or experience in the field,Teachers' teaching method,Not having a good (powerful) computer,Teachers' teaching method,Private life problems,,3,Yes,4,5,Positively,5-7 hours,3,9,8,8,7,,,,,,,,,,,,,,,,,,,,,,,,,,,,,,,,,,,,,,,,,,,,,,,,,,,,,,,,,,,,,,,,,,,,,,,,,,,,,,,,,,,,,,In peer,"Lectures, Learning by practicing","Books, Online documents, YouTube videos, other universities courses",No,Lack of time,Teachers' teaching method,Bad quality of internet,Pressure,Lack of previous knowledge or experience in the field,Teaching language,Not having a good (powerful) computer,Private life problems,3,Yes,4,3,You do not care about,8 hours or more,4,8,7,6,6,,,,,,,,,,,,,,,,,,,,,,,,,,,,,,,,,,1.6094379124341003,1.3862943611198906,0.0,0.0,0.0,0.0,0.0,0.0,0.0,0.0,0.0,1.6094379124341003,1.6094379124341003,0.0,0.0,0.0,0.0,0.0,2,0,0,1,1,2,0,1,10,1,3,0,2,1,6,3,6,4,14,1,1,1,4,5,5,4,4,4,3,3,4,4,3,4,1,10,2,0,2,6,0,4,1,7,3,5,1,2,2,2,2,3,2,3,3,4,3,3,3,4,3,1,1,1,1,1,1,1,1,1,1,1,1,1,1,1,1
2025/01/08 6:09:47 PM GMT+1,Female,Second year,Science,18-25,In your room (dorms),In peer,Lectures;Learning by practicing;Project-based learning;Mind mapping and visualization;Online courses and tutorials,Books;Online tutorials;Online documents;YouTube videos,Yes,Teachers' teaching method,Pressure,Lack of time,Pressure,Bad quality of internet,Private life problems,Not having a good (powerful) computer,Teaching language,,2,Yes,3,5,Negatively,5-7 hours,4,8,6,7,8,14.0,10.0,12.0,9.0,10.0,9.0,,,,,,,,,,,,,,,,,,,,,,,,,,,,,,,,,,,,,,,,,,,,,,,,,,,,,,,,,,,,,,,,,,,,,,,,,,,,,,,,Alone,"Lectures, Learning by practicing, Project-based learning, Mind mapping and visualization","Online tutorials, Online documents, YouTube videos, couses and slides sent by our teachers",Yes,Bad quality of internet,Lack of time,Pressure,Teachers' teaching method,Lack of previous knowledge or experience in the field,Teaching language,Not having a good (powerful) computer,Private life problems,3,Yes,4,3,Positively,5-7 hours,2,8,7,8,6,High,High,High,High,Moderate,High,13.0,Moderate,Moderate,High,High,Low,Moderate,10.0,11.0,,,,,,,,,,,,,,,,,,,1.3862943611198906,1.6094379124341003,2.70805020110221,2.3978952727983707,2.5649493574615367,2.302585092994046,2.3978952727983707,2.302585092994046,0.0,0.0,0.0,1.6094379124341003,1.0986122886681098,2.6390573296152584,2.3978952727983707,2.4849066497880004,0.0,0.0,13,0,1,1,1,2,1,16,4,1,5,4,2,4,0,5,3,6,14,1,0,1,4,5,5,4,4,4,3,3,4,4,3,4,0,14,15,1,0,2,3,6,1,7,3,5,1,1,1,0,0,0,0,1,0,2,1,0,0,1,1,1,1,1,1,1,1,1,1,1,1,1,1,1,1,1,1
2025/01/08 6:01:26 PM GMT+1,Female,Second year,Science,18-25,In your room (dorms),Alone,Lectures;Learning by practicing;Mind mapping and visualization;Online courses and tutorials,Online tutorials;YouTube videos,No,Pressure,Lack of previous knowledge or experience in the field,Lack of time,Private life problems,Teachers' teaching method,Teaching language,Bad quality of internet,Not having a good (powerful) computer,Teacher’s rating ,2,Yes,1,1,You do not care about,8 hours or more,1,9,5,6,7,12.0,12.0,12.0,,,,,,,,,,,,,,,,,,,,,,,,,,,,,,,,,,,,,,,,,,,,,,,,,,,,,,,,,,,,,,,,,,,,,,,Moderate,Low,High,Very High,Moderate,Very Low,High,Very High,Very High,High,High,Moderate,Alone,"Lectures, Online courses and tutorials","Books, Online tutorials, Online documents, YouTube videos",Yes,Pressure,Lack of time,Teachers' teaching method,Lack of previous knowledge or experience in the field,Bad quality of internet,Private life problems,Teaching language,Not having a good (powerful) computer,2,No,3,3,You do not care about,5-7 hours,2,9,6,7,7,High,High,High,High,Moderate,Moderate,13.0,Moderate,High,High,High,Moderate,High,11.0,12.0,,,,,,,,,,,,,,,,,,,0.6931471805599453,0.6931471805599453,2.5649493574615367,2.5649493574615367,2.5649493574615367,0.0,0.0,0.0,0.0,0.0,0.0,1.3862943611198906,1.0986122886681098,2.6390573296152584,2.4849066497880004,2.5649493574615367,0.0,0.0,3,0,1,1,1,2,0,13,12,0,3,1,2,5,6,7,0,2,7,1,2,2,2,1,0,3,2,3,0,2,3,0,0,1,0,16,4,1,3,2,5,1,0,5,7,3,0,2,1,0,0,0,0,1,1,2,0,0,0,2,0,1,1,1,1,1,1,1,1,1,1,1,1,1,1,1,1
2025/01/11 3:08:32 PM GMT+1,Male,Second year,Mathematics,10-17,In the school's library,With a group,Online courses and tutorials,Online tutorials;YouTube videos,No,Teachers' teaching method,Lack of time,Pressure,Lack of previous knowledge or experience in the field,Private life problems,Bad quality of internet,Private life problems,Not having a good (powerful) computer,,3,Yes,5,5,Positively,8 hours or more,3,8,8,8,7,11.0,9.0,10.0,10.0,,,,,,,,,,,,,,,,,,,,,,,,,,,,,,,,,,,,,,,,,,,,,,,,,,,,,,,,,,,,,,,,,,,,,,Moderate,High,Moderate,High,High,Moderate,High,,Low,Moderate,High,High,Alone,"Lectures, Learning by practicing, Online courses and tutorials","Books, Online documents, YouTube videos",No,Lack of time,Private life problems,Pressure,Lack of previous knowledge or experience in the field,Bad quality of internet,Teachers' teaching method,Teaching language,Not having a good (powerful) computer,2,Yes,2,4,You do not care about,5-7 hours,2,8,6,7,7,Very High,High,High,High,Moderate,High,13.0,High,High,Very High,Moderate,Moderate,Moderate,11.0,12.0,,,,,,,,,,,,,,,,,,,1.791759469228055,1.3862943611198906,2.4849066497880004,2.302585092994046,2.3978952727983707,2.3978952727983707,0.0,0.0,0.0,0.0,0.0,1.0986122886681098,1.0986122886681098,2.6390573296152584,2.4849066497880004,2.5649493574615367,0.0,0.0,57,1,1,0,0,1,2,22,12,0,5,2,4,1,5,0,5,2,14,1,1,2,2,0,2,0,0,1,0,3,1,2,0,0,0,13,1,0,2,5,3,1,0,6,7,3,1,2,1,1,0,0,0,1,0,0,0,2,1,2,1,1,1,1,1,1,1,1,1,1,1,1,1,1,1,1,1
2025/01/08 6:06:50 PM GMT+1,Female,First year,Mathematics,10-17,In your room (dorms),In peer,Mind mapping and visualization;Interactive workshops,Online tutorials;Online documents;YouTube videos,No,Pressure,Lack of time,Lack of previous knowledge or experience in the field,Teachers' teaching method,Private life problems,Bad quality of internet,Teaching language,Not having a good (powerful) computer,Stress and scared from exams since i didnt work good at midterms,2,Yes,3,2,Negatively,8 hours or more,2,7,5,8,7,,,,,,,,,,,,,,,,,,,,,,,,,,,,,,,,,,,,,,,,,,,,,,,,,,,,,,,,,,,,,,,,,,,,,,,,,,,,,,,,,,,,,,Alone,Online courses and tutorials,YouTube videos,No,Private life problems,Teachers' teaching method,Lack of previous knowledge or experience in the field,Teaching language,Lack of time,Not having a good (powerful) computer,Bad quality of internet,Bad quality of internet,2,No,2,2,Negatively,8 hours or more,2,8,7,7,7,,,,,,,,,,,,,,,,,,,,,,,,,,,,,,,,,,1.3862943611198906,1.0986122886681098,0.0,0.0,0.0,0.0,0.0,0.0,0.0,0.0,0.0,1.0986122886681098,1.0986122886681098,0.0,0.0,0.0,0.0,0.0,11,0,0,0,0,2,1,20,11,0,3,2,1,6,5,0,7,2,6,1,0,2,4,5,5,4,4,4,3,3,4,4,3,4,0,21,18,0,4,6,1,7,2,3,0,0,0,0,2,2,2,3,2,3,3,4,3,3,3,4,3,1,1,1,1,1,1,1,1,1,1,1,1,1,1,1,1
2025/01/08 6:37:07 PM GMT+1,Female,First year,Science,10-17,In your room (dorms),Alone,Learning by practicing;Online courses and tutorials,Online tutorials;YouTube videos,No,Pressure,Lack of time,Lack of previous knowledge or experience in the field,Teachers' teaching method,Teaching language,Bad quality of internet,Not having a good (powerful) computer,Private life problems,,2,No,2,1,You do not care about,8 hours or more,4,5,7,5,2,,,,,,,,,,,,,,,,,,,,,,,,,,,,,,,,,,,,,,,,,,,,,,,,,,,,,,,,,,,,,,,,,,,,,,,,,,,,,,,,,,,,,,Alone,"Learning by practicing, Online courses and tutorials",YouTube videos,No,Teaching language,Private life problems,Lack of time,Pressure,Teachers' teaching method,Lack of previous knowledge or experience in the field,Bad quality of internet,Not having a good (powerful) computer,1,No,2,4,Negatively,5-7 hours,2,8,3,5,1,,,,,,,,,,,,,,,,,,,,,,,,,,,,,,,,,,1.0986122886681098,1.6094379124341003,0.0,0.0,0.0,0.0,0.0,0.0,0.0,0.0,0.0,1.0986122886681098,1.0986122886681098,0.0,0.0,0.0,0.0,0.0,24,0,0,1,0,2,0,5,12,0,3,2,1,6,7,0,3,4,14,0,2,2,4,5,5,4,4,4,3,3,4,4,3,4,0,6,18,0,6,5,2,4,6,1,0,3,0,0,1,2,2,3,2,3,3,4,3,3,3,4,3,1,1,1,1,1,1,1,1,1,1,1,1,1,1,1,1
2025/01/08 8:31:53 PM GMT+1,Female,Second year,Mathematics,34-41,In your room (dorms),Alone,Learning by practicing;Mind mapping and visualization,Online tutorials;Online documents;YouTube videos,No,Pressure,Lack of time,Bad quality of internet,Teachers' teaching method,Lack of previous knowledge or experience in the field,Private life problems,Teaching language,Not having a good (powerful) computer,,2,Yes,3,5,You do not care about,5-7 hours,4,8,5,6,6,13.0,12.0,13.0,,,,,,,,,,,,,,,,,,,,,,,,,,,,,,,,,,,,,,,,,,,,,,,,,,,,,,,,,,,,,,,,,,,,,,,Moderate,Moderate,Moderate,High,Very High,High,Moderate,High,Moderate,Moderate,Moderate,Very High,Alone,"Lectures, Learning by practicing, Mind mapping and visualization, Online courses and tutorials","Books, Online tutorials, Online documents, YouTube videos",Yes,Teachers' teaching method,Lack of time,Pressure,Lack of previous knowledge or experience in the field,Bad quality of internet,Teaching language,Lack of time,Lack of time,2,No,3,4,Positively,5-7 hours,3,8,7,7,7,Very High,High,High,High,Moderate,High,14.0,Moderate,High,Very High,Moderate,Moderate,Moderate,11.0,12.0,,,,,,,,,,,,,,,,,,,1.3862943611198906,1.6094379124341003,2.6390573296152584,2.5649493574615367,2.6390573296152584,0.0,0.0,0.0,0.0,0.0,0.0,1.3862943611198906,1.3862943611198906,2.70805020110221,2.4849066497880004,2.5649493574615367,0.0,0.0,40,0,1,0,3,2,0,2,11,0,3,2,0,6,1,5,7,2,14,1,2,1,2,2,2,0,3,0,1,0,2,2,1,2,0,12,4,1,5,2,3,1,0,7,2,2,0,1,1,1,0,0,0,1,0,2,0,2,1,2,1,1,1,1,1,1,1,1,1,1,1,1,1,1,1,1,1
2025/01/08 9:00:14 PM GMT+1,Male,Second year,Mathematics,18-25,In your room (dorms),Alone,Lectures;Learning by practicing,Books;YouTube videos,No,Lack of time,Pressure,Teachers' teaching method,Private life problems,Lack of previous knowledge or experience in the field,Not having a good (powerful) computer,Bad quality of internet,Teaching language,,2,Yes,4,4,You do not care about,4 hours or less,5,7,9,8,7,15.0,14.0,15.0,,,,,,,,,,,,,,,,,,,,,,,,,,,,,,,,,,,,,,,,,,,,,,,,,,,,,,,,,,,,,,,,,,,,,,,High,Very High,High,High,High,High,High,Very High,High,High,High,High,Alone,"Lectures, Learning by practicing","Online tutorials, Online documents, YouTube videos",No,Teachers' teaching method,Lack of previous knowledge or experience in the field,Pressure,Bad quality of internet,Teaching language,Lack of time,Private life problems,Not having a good (powerful) computer,1,No,2,5,You do not care about,5-7 hours,1,7,7,7,7,Very High,High,High,High,High,Moderate,14.0,High,Very High,High,High,Moderate,High,14.0,14.0,,,,,,,,,,,,,,,,,,,1.6094379124341003,1.791759469228055,2.772588722239781,2.70805020110221,2.772588722239781,0.0,0.0,0.0,0.0,0.0,0.0,1.0986122886681098,0.6931471805599453,2.70805020110221,2.70805020110221,2.70805020110221,0.0,0.0,42,1,1,0,1,2,0,9,6,0,2,4,6,5,1,3,0,6,14,1,2,0,0,3,0,0,0,0,0,2,0,0,0,0,0,10,12,0,5,1,3,0,7,2,5,3,0,2,1,1,0,0,0,0,1,0,2,0,0,2,0,1,1,1,1,1,1,1,1,1,1,1,1,1,1,1,1
2025/01/08 6:02:27 PM GMT+1,Female,First year,Science,10-17,In your room (dorms),Alone,Learning by practicing;Mind mapping and visualization,Online documents;YouTube videos,Yes,Pressure,Lack of time,Lack of previous knowledge or experience in the field,Teachers' teaching method,Bad quality of internet,Teaching language,Not having a good (powerful) computer,Private life problems,,2,Yes,3,3,You do not care about,5-7 hours,3,9,7,7,7,,,,,,,,,,,,,,,,,,,,,,,,,,,,,,,,,,,,,,,,,,,,,,,,,,,,,,,,,,,,,,,,,,,,,,,,,,,,,,,,,,,,,,Alone,"Lectures, Learning by practicing, Interactive workshops, Online courses and tutorials","Online documents, YouTube videos",No,Lack of previous knowledge or experience in the field,Lack of time,Bad quality of internet,Pressure,Private life problems,Teachers' teaching method,Teaching language,Lack of time,4,No,5,5,You do not care about,8 hours or more,3,10,8,10,4,,,,,,,,,,,,,,,,,,,,,,,,,,,,,,,,,,1.3862943611198906,1.3862943611198906,0.0,0.0,0.0,0.0,0.0,0.0,0.0,0.0,0.0,1.791759469228055,1.3862943611198906,0.0,0.0,0.0,0.0,0.0,6,0,0,1,0,2,0,2,9,1,3,2,1,6,0,7,3,4,14,1,2,1,4,5,5,4,4,4,3,3,4,4,3,4,0,11,10,0,1,2,0,4,5,6,7,2,0,2,2,2,2,3,2,3,3,4,3,3,3,4,3,1,1,1,1,1,1,1,1,1,1,1,1,1,1,1,1
2025/01/08 6:46:31 PM GMT+1,Female,Second year,Mathematics,26-33,In the school's library,Alone,Learning by practicing;Mind mapping and visualization,Books;Online documents;YouTube videos,Yes,Pressure,Lack of time,Lack of previous knowledge or experience in the field,Teachers' teaching method,Bad quality of internet,Private life problems,Teaching language,Not having a good (powerful) computer,The lack of الشغف,4,Yes,5,4,Positively,8 hours or more,5,8,7,8,8,13.0,12.0,12.0,,,,,,,,,,,,,,,,,,,,,,,,,,,,,,,,,,,,,,,,,,,,,,,,,,,,,,,,,,,,,,,,,,,,,,,High,Moderate,Very High,High,Very High,Very High,Moderate,Very High,Moderate,Low,Moderate,Very High,In peer,"Learning by practicing, Mind mapping and visualization, Interactive workshops, Online courses and tutorials","Online tutorials, Online documents, YouTube videos",No,Teachers' teaching method,Lack of time,Lack of previous knowledge or experience in the field,Not having a good (powerful) computer,Pressure,Private life problems,Bad quality of internet,Teaching language,2,No,2,3,Positively,5-7 hours,3,8,5,4,7,Very High,High,High,Very High,High,Moderate,14.0,Moderate,Moderate,Very High,High,Moderate,Moderate,11.0,12.0,,,,,,,,,,,,,,,,,,,1.791759469228055,1.791759469228055,2.6390573296152584,2.5649493574615367,2.5649493574615367,0.0,0.0,0.0,0.0,0.0,0.0,1.0986122886681098,1.3862943611198906,2.70805020110221,2.4849066497880004,2.5649493574615367,0.0,0.0,28,0,1,0,2,1,0,2,2,1,3,2,1,6,0,5,7,2,8,1,1,2,0,2,3,0,3,2,1,2,2,1,1,2,1,4,12,0,5,2,1,3,4,5,0,7,0,1,1,1,0,0,1,0,1,2,1,2,0,2,1,1,1,1,1,1,1,1,1,1,1,1,1,1,1,1,1
2025/01/08 6:27:55 PM GMT+1,Female,First year,Mathematics,10-17,In your room (dorms),Alone,Online courses and tutorials,YouTube videos,Yes,Pressure,Lack of time,Lack of previous knowledge or experience in the field,Teachers' teaching method,Teaching language,Private life problems,Bad quality of internet,Not having a good (powerful) computer,,2,No,3,4,Negatively,5-7 hours,1,5,3,4,5,,,,,,,,,,,,,,,,,,,,,,,,,,,,,,,,,,,,,,,,,,,,,,,,,,,,,,,,,,,,,,,,,,,,,,,,,,,,,,,,,,,,,,Alone,"Learning by practicing, Mind mapping and visualization","Books, Online documents, YouTube videos",Yes,Private life problems,Pressure,Lack of time,Bad quality of internet,Teachers' teaching method,Lack of previous knowledge or experience in the field,Teaching language,Not having a good (powerful) computer,3,Yes,3,3,You do not care about,5-7 hours,1,6,6,4,5,,,,,,,,,,,,,,,,,,,,,,,,,,,,,,,,,,1.3862943611198906,0.6931471805599453,0.0,0.0,0.0,0.0,0.0,0.0,0.0,0.0,0.0,1.3862943611198906,0.6931471805599453,0.0,0.0,0.0,0.0,0.0,21,0,0,0,0,2,0,22,14,1,3,2,1,6,7,5,0,2,14,0,0,1,4,5,5,4,4,4,3,3,4,4,3,4,0,2,1,1,4,4,2,0,6,1,7,3,1,2,1,2,2,3,2,3,3,4,3,3,3,4,3,1,1,1,1,1,1,1,1,1,1,1,1,1,1,1,1
2025/01/08 8:05:42 PM GMT+1,Female,First year,Mathematics,10-17,In your room (dorms),Alone,Mind mapping and visualization;Online courses and tutorials,Online tutorials;Online documents;YouTube videos,Yes,Lack of time,Teachers' teaching method,Teaching language,Bad quality of internet,Lack of previous knowledge or experience in the field,Private life problems,Pressure,Not having a good (powerful) computer,,3,Yes,4,4,You do not care about,5-7 hours,4,5,7,3,8,,,,,,,,,,,,,,,,,,,,,,,,,,,,,,,,,,,,,,,,,,,,,,,,,,,,,,,,,,,,,,,,,,,,,,,,,,,,,,,,,,,,,,Alone,Learning by practicing,YouTube videos,No,Pressure,Lack of time,Lack of previous knowledge or experience in the field,Teachers' teaching method,Not having a good (powerful) computer,Bad quality of internet,Private life problems,Teaching language,2,No,3,4,You do not care about,5-7 hours,2,5,5,5,5,,,,,,,,,,,,,,,,,,,,,,,,,,,,,,,,,,1.6094379124341003,1.6094379124341003,0.0,0.0,0.0,0.0,0.0,0.0,0.0,0.0,0.0,1.3862943611198906,1.0986122886681098,0.0,0.0,0.0,0.0,0.0,37,0,0,0,0,2,0,21,11,1,2,6,7,0,1,5,4,2,14,1,2,1,4,5,5,4,4,4,3,3,4,4,3,4,0,0,18,0,3,2,1,6,3,0,5,7,0,2,1,2,2,3,2,3,3,4,3,3,3,4,3,1,1,1,1,1,1,1,1,1,1,1,1,1,1,1,1
2025/01/09 10:14:52 AM GMT+1,Male,First year,Mathematics,10-17,In your room (dorms),Alone,Learning by practicing,YouTube videos,No,Pressure,Lack of time,Lack of previous knowledge or experience in the field,Not having a good (powerful) computer,Bad quality of internet,Teachers' teaching method,Pressure,Lack of time,,2,Yes,4,4,You do not care about,5-7 hours,2,6,7,6,7,,,,,,,,,,,,,,,,,,,,,,,,,,,,,,,,,,,,,,,,,,,,,,,,,,,,,,,,,,,,,,,,,,,,,,,,,,,,,,,,,,,,,,Alone,"Lectures, Learning by practicing, Online courses and tutorials","Books, Online documents, YouTube videos",No,Private life problems,Pressure,Lack of time,Lack of previous knowledge or experience in the field,Teaching language,Teachers' teaching method,Bad quality of internet,Not having a good (powerful) computer,3,Yes,4,5,You do not care about,5-7 hours,4,8,5,7,7,,,,,,,,,,,,,,,,,,,,,,,,,,,,,,,,,,1.6094379124341003,1.0986122886681098,0.0,0.0,0.0,0.0,0.0,0.0,0.0,0.0,0.0,1.6094379124341003,1.6094379124341003,0.0,0.0,0.0,0.0,0.0,44,1,0,0,0,2,0,1,14,0,3,2,1,3,0,6,4,1,14,1,2,1,4,5,5,4,4,4,3,3,4,4,3,4,0,13,1,0,4,4,2,1,7,6,0,3,1,2,1,2,2,3,2,3,3,4,3,3,3,4,3,1,1,1,1,1,1,1,1,1,1,1,1,1,1,1,1
2025/01/08 6:09:47 PM GMT+1,Female,Second year,Science,18-25,In your room (dorms),In peer,Lectures;Learning by practicing;Project-based learning;Mind mapping and visualization;Online courses and tutorials,Books;Online tutorials;Online documents;YouTube videos,Yes,Teachers' teaching method,Pressure,Lack of time,Pressure,Bad quality of internet,Private life problems,Not having a good (powerful) computer,Teaching language,,2,Yes,3,5,Negatively,5-7 hours,4,8,6,7,8,14.0,10.0,12.0,9.0,10.0,9.0,,,,,,,,,,,,,,,,,,,,,,,,,,,,,,,,,,,,,,,,,,,,,,,,,,,,,,,,,,,,,,,,,,,,,,,,,,,,,,,,Alone,Learning by practicing,YouTube videos,Yes,Pressure,Lack of time,Bad quality of internet,Lack of previous knowledge or experience in the field,Teachers' teaching method,Teaching language,Not having a good (powerful) computer,Private life problems,3,No,4,4,You do not care about,5-7 hours,3,7,6,6,8,High,High,High,High,Moderate,Moderate,12.0,Low,High,High,Moderate,Moderate,High,11.0,11.0,,,,,,,,,,,,,,,,,,,1.3862943611198906,1.6094379124341003,2.70805020110221,2.3978952727983707,2.5649493574615367,2.302585092994046,2.3978952727983707,2.302585092994046,0.0,0.0,0.0,1.6094379124341003,1.3862943611198906,2.5649493574615367,2.4849066497880004,2.4849066497880004,0.0,0.0,13,0,1,1,1,2,1,16,4,1,5,4,2,4,0,5,3,6,14,1,0,1,4,5,5,4,4,4,3,3,4,4,3,4,0,0,18,1,3,2,0,1,6,7,3,5,0,2,1,0,0,0,0,1,1,1,0,0,1,2,0,1,1,1,1,1,1,1,1,1,1,1,1,1,1,1,1
2025/01/08 6:01:30 PM GMT+1,Male,First year,Mathematics,10-17,In your room (dorms),Alone,Learning by practicing,Online tutorials,No,Pressure,Private life problems,Bad quality of internet,Lack of previous knowledge or experience in the field,Teachers' teaching method,Lack of time,Not having a good (powerful) computer,Teaching language,,3,No,1,2,You do not care about,5-7 hours,4,9,8,8,6,,,,,,,,,,,,,,,,,,,,,,,,,,,,,,,,,,,,,,,,,,,,,,,,,,,,,,,,,,,,,,,,,,,,,,,,,,,,,,,,,,,,,,Alone,Online courses and tutorials,YouTube videos,Yes,Private life problems,Teachers' teaching method,Lack of previous knowledge or experience in the field,Pressure,Lack of time,Bad quality of internet,Not having a good (powerful) computer,Teaching language,3,Yes,4,4,You do not care about,5-7 hours,4,8,6,5,5,,,,,,,,,,,,,,,,,,,,,,,,,,,,,,,,,,0.6931471805599453,1.6094379124341003,0.0,0.0,0.0,0.0,0.0,0.0,0.0,0.0,0.0,1.6094379124341003,1.6094379124341003,0.0,0.0,0.0,0.0,0.0,4,1,0,0,0,2,0,1,10,0,3,5,0,1,6,2,3,6,14,0,2,1,4,5,5,4,4,4,3,3,4,4,3,4,0,21,18,1,4,6,1,4,2,0,3,7,1,2,1,2,2,3,2,3,3,4,3,3,3,4,3,1,1,1,1,1,1,1,1,1,1,1,1,1,1,1,1
2025/01/08 6:03:01 PM GMT+1,Male,First year,Mathematics,18-25,In your room (dorms),Alone,Learning by practicing,Online documents;YouTube videos,No,Teachers' teaching method,Pressure,Lack of time,Lack of previous knowledge or experience in the field,Private life problems,Teaching language,Bad quality of internet,Not having a good (powerful) computer,,2,No,3,4,Negatively,8 hours or more,3,7,5,6,6,,,,,,,,,,,,,,,,,,,,,,,,,,,,,,,,,,,,,,,,,,,,,,,,,,,,,,,,,,,,,,,,,,,,,,,,,,,,,,,,,,,,,,Alone,"Mind mapping and visualization, Interactive workshops",YouTube videos,No,Lack of time,Teaching language,Pressure,Lack of previous knowledge or experience in the field,Teachers' teaching method,Private life problems,Bad quality of internet,Not having a good (powerful) computer,2,No,3,1,Positively,8 hours or more,4,6,3,4,1,,,,,,,,,,,,,,,,,,,,,,,,,,,,,,,,,,1.3862943611198906,1.3862943611198906,0.0,0.0,0.0,0.0,0.0,0.0,0.0,0.0,0.0,1.3862943611198906,1.6094379124341003,0.0,0.0,0.0,0.0,0.0,8,1,0,0,1,2,0,1,9,0,5,4,2,1,5,7,0,2,14,0,0,2,4,5,5,4,4,4,3,3,4,4,3,4,0,19,18,0,2,7,3,1,6,5,0,3,0,1,2,2,2,3,2,3,3,4,3,3,3,4,3,1,1,1,1,1,1,1,1,1,1,1,1,1,1,1,1
2025/01/08 6:07:25 PM GMT+1,Female,Second year,Mathematics,18-25,In your room (dorms),Alone,Online courses and tutorials,Online tutorials;YouTube videos;Private courses,No,Teachers' teaching method,Lack of time,Lack of time,Lack of previous knowledge or experience in the field,Teaching language,Teaching language,Not having a good (powerful) computer,Private life problems,,3,Yes,4,4,Negatively,5-7 hours,3,8,8,7,7,13.0,13.0,13.0,,,,,,,,,,,,,,,,,,,,,,,,,,,,,,,,,,,,,,,,,,,,,,,,,,,,,,,,,,,,,,,,,,,,,,,High,Moderate,Moderate,Moderate,High,Moderate,Moderate,Very High,High,High,High,High,Alone,"Learning by practicing, Mind mapping and visualization, Interactive workshops","Books, Online tutorials, Online documents, YouTube videos",Yes,Teachers' teaching method,Lack of time,Bad quality of internet,Pressure,Private life problems,Teaching language,Lack of previous knowledge or experience in the field,Not having a good (powerful) computer,2,Yes,3,5,You do not care about,5-7 hours,4,8,8,7,9,Very High,Very High,High,Very High,Very High,High,17.0,Very High,Very High,Very High,Very High,Very High,Very High,18.0,17.0,,,,,,,,,,,,,,,,,,,1.6094379124341003,1.3862943611198906,2.6390573296152584,2.6390573296152584,2.6390573296152584,0.0,0.0,0.0,0.0,0.0,0.0,1.3862943611198906,1.6094379124341003,2.8903717578961645,2.9444389791664403,2.8903717578961645,0.0,0.0,12,0,1,0,1,2,0,22,13,0,5,2,2,1,7,7,3,4,14,1,0,1,0,2,2,2,0,1,1,2,0,0,0,0,0,3,4,1,5,2,0,4,5,7,1,3,1,2,1,1,1,0,1,2,0,3,2,2,2,3,2,1,1,1,1,1,1,1,1,1,1,1,1,1,1,1,1
2025/01/08 6:06:50 PM GMT+1,Female,First year,Mathematics,10-17,In your room (dorms),In peer,Mind mapping and visualization;Interactive workshops,Online tutorials;Online documents;YouTube videos,No,Pressure,Lack of time,Lack of previous knowledge or experience in the field,Teachers' teaching method,Private life problems,Bad quality of internet,Teaching language,Not having a good (powerful) computer,Stress and scared from exams since i didnt work good at midterms,2,Yes,3,2,Negatively,8 hours or more,2,7,5,8,7,,,,,,,,,,,,,,,,,,,,,,,,,,,,,,,,,,,,,,,,,,,,,,,,,,,,,,,,,,,,,,,,,,,,,,,,,,,,,,,,,,,,,,Alone,Learning by practicing,"Books, YouTube videos",Yes,Lack of time,Pressure,Teachers' teaching method,Bad quality of internet,Teaching language,Lack of previous knowledge or experience in the field,Not having a good (powerful) computer,Private life problems,3,No,5,5,Positively,8 hours or more,1,5,5,5,4,,,,,,,,,,,,,,,,,,,,,,,,,,,,,,,,,,1.3862943611198906,1.0986122886681098,0.0,0.0,0.0,0.0,0.0,0.0,0.0,0.0,0.0,1.791759469228055,0.6931471805599453,0.0,0.0,0.0,0.0,0.0,11,0,0,0,0,2,1,20,11,0,3,2,1,6,5,0,7,2,6,1,0,2,4,5,5,4,4,4,3,3,4,4,3,4,0,0,7,1,2,4,5,0,7,1,3,5,0,1,2,2,2,3,2,3,3,4,3,3,3,4,3,1,1,1,1,1,1,1,1,1,1,1,1,1,1,1,1
2025/01/08 6:15:49 PM GMT+1,Male,First year,Mathematics,18-25,In your room (dorms),Alone,Lectures;Learning by practicing;Online courses and tutorials,Online tutorials;YouTube videos,No,Lack of time,Pressure,Bad quality of internet,Bad quality of internet,Bad quality of internet,Bad quality of internet,Bad quality of internet,Bad quality of internet,,3,No,4,5,You do not care about,5-7 hours,5,10,6,8,7,,,,,,,,,,,,,,,,,,,,,,,,,,,,,,,,,,,,,,,,,,,,,,,,,,,,,,,,,,,,,,,,,,,,,,,,,,,,,,,,,,,,,,Alone,Learning by practicing,Online documents,No,Lack of time,Bad quality of internet,Pressure,Teachers' teaching method,Teaching language,Lack of previous knowledge or experience in the field,Private life problems,Not having a good (powerful) computer,4,No,4,4,You do not care about,5-7 hours,4,8,7,8,8,,,,,,,,,,,,,,,,,,,,,,,,,,,,,,,,,,1.6094379124341003,1.791759469228055,0.0,0.0,0.0,0.0,0.0,0.0,0.0,0.0,0.0,1.6094379124341003,1.6094379124341003,0.0,0.0,0.0,0.0,0.0,18,1,0,0,1,2,0,14,12,0,2,4,0,0,0,0,0,0,14,0,2,1,4,5,5,4,4,4,3,3,4,4,3,4,0,0,9,0,2,0,3,6,7,1,5,3,0,2,1,2,2,3,2,3,3,4,3,3,3,4,3,1,1,1,1,1,1,1,1,1,1,1,1,1,1,1,1
2025/01/08 8:44:43 PM GMT+1,Male,First year,Mathematics,10-17,In your room (dorms),In peer,Learning by practicing;Online courses and tutorials,Online tutorials;YouTube videos,No,Pressure,Lack of time,Teachers' teaching method,Private life problems,Lack of previous knowledge or experience in the field,Teaching language,Bad quality of internet,Not having a good (powerful) computer,,2,No,2,3,Negatively,5-7 hours,1,8,5,5,3,,,,,,,,,,,,,,,,,,,,,,,,,,,,,,,,,,,,,,,,,,,,,,,,,,,,,,,,,,,,,,,,,,,,,,,,,,,,,,,,,,,,,,In peer,Mind mapping and visualization,YouTube videos,No,Private life problems,Teachers' teaching method,Lack of previous knowledge or experience in the field,Lack of time,Pressure,Teaching language,Bad quality of internet,Not having a good (powerful) computer,3,Yes,3,3,You do not care about,5-7 hours,3,7,7,7,6,,,,,,,,,,,,,,,,,,,,,,,,,,,,,,,,,,1.0986122886681098,0.6931471805599453,0.0,0.0,0.0,0.0,0.0,0.0,0.0,0.0,0.0,1.3862943611198906,1.3862943611198906,0.0,0.0,0.0,0.0,0.0,41,1,0,0,0,2,1,5,12,0,3,2,6,5,1,7,0,2,14,0,0,1,4,5,5,4,4,4,3,3,4,4,3,4,1,18,18,0,4,6,1,2,4,7,0,3,1,2,1,2,2,3,2,3,3,4,3,3,3,4,3,1,1,1,1,1,1,1,1,1,1,1,1,1,1,1,1
2025/01/08 6:13:09 PM GMT+1,Male,First year,Mathematics,10-17,In your room (dorms),Alone,Learning by practicing;Project-based learning,Books;Online documents,No,Lack of time,Lack of previous knowledge or experience in the field,Teachers' teaching method,Bad quality of internet,Pressure,Teaching language,Not having a good (powerful) computer,Private life problems,,3,Yes,3,3,You do not care about,5-7 hours,5,8,10,10,10,,,,,,,,,,,,,,,,,,,,,,,,,,,,,,,,,,,,,,,,,,,,,,,,,,,,,,,,,,,,,,,,,,,,,,,,,,,,,,,,,,,,,,Alone,"Lectures, Learning by practicing, Online courses and tutorials","Online documents, YouTube videos",No,Lack of time,Bad quality of internet,Pressure,Lack of previous knowledge or experience in the field,Bad quality of internet,Lack of time,Lack of time,Lack of time,4,No,4,4,You do not care about,5-7 hours,4,6,7,6,7,,,,,,,,,,,,,,,,,,,,,,,,,,,,,,,,,,1.3862943611198906,1.791759469228055,0.0,0.0,0.0,0.0,0.0,0.0,0.0,0.0,0.0,1.6094379124341003,1.6094379124341003,0.0,0.0,0.0,0.0,0.0,14,1,0,0,0,2,0,6,1,0,2,1,6,0,4,7,3,4,14,1,2,1,4,5,5,4,4,4,3,3,4,4,3,4,0,13,10,0,2,0,3,1,0,2,2,2,0,2,1,2,2,3,2,3,3,4,3,3,3,4,3,1,1,1,1,1,1,1,1,1,1,1,1,1,1,1,1
2025/01/08 6:14:02 PM GMT+1,Female,First year,Mathematics,10-17,In your room (dorms),Alone,Lectures;Mind mapping and visualization,YouTube videos,Yes,Lack of previous knowledge or experience in the field,Lack of time,Teachers' teaching method,Pressure,Bad quality of internet,Private life problems,Not having a good (powerful) computer,Teaching language,"The shift of responsibilities we had after coming here, i was too lazy in the summer and going back immediately to a charged schedule was a little bit difficult, and also time management i believe between all the problems above it is my real and only problem , once I fix , everything will be much easier ",2,Yes,4,5,Negatively,5-7 hours,3,10,6,5,6,,,,,,,,,,,,,,,,,,,,,,,,,,,,,,,,,,,,,,,,,,,,,,,,,,,,,,,,,,,,,,,,,,,,,,,,,,,,,,,,,,,,,,Alone,"Learning by practicing, Mind mapping and visualization","Books, Online tutorials",No,Teaching language,Lack of time,Pressure,Bad quality of internet,Not having a good (powerful) computer,Lack of previous knowledge or experience in the field,Teachers' teaching method,Private life problems,4,No,4,4,You do not care about,8 hours or more,2,1,2,1,5,,,,,,,,,,,,,,,,,,,,,,,,,,,,,,,,,,1.6094379124341003,1.3862943611198906,0.0,0.0,0.0,0.0,0.0,0.0,0.0,0.0,0.0,1.6094379124341003,1.0986122886681098,0.0,0.0,0.0,0.0,0.0,15,0,0,0,0,2,0,18,14,1,1,2,6,4,0,5,3,6,9,1,0,1,4,5,5,4,4,4,3,3,4,4,3,4,0,2,3,0,6,2,3,0,3,1,6,5,0,2,2,2,2,3,2,3,3,4,3,3,3,4,3,1,1,1,1,1,1,1,1,1,1,1,1,1,1,1,1
2025/01/08 6:15:49 PM GMT+1,Male,First year,Mathematics,18-25,In your room (dorms),Alone,Lectures;Learning by practicing;Online courses and tutorials,Online tutorials;YouTube videos,No,Lack of time,Pressure,Bad quality of internet,Bad quality of internet,Bad quality of internet,Bad quality of internet,Bad quality of internet,Bad quality of internet,,3,No,4,5,You do not care about,5-7 hours,5,10,6,8,7,,,,,,,,,,,,,,,,,,,,,,,,,,,,,,,,,,,,,,,,,,,,,,,,,,,,,,,,,,,,,,,,,,,,,,,,,,,,,,,,,,,,,,Alone,"Learning by practicing, Mind mapping and visualization, Online courses and tutorials","Online documents, YouTube videos",No,Teachers' teaching method,Lack of time,Pressure,Private life problems,Lack of previous knowledge or experience in the field,Bad quality of internet,Teaching language,Not having a good (powerful) computer,4,No,4,3,Positively,8 hours or more,4,8,7,6,7,,,,,,,,,,,,,,,,,,,,,,,,,,,,,,,,,,1.6094379124341003,1.791759469228055,0.0,0.0,0.0,0.0,0.0,0.0,0.0,0.0,0.0,1.6094379124341003,1.6094379124341003,0.0,0.0,0.0,0.0,0.0,18,1,0,0,1,2,0,14,12,0,2,4,0,0,0,0,0,0,14,0,2,1,4,5,5,4,4,4,3,3,4,4,3,4,0,5,10,0,5,2,3,5,1,0,7,3,0,1,2,2,2,3,2,3,3,4,3,3,3,4,3,1,1,1,1,1,1,1,1,1,1,1,1,1,1,1,1
2025/01/08 6:14:02 PM GMT+1,Female,First year,Mathematics,10-17,In your room (dorms),Alone,Lectures;Mind mapping and visualization,YouTube videos,Yes,Lack of previous knowledge or experience in the field,Lack of time,Teachers' teaching method,Pressure,Bad quality of internet,Private life problems,Not having a good (powerful) computer,Teaching language,"The shift of responsibilities we had after coming here, i was too lazy in the summer and going back immediately to a charged schedule was a little bit difficult, and also time management i believe between all the problems above it is my real and only problem , once I fix , everything will be much easier ",2,Yes,4,5,Negatively,5-7 hours,3,10,6,5,6,,,,,,,,,,,,,,,,,,,,,,,,,,,,,,,,,,,,,,,,,,,,,,,,,,,,,,,,,,,,,,,,,,,,,,,,,,,,,,,,,,,,,,Alone,Learning by practicing,YouTube videos,No,Pressure,Lack of time,Lack of previous knowledge or experience in the field,Teachers' teaching method,Not having a good (powerful) computer,Bad quality of internet,Private life problems,Teaching language,2,No,3,4,You do not care about,5-7 hours,2,5,5,5,5,,,,,,,,,,,,,,,,,,,,,,,,,,,,,,,,,,1.6094379124341003,1.3862943611198906,0.0,0.0,0.0,0.0,0.0,0.0,0.0,0.0,0.0,1.3862943611198906,1.0986122886681098,0.0,0.0,0.0,0.0,0.0,15,0,0,0,0,2,0,18,14,1,1,2,6,4,0,5,3,6,9,1,0,1,4,5,5,4,4,4,3,3,4,4,3,4,0,0,18,0,3,2,1,6,3,0,5,7,0,2,1,2,2,3,2,3,3,4,3,3,3,4,3,1,1,1,1,1,1,1,1,1,1,1,1,1,1,1,1
2025/01/08 9:13:36 PM GMT+1,Male,First year,Science,10-17,In your room (dorms),In peer,Lectures;Learning by practicing;Project-based learning;Interactive workshops;Online courses and tutorials,YouTube videos,No,Private life problems,Lack of time,Bad quality of internet,Pressure,Lack of previous knowledge or experience in the field,Teachers' teaching method,Teaching language,Not having a good (powerful) computer,Everyone thinking that you've finished the program while being very late at it😂,3,No,3,3,You do not care about,8 hours or more,4,8,6,5,1,,,,,,,,,,,,,,,,,,,,,,,,,,,,,,,,,,,,,,,,,,,,,,,,,,,,,,,,,,,,,,,,,,,,,,,,,,,,,,,,,,,,,,Alone,"Learning by practicing, Online courses and tutorials","Online tutorials, Online documents, YouTube videos",No,Teachers' teaching method,Lack of time,Lack of previous knowledge or experience in the field,Pressure,Teachers' teaching method,Lack of time,Bad quality of internet,Teaching language,3,Yes,4,3,You do not care about,5-7 hours,4,8,10,8,7,,,,,,,,,,,,,,,,,,,,,,,,,,,,,,,,,,1.3862943611198906,1.6094379124341003,0.0,0.0,0.0,0.0,0.0,0.0,0.0,0.0,0.0,1.6094379124341003,1.6094379124341003,0.0,0.0,0.0,0.0,0.0,43,1,0,1,0,2,1,15,14,0,4,2,0,4,1,6,7,2,1,0,2,2,4,5,5,4,4,4,3,3,4,4,3,4,0,6,12,0,5,2,1,4,6,2,0,7,1,2,1,2,2,3,2,3,3,4,3,3,3,4,3,1,1,1,1,1,1,1,1,1,1,1,1,1,1,1,1
2025/01/08 7:06:13 PM GMT+1,Female,First year,Mathematics,10-17,In the school's library,In peer,Learning by practicing,Online tutorials;YouTube videos,Yes,Lack of previous knowledge or experience in the field,Teachers' teaching method,Lack of time,Pressure,Bad quality of internet,Not having a good (powerful) computer,Teaching language,Private life problems,"english language, studying secondry modules effect our focusing on main module, espacially with a lot of home works and projects",2,No,3,4,Positively,5-7 hours,2,7,9,10,6,10.0,,,,,,,,,,,,,,,,,,,,,,,,,,,,,,,,,,,,,,,,,,,,,,,,,,,,,,,,,,,,,,,,,,,,,,,,,,,,,,,,,,,,,With a group,"Learning by practicing, Online courses and tutorials","Online tutorials, YouTube videos",No,Lack of time,Pressure,Teachers' teaching method,Bad quality of internet,Lack of previous knowledge or experience in the field,Private life problems,Teaching language,Not having a good (powerful) computer,2,Yes,3,4,You do not care about,8 hours or more,1,7,6,6,7,,,,,,,,,,,,,,,,,,,,,,,,,,,,,,,,,,1.3862943611198906,1.0986122886681098,2.3978952727983707,0.0,0.0,0.0,0.0,0.0,0.0,0.0,0.0,1.3862943611198906,0.6931471805599453,0.0,0.0,0.0,0.0,0.0,30,0,0,0,0,1,1,1,12,1,1,6,2,4,0,3,7,4,12,0,1,1,4,5,5,4,4,4,3,3,4,4,3,4,2,6,16,0,2,4,5,0,1,5,7,3,1,2,2,2,2,3,2,3,3,4,3,3,3,4,3,1,1,1,1,1,1,1,1,1,1,1,1,1,1,1,1
2025/01/09 9:14:32 AM GMT+1,Female,First year,Science,10-17,In your room (dorms),Alone,Interactive workshops,Online documents;YouTube videos,No,Lack of time,Pressure,Lack of previous knowledge or experience in the field,Teaching language,Teachers' teaching method,Not having a good (powerful) computer,Bad quality of internet,Private life problems,,4,No,5,5,You do not care about,8 hours or more,4,6,7,8,8,,,,,,,,,,,,,,,,,,,,,,,,,,,,,,,,,,,,,,,,,,,,,,,,,,,,,,,,,,,,,,,,,,,,,,,,,,,,,,,,,,,,,,Alone,"Lectures, Learning by practicing","Books, Online tutorials, Online documents, YouTube videos",No,Pressure,Lack of time,Lack of previous knowledge or experience in the field,Teachers' teaching method,Bad quality of internet,Teaching language,Private life problems,Not having a good (powerful) computer,4,No,5,5,Positively,5-7 hours,3,6,7,6,2,,,,,,,,,,,,,,,,,,,,,,,,,,,,,,,,,,1.791759469228055,1.6094379124341003,0.0,0.0,0.0,0.0,0.0,0.0,0.0,0.0,0.0,1.791759469228055,1.3862943611198906,0.0,0.0,0.0,0.0,0.0,50,0,0,1,0,2,0,0,9,0,2,4,1,7,6,3,0,4,14,0,2,2,4,5,5,4,4,4,3,3,4,4,3,4,0,10,4,0,3,2,1,6,0,7,5,3,0,1,1,2,2,3,2,3,3,4,3,3,3,4,3,1,1,1,1,1,1,1,1,1,1,1,1,1,1,1,1
2025/01/12 7:31:48 AM GMT+1,Female,First year,Mathematics,26-33,In your room (dorms),Alone,Learning by practicing;Mind mapping and visualization,Online documents;YouTube videos,Yes,Pressure,Lack of time,Bad quality of internet,Private life problems,Lack of previous knowledge or experience in the field,Not having a good (powerful) computer,Teachers' teaching method,Teaching language,Self doubt when others perform better than me,3,No,5,5,You do not care about,5-7 hours,4,10,8,8,5,,,,,,,,,,,,,,,,,,,,,,,,,,,,,,,,,,,,,,,,,,,,,,,,,,,,,,,,,,,,,,,,,,,,,,,,,,,,,,,,,,,,,,Alone,"Lectures, Learning by practicing, Online courses and tutorials","Online documents, YouTube videos",Yes,Bad quality of internet,Lack of time,Pressure,Lack of previous knowledge or experience in the field,Teachers' teaching method,Private life problems,Not having a good (powerful) computer,Teaching language,2,Yes,4,5,Positively,5-7 hours,2,9,8,7,6,,,,,,,,,,,,,,,,,,,,,,,,,,,,,,,,,,1.791759469228055,1.6094379124341003,0.0,0.0,0.0,0.0,0.0,0.0,0.0,0.0,0.0,1.6094379124341003,1.0986122886681098,0.0,0.0,0.0,0.0,0.0,60,0,0,0,2,2,0,2,9,1,3,2,0,5,1,3,6,6,5,0,2,1,4,5,5,4,4,4,3,3,4,4,3,4,0,13,10,1,0,2,3,1,6,5,3,7,1,1,1,2,2,3,2,3,3,4,3,3,3,4,3,1,1,1,1,1,1,1,1,1,1,1,1,1,1,1,1
2025/01/09 3:16:53 PM GMT+1,Female,First year,Mathematics,10-17,In your room (dorms),Alone,Learning by practicing,YouTube videos,No,Lack of time,Teachers' teaching method,Pressure,Not having a good (powerful) computer,Lack of previous knowledge or experience in the field,Bad quality of internet,Private life problems,Teaching language,,2,No,4,4,You do not care about,8 hours or more,4,6,6,5,6,,,,,,,,,,,,,,,,,,,,,,,,,,,,,,,,,,,,,,,,,,,,,,,,,,,,,,,,,,,,,,,,,,,,,,,,,,,,,,,,,,,,,,Alone,"Learning by practicing, Mind mapping and visualization, Online courses and tutorials","Books, Online tutorials, YouTube videos",No,Lack of time,Teaching language,Pressure,Lack of previous knowledge or experience in the field,Teachers' teaching method,Bad quality of internet,Not having a good (powerful) computer,Private life problems,2,Yes,4,5,Positively,5-7 hours,4,8,5,5,5,,,,,,,,,,,,,,,,,,,,,,,,,,,,,,,,,,1.6094379124341003,1.6094379124341003,0.0,0.0,0.0,0.0,0.0,0.0,0.0,0.0,0.0,1.6094379124341003,1.6094379124341003,0.0,0.0,0.0,0.0,0.0,48,0,0,0,0,2,0,1,14,0,2,6,4,3,1,0,5,6,14,0,2,2,4,5,5,4,4,4,3,3,4,4,3,4,0,5,6,0,2,7,3,1,6,0,3,5,1,1,1,2,2,3,2,3,3,4,3,3,3,4,3,1,1,1,1,1,1,1,1,1,1,1,1,1,1,1,1
2025/01/08 7:07:17 PM GMT+1,Female,Second year,Science,18-25,In your room (dorms),Alone,Learning by practicing,Books;Online tutorials;Online documents;YouTube videos,Yes,Pressure,Not having a good (powerful) computer,Teachers' teaching method,Lack of time,Private life problems,Private life problems,Lack of previous knowledge or experience in the field,Teaching language,,2,No,1,1,Positively,8 hours or more,3,8,7,9,8,13.0,11.0,12.0,,,,,,,,,,,,,,,,,,,,,,,,,,,,,,,,,,,,,,,,,,,,,,,,,,,,,,,,,,,,,,,,,,,,,,,High,Moderate,Moderate,Moderate,High,Moderate,High,Moderate,Moderate,Low,Moderate,High,Alone,"Learning by practicing, Project-based learning","Books, Online tutorials, Online documents, YouTube videos",Yes,Pressure,Lack of time,Teachers' teaching method,Bad quality of internet,Private life problems,Teaching language,Lack of previous knowledge or experience in the field,Not having a good (powerful) computer,3,Yes,4,5,You do not care about,5-7 hours,3,9,9,9,7,Very High,High,High,Very High,High,High,15.0,High,High,Very High,High,Moderate,Moderate,13.0,14.0,,,,,,,,,,,,,,,,,,,0.6931471805599453,1.3862943611198906,2.6390573296152584,2.4849066497880004,2.5649493574615367,0.0,0.0,0.0,0.0,0.0,0.0,1.6094379124341003,1.3862943611198906,2.772588722239781,2.6390573296152584,2.70805020110221,0.0,0.0,31,0,1,1,1,2,0,1,4,1,3,3,6,2,5,5,1,6,14,0,1,2,0,2,2,2,0,1,0,1,2,1,1,0,0,7,4,1,3,2,5,0,5,7,1,3,1,2,1,1,0,0,1,0,0,0,0,2,0,2,1,1,1,1,1,1,1,1,1,1,1,1,1,1,1,1,1
2025/01/11 5:46:12 PM GMT+1,Male,First year,Mathematics,18-25,In your room (dorms),Alone,Lectures;Learning by practicing;Online courses and tutorials,Books;Online tutorials;Online documents;YouTube videos,No,Bad quality of internet,Pressure,Lack of time,Private life problems,Teachers' teaching method,Lack of previous knowledge or experience in the field,Teaching language,Not having a good (powerful) computer,,3,No,5,5,Positively,8 hours or more,3,6,10,8,9,,,,,,,,,,,,,,,,,,,,,,,,,,,,,,,,,,,,,,,,,,,,,,,,,,,,,,,,,,,,,,,,,,,,,,,,,,,,,,,,,,,,,,With a group,"Learning by practicing, Online courses and tutorials","Books, Online tutorials, Online documents, YouTube videos",No,Lack of time,Bad quality of internet,Pressure,Teachers' teaching method,Lack of previous knowledge or experience in the field,Private life problems,Not having a good (powerful) computer,Teaching language,2,No,2,4,Negatively,5-7 hours,3,8,2,2,7,,,,,,,,,,,,,,,,,,,,,,,,,,,,,,,,,,1.791759469228055,1.3862943611198906,0.0,0.0,0.0,0.0,0.0,0.0,0.0,0.0,0.0,1.0986122886681098,1.3862943611198906,0.0,0.0,0.0,0.0,0.0,58,1,0,0,1,2,0,14,4,0,0,4,2,5,6,1,7,2,14,0,1,2,4,5,5,4,4,4,3,3,4,4,3,4,2,6,4,0,2,0,3,6,1,5,3,7,0,0,1,2,2,3,2,3,3,4,3,3,3,4,3,1,1,1,1,1,1,1,1,1,1,1,1,1,1,1,1
2025/01/09 6:37:30 PM GMT+1,Male,First year,Technical maths,18-25,In your room (dorms),Alone,Lectures;Learning by practicing;Online courses and tutorials,Online tutorials;Online documents;YouTube videos,No,Lack of time,Pressure,Bad quality of internet,Teachers' teaching method,Lack of previous knowledge or experience in the field,Private life problems,Teaching language,Not having a good (powerful) computer,فقدان الشغف,3,Yes,4,4,Positively,5-7 hours,3,7,5,7,7,,,,,,,,,,,,,,,,,,,,,,,,,,,,,,,,,,,,,,,,,,,,,,,,,,,,,,,,,,,,,,,,,,,,,,,,,,,,,,,,,,,,,,Alone,"Learning by practicing, Online courses and tutorials","Online tutorials, YouTube videos",No,Pressure,Teaching language,Lack of previous knowledge or experience in the field,Lack of time,Teachers' teaching method,Bad quality of internet,Private life problems,Not having a good (powerful) computer,2,No,1,1,You do not care about,8 hours or more,5,2,2,2,3,,,,,,,,,,,,,,,,,,,,,,,,,,,,,,,,,,1.6094379124341003,1.3862943611198906,0.0,0.0,0.0,0.0,0.0,0.0,0.0,0.0,0.0,0.6931471805599453,1.791759469228055,0.0,0.0,0.0,0.0,0.0,49,1,0,2,1,2,0,14,11,0,2,4,0,6,1,5,7,2,16,1,1,1,4,5,5,4,4,4,3,3,4,4,3,4,0,6,16,0,3,7,1,2,6,0,5,3,0,2,2,2,2,3,2,3,3,4,3,3,3,4,3,1,1,1,1,1,1,1,1,1,1,1,1,1,1,1,1
2025/01/08 6:15:12 PM GMT+1,Male,Second year,Mathematics,10-17,In your room (dorms),Alone,Lectures;Learning by practicing,"Books;YouTube videos;chatgpt, course slides",No,Lack of time,Pressure,Lack of previous knowledge or experience in the field,Teachers' teaching method,Bad quality of internet,Not having a good (powerful) computer,Teaching language,Private life problems,,4,Yes,4,4,You do not care about,8 hours or more,1,6,5,5,5,15.0,13.0,14.0,,,,,,,,,,,,,,,,,,,,,,,,,,,,,,,,,,,,,,,,,,,,,,,,,,,,,,,,,,,,,,,,,,,,,,,Moderate,High,High,High,Moderate,Moderate,High,High,Moderate,Moderate,High,Moderate,Alone,Online courses and tutorials,YouTube videos,No,Lack of time,Lack of previous knowledge or experience in the field,Pressure,Private life problems,Teachers' teaching method,Bad quality of internet,Not having a good (powerful) computer,Teaching language,4,No,4,5,Positively,5-7 hours,2,7,5,3,5,Very High,High,High,High,High,High,15.0,High,Moderate,High,High,High,Moderate,12.0,13.0,,,,,,,,,,,,,,,,,,,1.6094379124341003,0.6931471805599453,2.772588722239781,2.6390573296152584,2.70805020110221,0.0,0.0,0.0,0.0,0.0,0.0,1.6094379124341003,1.0986122886681098,2.772588722239781,2.5649493574615367,2.6390573296152584,0.0,0.0,17,1,1,0,0,2,0,9,7,0,2,4,1,6,0,3,7,4,14,1,2,2,2,0,0,0,2,1,0,0,2,2,0,1,0,21,18,0,2,1,3,5,6,0,3,7,0,1,1,1,0,0,0,0,0,0,1,0,0,0,1,1,1,1,1,1,1,1,1,1,1,1,1,1,1,1,1
2025/01/08 7:12:56 PM GMT+1,Male,First year,Mathematics,18-25,In your room (dorms),Alone,Learning by practicing,Books;YouTube videos,Yes,Lack of previous knowledge or experience in the field,Pressure,Lack of time,Bad quality of internet,Teachers' teaching method,Teaching language,Private life problems,Not having a good (powerful) computer,,3,No,4,5,Positively,8 hours or more,3,7,8,6,7,,,,,,,,,,,,,,,,,,,,,,,,,,,,,,,,,,,,,,,,,,,,,,,,,,,,,,,,,,,,,,,,,,,,,,,,,,,,,,,,,,,,,,Alone,Online courses and tutorials,YouTube videos,Yes,Teachers' teaching method,Lack of previous knowledge or experience in the field,Lack of time,Bad quality of internet,Teaching language,Not having a good (powerful) computer,Pressure,Private life problems,3,No,5,5,Positively,5-7 hours,4,7,6,6,6,,,,,,,,,,,,,,,,,,,,,,,,,,,,,,,,,,1.6094379124341003,1.3862943611198906,0.0,0.0,0.0,0.0,0.0,0.0,0.0,0.0,0.0,1.791759469228055,1.6094379124341003,0.0,0.0,0.0,0.0,0.0,32,1,0,0,1,2,0,1,6,1,1,4,2,0,6,7,5,2,14,0,1,2,4,5,5,4,4,4,3,3,4,4,3,4,0,21,18,1,5,1,2,0,7,3,4,5,0,1,1,2,2,3,2,3,3,4,3,3,3,4,3,1,1,1,1,1,1,1,1,1,1,1,1,1,1,1,1
2025/01/09 12:26:52 AM GMT+1,Female,First year,Mathematics,10-17,In your room (dorms),Alone,Lectures,Online documents,No,Private life problems,Teachers' teaching method,Not having a good (powerful) computer,Lack of time,Pressure,Lack of previous knowledge or experience in the field,Bad quality of internet,Teaching language,"Not having the desire to study,.",1,Yes,1,2,You do not care about,8 hours or more,5,7,7,6,8,,,,,,,,,,,,,,,,,,,,,,,,,,,,,,,,,,,,,,,,,,,,,,,,,,,,,,,,,,,,,,,,,,,,,,,,,,,,,,,,,,,,,,Alone,"Learning by practicing, Mind mapping and visualization","Books, Online tutorials",No,Teaching language,Lack of time,Pressure,Bad quality of internet,Not having a good (powerful) computer,Lack of previous knowledge or experience in the field,Teachers' teaching method,Private life problems,4,No,4,4,You do not care about,8 hours or more,2,1,2,1,5,,,,,,,,,,,,,,,,,,,,,,,,,,,,,,,,,,0.6931471805599453,1.791759469228055,0.0,0.0,0.0,0.0,0.0,0.0,0.0,0.0,0.0,1.6094379124341003,1.0986122886681098,0.0,0.0,0.0,0.0,0.0,47,0,0,0,0,2,0,8,8,0,4,6,3,2,4,1,0,6,4,1,2,2,4,5,5,4,4,4,3,3,4,4,3,4,0,2,3,0,6,2,3,0,3,1,6,5,0,2,2,2,2,3,2,3,3,4,3,3,3,4,3,1,1,1,1,1,1,1,1,1,1,1,1,1,1,1,1
2025/01/08 6:32:02 PM GMT+1,Female,Second year,Mathematics,10-17,In your room (dorms),Alone,Lectures;Learning by practicing;Project-based learning;Online courses and tutorials,Online tutorials;Online documents;YouTube videos,No,Teachers' teaching method,Lack of previous knowledge or experience in the field,Teachers' teaching method,Bad quality of internet,Private life problems,Not having a good (powerful) computer,Pressure,Teaching language,,4,Yes,4,4,You do not care about,8 hours or more,5,7,9,8,9,13.0,15.0,14.0,,,,,,,,,,,,,,,,,,,,,,,,,,,,,,,,,,,,,,,,,,,,,,,,,,,,,,,,,,,,,,,,,,,,,,,Very Low,Very High,Very High,Very High,Low,Very Low,High,Very High,High,Very High,High,Very Low,Alone,"Learning by practicing, Project-based learning, Online courses and tutorials",YouTube videos,Yes,Private life problems,Pressure,Bad quality of internet,Lack of time,Lack of previous knowledge or experience in the field,Teachers' teaching method,Teaching language,Not having a good (powerful) computer,1,No,1,1,Positively,8 hours or more,3,8,8,5,6,Very High,Very High,High,Very High,High,Very High,16.0,Very High,Very High,Very High,Very High,Moderate,High,15.0,15.0,,,,,,,,,,,,,,,,,,,1.6094379124341003,1.791759469228055,2.6390573296152584,2.772588722239781,2.70805020110221,0.0,0.0,0.0,0.0,0.0,0.0,0.6931471805599453,1.3862943611198906,2.833213344056216,2.772588722239781,2.772588722239781,0.0,0.0,23,0,1,0,0,2,0,17,11,0,5,1,6,0,5,3,4,6,14,1,2,2,3,3,3,3,1,3,0,2,0,3,0,3,0,8,18,1,4,4,0,2,1,6,7,3,0,1,2,1,1,0,1,0,2,3,2,2,2,2,0,1,1,1,1,1,1,1,1,1,1,1,1,1,1,1,1
2025/01/08 6:07:25 PM GMT+1,Female,Second year,Mathematics,18-25,In your room (dorms),Alone,Online courses and tutorials,Online tutorials;YouTube videos;Private courses,No,Teachers' teaching method,Lack of time,Lack of time,Lack of previous knowledge or experience in the field,Teaching language,Teaching language,Not having a good (powerful) computer,Private life problems,,3,Yes,4,4,Negatively,5-7 hours,3,8,8,7,7,13.0,13.0,13.0,,,,,,,,,,,,,,,,,,,,,,,,,,,,,,,,,,,,,,,,,,,,,,,,,,,,,,,,,,,,,,,,,,,,,,,High,Moderate,Moderate,Moderate,High,Moderate,Moderate,Very High,High,High,High,High,Alone,"Lectures, Project-based learning, Interactive workshops, Online courses and tutorials","Books, YouTube videos",No,Teaching language,Lack of previous knowledge or experience in the field,Bad quality of internet,Lack of time,Teachers' teaching method,Not having a good (powerful) computer,Pressure,Private life problems,3,Yes,5,5,Positively,4 hours or less,2,3,5,5,5,High,High,High,High,Moderate,High,13.0,Moderate,High,High,High,Low,Moderate,11.0,12.0,,,,,,,,,,,,,,,,,,,1.6094379124341003,1.3862943611198906,2.6390573296152584,2.6390573296152584,2.6390573296152584,0.0,0.0,0.0,0.0,0.0,0.0,1.791759469228055,1.0986122886681098,2.6390573296152584,2.4849066497880004,2.5649493574615367,0.0,0.0,12,0,1,0,1,2,0,22,13,0,5,2,2,1,7,7,3,4,14,1,0,1,0,2,2,2,0,1,1,2,0,0,0,0,0,17,7,0,6,1,0,2,6,3,4,5,1,1,0,0,0,0,0,1,0,2,0,0,0,1,1,1,1,1,1,1,1,1,1,1,1,1,1,1,1,1,1
2025/01/10 10:21:25 AM GMT+1,Male,Second year,Science,18-25,In your room (dorms),With a group,Lectures;Learning by practicing;Mind mapping and visualization,Books;Online tutorials;YouTube videos,No,Pressure,Lack of time,Lack of previous knowledge or experience in the field,Bad quality of internet,Teaching language,Not having a good (powerful) computer,Private life problems,Teachers' teaching method,,3,Yes,3,2,Positively,5-7 hours,3,6,4,4,6,,,,,,,,,,,,,,,,,,,,,,,,,,,,,,,,,,,,,,,,,,,,,,,,,,,,,,,,,,,,,,,,,,,,,,,,,,Moderate,Moderate,Moderate,Low,Moderate,High,Moderate,High,Moderate,Moderate,Moderate,High,Alone,Learning by practicing,"Books, Online documents",No,Lack of time,Lack of previous knowledge or experience in the field,Teachers' teaching method,Bad quality of internet,Pressure,Not having a good (powerful) computer,Private life problems,Teaching language,2,No,4,4,Negatively,8 hours or more,3,8,9,9,8,Very High,Very High,Very High,Very High,High,High,16.0,Very High,Very High,Very High,Very High,High,Very High,17.0,16.0,,,,,,,,,,,,,,,,,,,1.3862943611198906,1.3862943611198906,0.0,0.0,0.0,0.0,0.0,0.0,0.0,0.0,0.0,1.6094379124341003,1.3862943611198906,2.833213344056216,2.8903717578961645,2.833213344056216,0.0,0.0,52,1,1,1,1,2,2,11,5,0,3,2,1,0,7,3,5,5,14,1,1,1,2,2,2,1,2,0,1,0,2,2,1,0,0,0,0,0,2,1,5,0,4,3,5,7,0,0,2,1,1,2,1,0,0,3,2,2,2,0,2,1,1,1,1,1,1,1,1,1,1,1,1,1,1,1,1
2025/01/09 10:14:52 AM GMT+1,Male,First year,Mathematics,10-17,In your room (dorms),Alone,Learning by practicing,YouTube videos,No,Pressure,Lack of time,Lack of previous knowledge or experience in the field,Not having a good (powerful) computer,Bad quality of internet,Teachers' teaching method,Pressure,Lack of time,,2,Yes,4,4,You do not care about,5-7 hours,2,6,7,6,7,,,,,,,,,,,,,,,,,,,,,,,,,,,,,,,,,,,,,,,,,,,,,,,,,,,,,,,,,,,,,,,,,,,,,,,,,,,,,,,,,,,,,,Alone,"Learning by practicing, Project-based learning","Online tutorials, YouTube videos",No,Pressure,Lack of time,Private life problems,Private life problems,Teachers' teaching method,Lack of previous knowledge or experience in the field,Not having a good (powerful) computer,Bad quality of internet,4,Yes,5,5,You do not care about,5-7 hours,3,6,5,4,5,,,,,,,,,,,,,,,,,,,,,,,,,,,,,,,,,,1.6094379124341003,1.0986122886681098,0.0,0.0,0.0,0.0,0.0,0.0,0.0,0.0,0.0,1.791759469228055,1.3862943611198906,0.0,0.0,0.0,0.0,0.0,44,1,0,0,0,2,0,1,14,0,3,2,1,3,0,6,4,1,14,1,2,1,4,5,5,4,4,4,3,3,4,4,3,4,0,7,16,0,3,2,4,5,6,1,3,0,1,2,1,2,2,3,2,3,3,4,3,3,3,4,3,1,1,1,1,1,1,1,1,1,1,1,1,1,1,1,1
2025/01/09 12:26:52 AM GMT+1,Female,First year,Mathematics,10-17,In your room (dorms),Alone,Lectures,Online documents,No,Private life problems,Teachers' teaching method,Not having a good (powerful) computer,Lack of time,Pressure,Lack of previous knowledge or experience in the field,Bad quality of internet,Teaching language,"Not having the desire to study,.",1,Yes,1,2,You do not care about,8 hours or more,5,7,7,6,8,,,,,,,,,,,,,,,,,,,,,,,,,,,,,,,,,,,,,,,,,,,,,,,,,,,,,,,,,,,,,,,,,,,,,,,,,,,,,,,,,,,,,,Alone,Online courses and tutorials,YouTube videos,No,Private life problems,Teachers' teaching method,Lack of previous knowledge or experience in the field,Teaching language,Lack of time,Not having a good (powerful) computer,Bad quality of internet,Bad quality of internet,2,No,2,2,Negatively,8 hours or more,2,8,7,7,7,,,,,,,,,,,,,,,,,,,,,,,,,,,,,,,,,,0.6931471805599453,1.791759469228055,0.0,0.0,0.0,0.0,0.0,0.0,0.0,0.0,0.0,1.0986122886681098,1.0986122886681098,0.0,0.0,0.0,0.0,0.0,47,0,0,0,0,2,0,8,8,0,4,6,3,2,4,1,0,6,4,1,2,2,4,5,5,4,4,4,3,3,4,4,3,4,0,21,18,0,4,6,1,7,2,3,0,0,0,0,2,2,2,3,2,3,3,4,3,3,3,4,3,1,1,1,1,1,1,1,1,1,1,1,1,1,1,1,1
2025/01/08 8:05:42 PM GMT+1,Female,First year,Mathematics,10-17,In your room (dorms),Alone,Mind mapping and visualization;Online courses and tutorials,Online tutorials;Online documents;YouTube videos,Yes,Lack of time,Teachers' teaching method,Teaching language,Bad quality of internet,Lack of previous knowledge or experience in the field,Private life problems,Pressure,Not having a good (powerful) computer,,3,Yes,4,4,You do not care about,5-7 hours,4,5,7,3,8,,,,,,,,,,,,,,,,,,,,,,,,,,,,,,,,,,,,,,,,,,,,,,,,,,,,,,,,,,,,,,,,,,,,,,,,,,,,,,,,,,,,,,Alone,"Learning by practicing, Mind mapping and visualization","Books, Online tutorials",No,Teaching language,Lack of time,Pressure,Bad quality of internet,Not having a good (powerful) computer,Lack of previous knowledge or experience in the field,Teachers' teaching method,Private life problems,4,No,4,4,You do not care about,8 hours or more,2,1,2,1,5,,,,,,,,,,,,,,,,,,,,,,,,,,,,,,,,,,1.6094379124341003,1.6094379124341003,0.0,0.0,0.0,0.0,0.0,0.0,0.0,0.0,0.0,1.6094379124341003,1.0986122886681098,0.0,0.0,0.0,0.0,0.0,37,0,0,0,0,2,0,21,11,1,2,6,7,0,1,5,4,2,14,1,2,1,4,5,5,4,4,4,3,3,4,4,3,4,0,2,3,0,6,2,3,0,3,1,6,5,0,2,2,2,2,3,2,3,3,4,3,3,3,4,3,1,1,1,1,1,1,1,1,1,1,1,1,1,1,1,1
2025/01/10 1:05:26 AM GMT+1,Female,Second year,Mathematics,26-33,In your room (dorms),Alone,Learning by practicing;Mind mapping and visualization,Books;Online tutorials;Online documents;YouTube videos,Yes,Pressure,Lack of time,Private life problems,Lack of previous knowledge or experience in the field,Teachers' teaching method,Bad quality of internet,Teaching language,Not having a good (powerful) computer,Trying to balence life with studies ,2,Yes,5,3,You do not care about,5-7 hours,2,10,6,4,5,12.0,11.0,11.0,,,,,,,,,,,,,,,,,,,,,,,,,,,,,,,,,,,,,,,,,,,,,,,,,,,,,,,,,,,,,,,,,,,,,,,Moderate,Moderate,Moderate,Moderate,Very High,High,Moderate,Moderate,Moderate,Low,Moderate,Very High,Alone,"Learning by practicing, Mind mapping and visualization, Interactive workshops","Books, Online tutorials",No,Private life problems,Pressure,Lack of time,Lack of previous knowledge or experience in the field,Teachers' teaching method,Bad quality of internet,Not having a good (powerful) computer,Teaching language,2,Yes,2,5,You do not care about,8 hours or more,1,8,5,4,6,High,High,Very High,Very High,Moderate,High,14.0,High,Moderate,High,Moderate,Moderate,Moderate,11.0,12.0,,,,,,,,,,,,,,,,,,,1.791759469228055,1.0986122886681098,2.5649493574615367,2.4849066497880004,2.4849066497880004,0.0,0.0,0.0,0.0,0.0,0.0,1.0986122886681098,0.6931471805599453,2.70805020110221,2.4849066497880004,2.5649493574615367,0.0,0.0,54,0,1,0,2,2,0,2,4,1,3,2,5,1,6,0,7,2,11,1,2,1,2,2,2,2,3,0,1,1,2,1,1,2,0,3,3,0,4,4,2,1,6,0,3,7,1,2,2,0,0,2,1,1,0,0,1,0,1,2,1,1,1,1,1,1,1,1,1,1,1,1,1,1,1,1,1
2025/01/11 6:52:24 PM GMT+1,Male,First year,Mathematics,10-17,In the school's library,Alone,Learning by practicing,YouTube videos,Yes,Lack of time,Teachers' teaching method,Lack of previous knowledge or experience in the field,Pressure,Bad quality of internet,Private life problems,Lack of time,Pressure,,2,Yes,3,4,Positively,5-7 hours,3,8,5,7,3,,,,,,,,,,,,,,,,,,,,,,,,,,,,,,,,,,,,,,,,,,,,,,,,,,,,,,,,,,,,,,,,,,,,,,,,,,,,,,,,,,,,,,Alone,"Project-based learning, Interactive workshops, Online courses and tutorials",YouTube videos,No,Private life problems,Bad quality of internet,Lack of time,Pressure,Teachers' teaching method,Lack of previous knowledge or experience in the field,Teaching language,Not having a good (powerful) computer,2,Yes,2,4,Positively,8 hours or more,4,8,6,4,1,,,,,,,,,,,,,,,,,,,,,,,,,,,,,,,,,,1.3862943611198906,1.3862943611198906,0.0,0.0,0.0,0.0,0.0,0.0,0.0,0.0,0.0,1.0986122886681098,1.6094379124341003,0.0,0.0,0.0,0.0,0.0,59,1,0,0,0,1,0,1,14,1,2,6,1,4,0,5,2,3,14,1,1,1,4,5,5,4,4,4,3,3,4,4,3,4,0,22,18,0,4,0,2,4,6,1,7,3,1,1,2,2,2,3,2,3,3,4,3,3,3,4,3,1,1,1,1,1,1,1,1,1,1,1,1,1,1,1,1
2025/01/08 8:04:00 PM GMT+1,Male,Second year,Mathematics,10-17,In your room (dorms),Alone,Lectures;Mind mapping and visualization,Books;Online documents;YouTube videos,No,Teachers' teaching method,Private life problems,Lack of time,Pressure,Pressure,Not having a good (powerful) computer,Lack of time,Bad quality of internet,,2,No,3,4,You do not care about,5-7 hours,3,8,6,6,5,14.0,13.0,14.0,,,,,,,,,,,,,,,,,,,,,,,,,,,,,,,,,,,,,,,,,,,,,,,,,,,,,,,,,,,,,,,,,,,,,,,,,,,,,,,,,,,Alone,Online courses and tutorials,YouTube videos,No,Lack of time,Lack of previous knowledge or experience in the field,Pressure,Private life problems,Teachers' teaching method,Bad quality of internet,Not having a good (powerful) computer,Teaching language,4,No,4,5,Positively,5-7 hours,2,7,5,3,5,Very High,High,High,High,High,High,15.0,High,Moderate,High,High,High,Moderate,12.0,13.0,,,,,,,,,,,,,,,,,,,1.3862943611198906,1.3862943611198906,2.70805020110221,2.6390573296152584,2.70805020110221,0.0,0.0,0.0,0.0,0.0,0.0,1.6094379124341003,1.0986122886681098,2.772588722239781,2.5649493574615367,2.6390573296152584,0.0,0.0,36,1,1,0,0,2,0,18,2,0,5,5,2,4,4,3,2,0,14,0,2,1,4,5,5,4,4,4,3,3,4,4,3,4,0,21,18,0,2,1,3,5,6,0,3,7,0,1,1,1,0,0,0,0,0,0,1,0,0,0,1,1,1,1,1,1,1,1,1,1,1,1,1,1,1,1,1
2025/01/08 7:24:02 PM GMT+1,Male,Second year,Mathematics,10-17,In the school's library,In peer,Lectures,Online tutorials;YouTube videos,No,Teaching language,Pressure,Lack of previous knowledge or experience in the field,Teachers' teaching method,Lack of time,Private life problems,Not having a good (powerful) computer,Private life problems,.,2,Yes,3,4,You do not care about,5-7 hours,5,8,6,6,6,,,10.0,9.0,,,,,,,,,,,,,,,,,,,,,,,,,,,,,,,,,,,,,,,,,,,,,,,,,,,,,,,,,,,,,,,,,,,,,,Moderate,Low,Low,High,High,Moderate,Moderate,High,Moderate,High,Moderate,High,Alone,"Lectures, Learning by practicing, Online courses and tutorials","Books, Online documents, YouTube videos",No,Lack of time,Private life problems,Pressure,Lack of previous knowledge or experience in the field,Bad quality of internet,Teachers' teaching method,Teaching language,Not having a good (powerful) computer,2,Yes,2,4,You do not care about,5-7 hours,2,8,6,7,7,Very High,High,High,High,Moderate,High,13.0,High,High,Very High,Moderate,Moderate,Moderate,11.0,12.0,,,,,,,,,,,,,,,,,,,1.3862943611198906,1.791759469228055,0.0,0.0,2.3978952727983707,2.302585092994046,0.0,0.0,0.0,0.0,0.0,1.0986122886681098,1.0986122886681098,2.6390573296152584,2.4849066497880004,2.5649493574615367,0.0,0.0,35,1,1,0,0,1,1,8,12,0,6,4,1,6,2,5,3,4,0,1,2,1,2,1,1,0,0,1,1,0,2,0,1,0,0,13,1,0,2,5,3,1,0,6,7,3,1,2,1,1,0,0,0,1,0,0,0,2,1,2,1,1,1,1,1,1,1,1,1,1,1,1,1,1,1,1,1
2025/01/08 6:29:43 PM GMT+1,Male,First year,Mathematics,26-33,In your room (dorms),Alone,Learning by practicing;Online courses and tutorials,Online tutorials;YouTube videos,Yes,Lack of time,Lack of time,Lack of previous knowledge or experience in the field,Private life problems,Bad quality of internet,Teachers' teaching method,Not having a good (powerful) computer,Teaching language,,2,Yes,3,3,You do not care about,5-7 hours,3,7,7,8,6,,,,,,,,,,,,,,,,,,,,,,,,,,,,,,,,,,,,,,,,,,,,,,,,,,,,,,,,,,,,,,,,,,,,,,,,,,,,,,,,,,,,,,Alone,Online courses and tutorials,Online tutorials,No,Pressure,Lack of time,Lack of previous knowledge or experience in the field,Private life problems,Bad quality of internet,Teachers' teaching method,Not having a good (powerful) computer,Teaching language,2,No,4,4,You do not care about,5-7 hours,3,10,9,9,9,,,,,,,,,,,,,,,,,,,,,,,,,,,,,,,,,,1.3862943611198906,1.3862943611198906,0.0,0.0,0.0,0.0,0.0,0.0,0.0,0.0,0.0,1.6094379124341003,1.3862943611198906,0.0,0.0,0.0,0.0,0.0,22,1,0,0,2,2,0,5,12,1,2,2,1,5,0,6,3,6,14,1,2,1,4,5,5,4,4,4,3,3,4,4,3,4,0,21,11,0,3,2,1,5,0,6,3,7,0,2,1,2,2,3,2,3,3,4,3,3,3,4,3,1,1,1,1,1,1,1,1,1,1,1,1,1,1,1,1
2025/01/08 9:00:14 PM GMT+1,Male,Second year,Mathematics,18-25,In your room (dorms),Alone,Lectures;Learning by practicing,Books;YouTube videos,No,Lack of time,Pressure,Teachers' teaching method,Private life problems,Lack of previous knowledge or experience in the field,Not having a good (powerful) computer,Bad quality of internet,Teaching language,,2,Yes,4,4,You do not care about,4 hours or less,5,7,9,8,7,15.0,14.0,15.0,,,,,,,,,,,,,,,,,,,,,,,,,,,,,,,,,,,,,,,,,,,,,,,,,,,,,,,,,,,,,,,,,,,,,,,High,Very High,High,High,High,High,High,Very High,High,High,High,High,Alone,"Mind mapping and visualization, Online courses and tutorials","Books, Online tutorials, Online documents, YouTube videos, Private courses",Yes,Private life problems,Lack of previous knowledge or experience in the field,Teachers' teaching method,Lack of time,Pressure,Bad quality of internet,Teaching language,Not having a good (powerful) computer,2,No,2,3,You do not care about,8 hours or more,4,8,6,5,8,High,High,High,Very High,High,Moderate,14.0,High,High,High,High,Moderate,Moderate,13.0,13.0,,,,,,,,,,,,,,,,,,,1.6094379124341003,1.791759469228055,2.772588722239781,2.70805020110221,2.772588722239781,0.0,0.0,0.0,0.0,0.0,0.0,1.0986122886681098,1.6094379124341003,2.70805020110221,2.6390573296152584,2.6390573296152584,0.0,0.0,42,1,1,0,1,2,0,9,6,0,2,4,6,5,1,3,0,6,14,1,2,0,0,3,0,0,0,0,0,2,0,0,0,0,0,20,5,1,4,1,5,2,4,0,7,3,0,2,2,0,0,0,1,0,1,0,0,0,0,2,1,1,1,1,1,1,1,1,1,1,1,1,1,1,1,1,1
2025/01/08 6:14:32 PM GMT+1,Male,First year,Mathematics,10-17,In your room (dorms),Alone,Online courses and tutorials,YouTube videos,No,Teachers' teaching method,Pressure,Lack of time,Lack of previous knowledge or experience in the field,Bad quality of internet,Lack of time,Teachers' teaching method,Teachers' teaching method,الاساتذة كاين لي طريقتو لا تناسب (وهذا باجماع كل الطلبة مشي انا برك),1,No,1,2,Positively,5-7 hours,3,6,2,2,5,,,,,,,,,,,,,,,,,,,,,,,,,,,,,,,,,,,,,,,,,,,,,,,,,,,,,,,,,,,,,,,,,,,,,,,,,,,,,,,,,,,,,,Alone,Lectures,YouTube videos,No,Teachers' teaching method,Teachers' teaching method,Teachers' teaching method,Teachers' teaching method,Teaching language,Teaching language,Teaching language,Teaching language,2,Yes,5,5,You do not care about,5-7 hours,5,7,8,8,7,,,,,,,,,,,,,,,,,,,,,,,,,,,,,,,,,,0.6931471805599453,1.3862943611198906,0.0,0.0,0.0,0.0,0.0,0.0,0.0,0.0,0.0,1.791759469228055,1.791759469228055,0.0,0.0,0.0,0.0,0.0,16,1,0,0,0,2,0,22,14,0,5,4,2,1,0,2,6,5,15,0,1,1,4,5,5,4,4,4,3,3,4,4,3,4,0,9,18,0,5,6,5,6,7,7,7,7,1,2,1,2,2,3,2,3,3,4,3,3,3,4,3,1,1,1,1,1,1,1,1,1,1,1,1,1,1,1,1
2025/01/08 9:00:14 PM GMT+1,Male,Second year,Mathematics,18-25,In your room (dorms),Alone,Lectures;Learning by practicing,Books;YouTube videos,No,Lack of time,Pressure,Teachers' teaching method,Private life problems,Lack of previous knowledge or experience in the field,Not having a good (powerful) computer,Bad quality of internet,Teaching language,,2,Yes,4,4,You do not care about,4 hours or less,5,7,9,8,7,15.0,14.0,15.0,,,,,,,,,,,,,,,,,,,,,,,,,,,,,,,,,,,,,,,,,,,,,,,,,,,,,,,,,,,,,,,,,,,,,,,High,Very High,High,High,High,High,High,Very High,High,High,High,High,Alone,"Mind mapping and visualization, Online courses and tutorials","Online tutorials, Online documents, YouTube videos",Yes,Teachers' teaching method,Lack of previous knowledge or experience in the field,Pressure,Private life problems,Lack of time,Bad quality of internet,Teaching language,Not having a good (powerful) computer,2,Yes,3,3,Negatively,5-7 hours,3,6,6,6,8,High,High,Moderate,Very High,High,Moderate,14.0,High,Very High,High,High,Moderate,Moderate,13.0,13.0,,,,,,,,,,,,,,,,,,,1.6094379124341003,1.791759469228055,2.772588722239781,2.70805020110221,2.772588722239781,0.0,0.0,0.0,0.0,0.0,0.0,1.3862943611198906,1.3862943611198906,2.70805020110221,2.6390573296152584,2.6390573296152584,0.0,0.0,42,1,1,0,1,2,0,9,6,0,2,4,6,5,1,3,0,6,14,1,2,0,0,3,0,0,0,0,0,2,0,0,0,0,0,20,12,1,5,1,3,5,2,0,7,3,1,0,1,0,0,1,1,0,1,0,2,0,0,2,1,1,1,1,1,1,1,1,1,1,1,1,1,1,1,1,1
2025/01/09 6:37:30 PM GMT+1,Male,First year,Technical maths,18-25,In your room (dorms),Alone,Lectures;Learning by practicing;Online courses and tutorials,Online tutorials;Online documents;YouTube videos,No,Lack of time,Pressure,Bad quality of internet,Teachers' teaching method,Lack of previous knowledge or experience in the field,Private life problems,Teaching language,Not having a good (powerful) computer,فقدان الشغف,3,Yes,4,4,Positively,5-7 hours,3,7,5,7,7,,,,,,,,,,,,,,,,,,,,,,,,,,,,,,,,,,,,,,,,,,,,,,,,,,,,,,,,,,,,,,,,,,,,,,,,,,,,,,,,,,,,,,Alone,Learning by practicing,YouTube videos,Yes,Lack of time,Lack of previous knowledge or experience in the field,Pressure,Bad quality of internet,Teachers' teaching method,Teaching language,Not having a good (powerful) computer,Private life problems,2,No,4,4,Positively,8 hours or more,3,8,7,7,6,,,,,,,,,,,,,,,,,,,,,,,,,,,,,,,,,,1.6094379124341003,1.3862943611198906,0.0,0.0,0.0,0.0,0.0,0.0,0.0,0.0,0.0,1.6094379124341003,1.3862943611198906,0.0,0.0,0.0,0.0,0.0,49,1,0,2,1,2,0,14,11,0,2,4,0,6,1,5,7,2,16,1,1,1,4,5,5,4,4,4,3,3,4,4,3,4,0,0,18,1,2,1,3,0,6,7,3,5,0,1,2,2,2,3,2,3,3,4,3,3,3,4,3,1,1,1,1,1,1,1,1,1,1,1,1,1,1,1,1
2025/01/08 6:01:30 PM GMT+1,Male,First year,Mathematics,10-17,In your room (dorms),Alone,Learning by practicing,Online tutorials,No,Pressure,Private life problems,Bad quality of internet,Lack of previous knowledge or experience in the field,Teachers' teaching method,Lack of time,Not having a good (powerful) computer,Teaching language,,3,No,1,2,You do not care about,5-7 hours,4,9,8,8,6,,,,,,,,,,,,,,,,,,,,,,,,,,,,,,,,,,,,,,,,,,,,,,,,,,,,,,,,,,,,,,,,,,,,,,,,,,,,,,,,,,,,,,Alone,"Lectures, Learning by practicing, Online courses and tutorials","Online documents, YouTube videos",No,Lack of time,Bad quality of internet,Pressure,Lack of previous knowledge or experience in the field,Bad quality of internet,Lack of time,Lack of time,Lack of time,4,No,4,4,You do not care about,5-7 hours,4,6,7,6,7,,,,,,,,,,,,,,,,,,,,,,,,,,,,,,,,,,0.6931471805599453,1.6094379124341003,0.0,0.0,0.0,0.0,0.0,0.0,0.0,0.0,0.0,1.6094379124341003,1.6094379124341003,0.0,0.0,0.0,0.0,0.0,4,1,0,0,0,2,0,1,10,0,3,5,0,1,6,2,3,6,14,0,2,1,4,5,5,4,4,4,3,3,4,4,3,4,0,13,10,0,2,0,3,1,0,2,2,2,0,2,1,2,2,3,2,3,3,4,3,3,3,4,3,1,1,1,1,1,1,1,1,1,1,1,1,1,1,1,1
2025/01/11 2:46:56 AM GMT+1,Male,Second year,Mathematics,18-25,In the school's library,Alone,Lectures,Books,No,Lack of time,Private life problems,Pressure,Bad quality of internet,Teachers' teaching method,Lack of previous knowledge or experience in the field,Teaching language,Not having a good (powerful) computer,,3,Yes,4,5,You do not care about,5-7 hours,4,8,8,8,9,16.0,17.0,16.0,,,,,,,,,,,,,,,,,,,,,,,,,,,,,,,,,,,,,,,,,,,,,,,,,,,,,,,,,,,,,,,,,,,,,,,,,,,,,,,,,,,Alone,"Learning by practicing, Mind mapping and visualization, Online courses and tutorials","Books, YouTube videos",No,Lack of previous knowledge or experience in the field,Private life problems,Pressure,Pressure,Bad quality of internet,Lack of time,Not having a good (powerful) computer,Teaching language,2,No,4,5,You do not care about,5-7 hours,2,9,4,5,7,Very High,High,Moderate,High,Moderate,High,13.0,Moderate,Moderate,Moderate,Moderate,High,Moderate,11.0,12.0,,,,,,,,,,,,,,,,,,,1.6094379124341003,1.6094379124341003,2.833213344056216,2.8903717578961645,2.833213344056216,0.0,0.0,0.0,0.0,0.0,0.0,1.6094379124341003,1.0986122886681098,2.6390573296152584,2.4849066497880004,2.5649493574615367,0.0,0.0,56,1,1,0,1,1,0,8,0,0,2,5,4,0,6,1,7,2,14,1,2,1,4,5,5,4,4,4,3,3,4,4,3,4,0,5,7,0,1,5,3,4,0,2,3,7,0,2,1,1,0,1,0,1,0,2,1,1,1,0,1,1,1,1,1,1,1,1,1,1,1,1,1,1,1,1,1
2025/01/09 12:26:52 AM GMT+1,Female,First year,Mathematics,10-17,In your room (dorms),Alone,Lectures,Online documents,No,Private life problems,Teachers' teaching method,Not having a good (powerful) computer,Lack of time,Pressure,Lack of previous knowledge or experience in the field,Bad quality of internet,Teaching language,"Not having the desire to study,.",1,Yes,1,2,You do not care about,8 hours or more,5,7,7,6,8,,,,,,,,,,,,,,,,,,,,,,,,,,,,,,,,,,,,,,,,,,,,,,,,,,,,,,,,,,,,,,,,,,,,,,,,,,,,,,,,,,,,,,Alone,Learning by practicing,"Books, YouTube videos",Yes,Lack of time,Pressure,Teachers' teaching method,Bad quality of internet,Teaching language,Lack of previous knowledge or experience in the field,Not having a good (powerful) computer,Private life problems,3,No,5,5,Positively,8 hours or more,1,5,5,5,4,,,,,,,,,,,,,,,,,,,,,,,,,,,,,,,,,,0.6931471805599453,1.791759469228055,0.0,0.0,0.0,0.0,0.0,0.0,0.0,0.0,0.0,1.791759469228055,0.6931471805599453,0.0,0.0,0.0,0.0,0.0,47,0,0,0,0,2,0,8,8,0,4,6,3,2,4,1,0,6,4,1,2,2,4,5,5,4,4,4,3,3,4,4,3,4,0,0,7,1,2,4,5,0,7,1,3,5,0,1,2,2,2,3,2,3,3,4,3,3,3,4,3,1,1,1,1,1,1,1,1,1,1,1,1,1,1,1,1
2025/01/08 6:01:30 PM GMT+1,Male,First year,Mathematics,10-17,In your room (dorms),Alone,Learning by practicing,Online tutorials,No,Pressure,Private life problems,Bad quality of internet,Lack of previous knowledge or experience in the field,Teachers' teaching method,Lack of time,Not having a good (powerful) computer,Teaching language,,3,No,1,2,You do not care about,5-7 hours,4,9,8,8,6,,,,,,,,,,,,,,,,,,,,,,,,,,,,,,,,,,,,,,,,,,,,,,,,,,,,,,,,,,,,,,,,,,,,,,,,,,,,,,,,,,,,,,Alone,"Learning by practicing, Project-based learning","Online tutorials, YouTube videos",No,Pressure,Lack of time,Private life problems,Private life problems,Teachers' teaching method,Lack of previous knowledge or experience in the field,Not having a good (powerful) computer,Bad quality of internet,4,Yes,5,5,You do not care about,5-7 hours,3,6,5,4,5,,,,,,,,,,,,,,,,,,,,,,,,,,,,,,,,,,0.6931471805599453,1.6094379124341003,0.0,0.0,0.0,0.0,0.0,0.0,0.0,0.0,0.0,1.791759469228055,1.3862943611198906,0.0,0.0,0.0,0.0,0.0,4,1,0,0,0,2,0,1,10,0,3,5,0,1,6,2,3,6,14,0,2,1,4,5,5,4,4,4,3,3,4,4,3,4,0,7,16,0,3,2,4,5,6,1,3,0,1,2,1,2,2,3,2,3,3,4,3,3,3,4,3,1,1,1,1,1,1,1,1,1,1,1,1,1,1,1,1
2025/01/08 8:05:42 PM GMT+1,Female,First year,Mathematics,10-17,In your room (dorms),Alone,Mind mapping and visualization;Online courses and tutorials,Online tutorials;Online documents;YouTube videos,Yes,Lack of time,Teachers' teaching method,Teaching language,Bad quality of internet,Lack of previous knowledge or experience in the field,Private life problems,Pressure,Not having a good (powerful) computer,,3,Yes,4,4,You do not care about,5-7 hours,4,5,7,3,8,,,,,,,,,,,,,,,,,,,,,,,,,,,,,,,,,,,,,,,,,,,,,,,,,,,,,,,,,,,,,,,,,,,,,,,,,,,,,,,,,,,,,,Alone,Online courses and tutorials,YouTube videos,No,Pressure,Lack of time,Bad quality of internet,Lack of previous knowledge or experience in the field,Teachers' teaching method,Private life problems,Not having a good (powerful) computer,Teaching language,2,No,1,2,You do not care about,8 hours or more,2,8,6,6,6,,,,,,,,,,,,,,,,,,,,,,,,,,,,,,,,,,1.6094379124341003,1.6094379124341003,0.0,0.0,0.0,0.0,0.0,0.0,0.0,0.0,0.0,0.6931471805599453,1.0986122886681098,0.0,0.0,0.0,0.0,0.0,37,0,0,0,0,2,0,21,11,1,2,6,7,0,1,5,4,2,14,1,2,1,4,5,5,4,4,4,3,3,4,4,3,4,0,21,18,0,3,2,0,1,6,5,3,7,0,2,2,2,2,3,2,3,3,4,3,3,3,4,3,1,1,1,1,1,1,1,1,1,1,1,1,1,1,1,1
2025/01/08 8:20:53 PM GMT+1,Female,Second year,Mathematics,18-25,At home,Alone,Lectures;Learning by practicing;Mind mapping and visualization;Online courses and tutorials,Online tutorials;YouTube videos,Yes,Lack of time,Pressure,Private life problems,Lack of previous knowledge or experience in the field,Bad quality of internet,Teachers' teaching method,Teaching language,Not having a good (powerful) computer,fighting the urge to go and live in a cottage in the mountains ,3,Yes,4,5,Negatively,8 hours or more,1,9,5,6,7,14.0,13.0,13.0,9.0,9.0,9.0,,,,,,,,,,,,,,,,,,,,,,,,,,,,,,,,,,,,,,,,,,,,,,,,,,,,,,,,,,,,,,,,,,,,Low,Moderate,Moderate,Moderate,Very High,High,High,Moderate,Low,Moderate,Moderate,Very High,Alone,"Lectures, Learning by practicing, Project-based learning, Online courses and tutorials","Books, Online documents, YouTube videos",Yes,Lack of previous knowledge or experience in the field,Pressure,Lack of time,Bad quality of internet,Not having a good (powerful) computer,Private life problems,Teachers' teaching method,Teaching language,3,No,5,5,You do not care about,5-7 hours,4,9,8,8,8,,,,,,,,,,,,,,,,High,High,Moderate,High,Moderate,Moderate,Moderate,High,High,Low,Low,Low,Moderate,High,Moderate,Very High,9.0,11.0,1.6094379124341003,0.6931471805599453,2.70805020110221,2.6390573296152584,2.6390573296152584,2.302585092994046,2.302585092994046,2.302585092994046,0.0,0.0,0.0,1.791759469228055,1.6094379124341003,0.0,0.0,0.0,2.302585092994046,2.4849066497880004,39,0,1,0,1,0,0,13,12,1,2,4,5,1,0,6,7,2,13,1,0,2,1,2,2,2,3,0,0,1,1,2,1,2,0,15,1,1,1,4,2,0,3,5,6,7,0,2,1,2,2,3,2,3,3,4,3,3,3,4,3,0,0,0,0,0,0,0,0,0,0,0,0,0,0,0,0
2025/01/08 6:05:44 PM GMT+1,Male,First year,Mathematics,10-17,In your room (dorms),Alone,Learning by practicing;Online courses and tutorials,Online tutorials;Online documents;YouTube videos,No,Pressure,Lack of previous knowledge or experience in the field,Bad quality of internet,Teaching language,Not having a good (powerful) computer,Private life problems,Teaching language,Teachers' teaching method,,3,Yes,2,3,You do not care about,8 hours or more,4,7,6,5,5,,,,,,,,,,,,,,,,,,,,,,,,,,,,,,,,,,,,,,,,,,,,,,,,,,,,,,,,,,,,,,,,,,,,,,,,,,,,,,,,,,,,,,Alone,Lectures,Pdf course,No,Pressure,Not having a good (powerful) computer,Bad quality of internet,Lack of time,Private life problems,Teaching language,Teachers' teaching method,Lack of previous knowledge or experience in the field,3,No,3,3,You do not care about,5-7 hours,5,7,9,8,10,,,,,,,,,,,,,,,,,,,,,,,,,,,,,,,,,,1.0986122886681098,1.6094379124341003,0.0,0.0,0.0,0.0,0.0,0.0,0.0,0.0,0.0,1.3862943611198906,1.791759469228055,0.0,0.0,0.0,0.0,0.0,9,1,0,0,0,2,0,5,11,0,3,1,0,7,3,5,7,5,14,1,2,2,4,5,5,4,4,4,3,3,4,4,3,4,0,9,17,0,3,3,0,2,5,7,6,1,0,2,1,2,2,3,2,3,3,4,3,3,3,4,3,1,1,1,1,1,1,1,1,1,1,1,1,1,1,1,1
2025/01/09 3:16:53 PM GMT+1,Female,First year,Mathematics,10-17,In your room (dorms),Alone,Learning by practicing,YouTube videos,No,Lack of time,Teachers' teaching method,Pressure,Not having a good (powerful) computer,Lack of previous knowledge or experience in the field,Bad quality of internet,Private life problems,Teaching language,,2,No,4,4,You do not care about,8 hours or more,4,6,6,5,6,,,,,,,,,,,,,,,,,,,,,,,,,,,,,,,,,,,,,,,,,,,,,,,,,,,,,,,,,,,,,,,,,,,,,,,,,,,,,,,,,,,,,,Alone,Online courses and tutorials,"Books, YouTube videos",Yes,Lack of previous knowledge or experience in the field,Not having a good (powerful) computer,Lack of time,Pressure,Bad quality of internet,Teaching language,Teachers' teaching method,Private life problems,1,Yes,5,5,Positively,5-7 hours,5,6,6,6,8,,,,,,,,,,,,,,,,,,,,,,,,,,,,,,,,,,1.6094379124341003,1.6094379124341003,0.0,0.0,0.0,0.0,0.0,0.0,0.0,0.0,0.0,1.791759469228055,1.791759469228055,0.0,0.0,0.0,0.0,0.0,48,0,0,0,0,2,0,1,14,0,2,6,4,3,1,0,5,6,14,0,2,2,4,5,5,4,4,4,3,3,4,4,3,4,0,21,7,1,1,3,2,4,0,7,6,5,1,1,1,2,2,3,2,3,3,4,3,3,3,4,3,1,1,1,1,1,1,1,1,1,1,1,1,1,1,1,1
2025/01/08 6:20:18 PM GMT+1,Male,Second year,Science,10-17,In your room (dorms),Alone,Learning by practicing;Project-based learning,Books;Online tutorials;Online documents,Yes,Bad quality of internet,Teachers' teaching method,Lack of time,Pressure,Not having a good (powerful) computer,Teaching language,Lack of previous knowledge or experience in the field,Private life problems,,1,Yes,5,5,Positively,8 hours or more,4,8,9,9,7,14.0,13.0,14.0,,,,,,,,,,,,,,,,,,,,,,,,,,,,,,,,,,,,,,,,,,,,,,,,,,,,,,,,,,,,,,,,,,,,,,,,,,,,,,,,,,,Alone,"Lectures, Learning by practicing, Online courses and tutorials",YouTube videos,No,Pressure,Lack of time,Lack of previous knowledge or experience in the field,Bad quality of internet,Teachers' teaching method,Teaching language,Not having a good (powerful) computer,Private life problems,3,Yes,4,4,You do not care about,5-7 hours,3,6,8,5,4,Very High,High,Very High,Very High,High,High,15.0,High,Very High,Very High,High,High,High,14.0,14.0,,,,,,,,,,,,,,,,,,,1.791759469228055,1.6094379124341003,2.70805020110221,2.6390573296152584,2.70805020110221,0.0,0.0,0.0,0.0,0.0,0.0,1.6094379124341003,1.3862943611198906,2.772588722239781,2.70805020110221,2.70805020110221,0.0,0.0,19,1,1,1,0,2,0,6,3,1,0,6,2,4,3,7,1,4,14,1,1,2,4,5,5,4,4,4,3,3,4,4,3,4,0,13,18,0,3,2,1,0,6,7,3,5,1,2,1,1,0,2,1,0,0,0,2,2,0,0,0,1,1,1,1,1,1,1,1,1,1,1,1,1,1,1,1
2025/01/09 11:06:50 AM GMT+1,Male,Second year,Mathematics,10-17,At home,Alone,Learning by practicing;Project-based learning;Mind mapping and visualization,YouTube videos;Llms,No,Teachers' teaching method,Bad quality of internet,Lack of time,Not having a good (powerful) computer,Pressure,Lack of time,Lack of time,Lack of time,,2,No,3,4,You do not care about,5-7 hours,2,8,7,7,6,,,,,,,,,,,,,,,,,,,,,,,,,,,,,,,,,,,,,,,,,,,,,,,,,,,,,,,,,,,,,,,,,,,,,,,,,,,,,,,,,,,,,,Alone,"Learning by practicing, Project-based learning","Books, Online tutorials, Online documents, YouTube videos",No,Private life problems,Lack of time,Teachers' teaching method,Pressure,Lack of previous knowledge or experience in the field,Bad quality of internet,Not having a good (powerful) computer,Teaching language,2,Yes,4,3,You do not care about,8 hours or more,3,7,7,7,7,High,High,High,Very High,Very High,High,15.0,High,Very High,Very High,High,Moderate,High,14.0,15.0,,,,,,,,,,,,,,,,,,,1.3862943611198906,1.0986122886681098,0.0,0.0,0.0,0.0,0.0,0.0,0.0,0.0,0.0,1.6094379124341003,1.3862943611198906,2.772588722239781,2.70805020110221,2.772588722239781,0.0,0.0,45,1,1,0,0,0,0,7,15,0,5,0,2,3,4,2,2,1,14,0,2,1,4,5,5,4,4,4,3,3,4,4,3,4,0,7,4,0,4,2,5,4,1,0,3,7,1,2,2,0,0,0,1,2,0,0,2,2,0,2,0,1,1,1,1,1,1,1,1,1,1,1,1,1,1,1,1
2025/01/11 5:46:12 PM GMT+1,Male,First year,Mathematics,18-25,In your room (dorms),Alone,Lectures;Learning by practicing;Online courses and tutorials,Books;Online tutorials;Online documents;YouTube videos,No,Bad quality of internet,Pressure,Lack of time,Private life problems,Teachers' teaching method,Lack of previous knowledge or experience in the field,Teaching language,Not having a good (powerful) computer,,3,No,5,5,Positively,8 hours or more,3,6,10,8,9,,,,,,,,,,,,,,,,,,,,,,,,,,,,,,,,,,,,,,,,,,,,,,,,,,,,,,,,,,,,,,,,,,,,,,,,,,,,,,,,,,,,,,Alone,"Lectures, Learning by practicing, Interactive workshops, Online courses and tutorials","Online tutorials, YouTube videos",No,Bad quality of internet,Teaching language,Teachers' teaching method,Pressure,Lack of time,Private life problems,Lack of previous knowledge or experience in the field,Not having a good (powerful) computer,3,No,3,4,Positively,8 hours or more,2,6,7,7,8,,,,,,,,,,,,,,,,,,,,,,,,,,,,,,,,,,1.791759469228055,1.3862943611198906,0.0,0.0,0.0,0.0,0.0,0.0,0.0,0.0,0.0,1.3862943611198906,1.0986122886681098,0.0,0.0,0.0,0.0,0.0,58,1,0,0,1,2,0,14,4,0,0,4,2,5,6,1,7,2,14,0,1,2,4,5,5,4,4,4,3,3,4,4,3,4,0,11,16,0,0,7,5,4,2,5,1,3,0,1,2,2,2,3,2,3,3,4,3,3,3,4,3,1,1,1,1,1,1,1,1,1,1,1,1,1,1,1,1
2025/01/09 11:06:50 AM GMT+1,Male,Second year,Mathematics,10-17,At home,Alone,Learning by practicing;Project-based learning;Mind mapping and visualization,YouTube videos;Llms,No,Teachers' teaching method,Bad quality of internet,Lack of time,Not having a good (powerful) computer,Pressure,Lack of time,Lack of time,Lack of time,,2,No,3,4,You do not care about,5-7 hours,2,8,7,7,6,,,,,,,,,,,,,,,,,,,,,,,,,,,,,,,,,,,,,,,,,,,,,,,,,,,,,,,,,,,,,,,,,,,,,,,,,,,,,,,,,,,,,,Alone,"Learning by practicing, Mind mapping and visualization, Online courses and tutorials","Books, Online tutorials, YouTube videos",No,Lack of time,Bad quality of internet,Teachers' teaching method,Teaching language,Lack of previous knowledge or experience in the field,Private life problems,Pressure,Not having a good (powerful) computer,3,Yes,4,4,Positively,5-7 hours,4,8,8,7,7,High,High,High,High,High,Moderate,13.0,High,Very High,Very High,High,Moderate,High,14.0,14.0,,,,,,,,,,,,,,,,,,,1.3862943611198906,1.0986122886681098,0.0,0.0,0.0,0.0,0.0,0.0,0.0,0.0,0.0,1.6094379124341003,1.6094379124341003,2.6390573296152584,2.70805020110221,2.70805020110221,0.0,0.0,45,1,1,0,0,0,0,7,15,0,5,0,2,3,4,2,2,1,14,0,2,1,4,5,5,4,4,4,3,3,4,4,3,4,0,5,6,0,2,0,5,7,1,5,4,3,1,1,1,0,0,0,0,0,1,0,2,2,0,2,0,1,1,1,1,1,1,1,1,1,1,1,1,1,1,1,1
2025/01/09 11:47:41 AM GMT+1,Female,First year,Technical maths,10-17,In your room (dorms),Alone,Online courses and tutorials,YouTube videos,No,Pressure,Lack of time,Private life problems,Teachers' teaching method,Not having a good (powerful) computer,Bad quality of internet,Lack of previous knowledge or experience in the field,Teaching language,,2,No,1,2,You do not care about,5-7 hours,1,3,2,2,1,,,,,,,,,,,,,,,,,,,,,,,,,,,,,,,,,,,,,,,,,,,,,,,,,,,,,,,,,,,,,,,,,,,,,,,,,,,,,,,,,,,,,,In peer,"Learning by practicing, Online courses and tutorials",YouTube videos,Yes,Pressure,Lack of time,Lack of previous knowledge or experience in the field,Bad quality of internet,Teachers' teaching method,Private life problems,Teaching language,Not having a good (powerful) computer,2,No,3,3,Negatively,5-7 hours,2,7,4,2,2,,,,,,,,,,,,,,,,,,,,,,,,,,,,,,,,,,0.6931471805599453,0.6931471805599453,0.0,0.0,0.0,0.0,0.0,0.0,0.0,0.0,0.0,1.3862943611198906,1.0986122886681098,0.0,0.0,0.0,0.0,0.0,46,0,0,2,0,2,0,22,14,0,3,2,5,6,3,0,1,6,14,0,2,1,4,5,5,4,4,4,3,3,4,4,3,4,1,6,18,1,3,2,1,0,6,5,7,3,0,0,1,2,2,3,2,3,3,4,3,3,3,4,3,1,1,1,1,1,1,1,1,1,1,1,1,1,1,1,1
2025/01/08 6:02:27 PM GMT+1,Female,First year,Science,10-17,In your room (dorms),Alone,Learning by practicing;Mind mapping and visualization,Online documents;YouTube videos,Yes,Pressure,Lack of time,Lack of previous knowledge or experience in the field,Teachers' teaching method,Bad quality of internet,Teaching language,Not having a good (powerful) computer,Private life problems,,2,Yes,3,3,You do not care about,5-7 hours,3,9,7,7,7,,,,,,,,,,,,,,,,,,,,,,,,,,,,,,,,,,,,,,,,,,,,,,,,,,,,,,,,,,,,,,,,,,,,,,,,,,,,,,,,,,,,,,Alone,"Learning by practicing, Online courses and tutorials",YouTube videos,No,Teachers' teaching method,Pressure,Bad quality of internet,Lack of time,Lack of previous knowledge or experience in the field,Private life problems,Teaching language,Teaching language,1,No,1,5,You do not care about,8 hours or more,2,2,1,2,2,,,,,,,,,,,,,,,,,,,,,,,,,,,,,,,,,,1.3862943611198906,1.3862943611198906,0.0,0.0,0.0,0.0,0.0,0.0,0.0,0.0,0.0,0.6931471805599453,1.0986122886681098,0.0,0.0,0.0,0.0,0.0,6,0,0,1,0,2,0,2,9,1,3,2,1,6,0,7,3,4,14,1,2,1,4,5,5,4,4,4,3,3,4,4,3,4,0,6,18,0,5,4,0,2,1,5,7,7,0,2,2,2,2,3,2,3,3,4,3,3,3,4,3,1,1,1,1,1,1,1,1,1,1,1,1,1,1,1,1
2025/01/08 6:42:34 PM GMT+1,Female,First year,Mathematics,10-17,In the school's library,Alone,Learning by practicing,Online documents,No,Private life problems,Lack of previous knowledge or experience in the field,Lack of time,Pressure,Teachers' teaching method,Bad quality of internet,Teaching language,Not having a good (powerful) computer,,3,Yes,2,4,Negatively,5-7 hours,4,7,4,3,3,,,,,,,,,,,,,,,,,,,,,,,,,,,,,,,,,,,,,,,,,,,,,,,,,,,,,,,,,,,,,,,,,,,,,,,,,,,,,,,,,,,,,,In peer,Learning by practicing,"Online tutorials, YouTube videos",No,Pressure,Lack of time,Bad quality of internet,Lack of previous knowledge or experience in the field,Teachers' teaching method,Teaching language,Private life problems,Not having a good (powerful) computer,3,No,3,4,You do not care about,8 hours or more,4,4,5,5,8,,,,,,,,,,,,,,,,,,,,,,,,,,,,,,,,,,1.0986122886681098,1.6094379124341003,0.0,0.0,0.0,0.0,0.0,0.0,0.0,0.0,0.0,1.3862943611198906,1.6094379124341003,0.0,0.0,0.0,0.0,0.0,27,0,0,0,0,1,0,1,8,0,4,1,2,4,6,0,7,2,14,1,0,1,4,5,5,4,4,4,3,3,4,4,3,4,1,0,16,0,3,2,0,1,6,7,5,3,0,2,2,2,2,3,2,3,3,4,3,3,3,4,3,1,1,1,1,1,1,1,1,1,1,1,1,1,1,1,1
2025/01/09 9:14:32 AM GMT+1,Female,First year,Science,10-17,In your room (dorms),Alone,Interactive workshops,Online documents;YouTube videos,No,Lack of time,Pressure,Lack of previous knowledge or experience in the field,Teaching language,Teachers' teaching method,Not having a good (powerful) computer,Bad quality of internet,Private life problems,,4,No,5,5,You do not care about,8 hours or more,4,6,7,8,8,,,,,,,,,,,,,,,,,,,,,,,,,,,,,,,,,,,,,,,,,,,,,,,,,,,,,,,,,,,,,,,,,,,,,,,,,,,,,,,,,,,,,,Alone,"Learning by practicing, Online courses and tutorials",YouTube videos,No,Teaching language,Private life problems,Lack of time,Pressure,Teachers' teaching method,Lack of previous knowledge or experience in the field,Bad quality of internet,Not having a good (powerful) computer,1,No,2,4,Negatively,5-7 hours,2,8,3,5,1,,,,,,,,,,,,,,,,,,,,,,,,,,,,,,,,,,1.791759469228055,1.6094379124341003,0.0,0.0,0.0,0.0,0.0,0.0,0.0,0.0,0.0,1.0986122886681098,1.0986122886681098,0.0,0.0,0.0,0.0,0.0,50,0,0,1,0,2,0,0,9,0,2,4,1,7,6,3,0,4,14,0,2,2,4,5,5,4,4,4,3,3,4,4,3,4,0,6,18,0,6,5,2,4,6,1,0,3,0,0,1,2,2,3,2,3,3,4,3,3,3,4,3,1,1,1,1,1,1,1,1,1,1,1,1,1,1,1,1
2025/01/08 8:05:42 PM GMT+1,Female,First year,Mathematics,10-17,In your room (dorms),Alone,Mind mapping and visualization;Online courses and tutorials,Online tutorials;Online documents;YouTube videos,Yes,Lack of time,Teachers' teaching method,Teaching language,Bad quality of internet,Lack of previous knowledge or experience in the field,Private life problems,Pressure,Not having a good (powerful) computer,,3,Yes,4,4,You do not care about,5-7 hours,4,5,7,3,8,,,,,,,,,,,,,,,,,,,,,,,,,,,,,,,,,,,,,,,,,,,,,,,,,,,,,,,,,,,,,,,,,,,,,,,,,,,,,,,,,,,,,,Alone,Online courses and tutorials,"Books, YouTube videos",Yes,Lack of previous knowledge or experience in the field,Not having a good (powerful) computer,Lack of time,Pressure,Bad quality of internet,Teaching language,Teachers' teaching method,Private life problems,1,Yes,5,5,Positively,5-7 hours,5,6,6,6,8,,,,,,,,,,,,,,,,,,,,,,,,,,,,,,,,,,1.6094379124341003,1.6094379124341003,0.0,0.0,0.0,0.0,0.0,0.0,0.0,0.0,0.0,1.791759469228055,1.791759469228055,0.0,0.0,0.0,0.0,0.0,37,0,0,0,0,2,0,21,11,1,2,6,7,0,1,5,4,2,14,1,2,1,4,5,5,4,4,4,3,3,4,4,3,4,0,21,7,1,1,3,2,4,0,7,6,5,1,1,1,2,2,3,2,3,3,4,3,3,3,4,3,1,1,1,1,1,1,1,1,1,1,1,1,1,1,1,1
2025/01/08 6:03:01 PM GMT+1,Male,First year,Mathematics,18-25,In your room (dorms),Alone,Learning by practicing,Online documents;YouTube videos,No,Teachers' teaching method,Pressure,Lack of time,Lack of previous knowledge or experience in the field,Private life problems,Teaching language,Bad quality of internet,Not having a good (powerful) computer,,2,No,3,4,Negatively,8 hours or more,3,7,5,6,6,,,,,,,,,,,,,,,,,,,,,,,,,,,,,,,,,,,,,,,,,,,,,,,,,,,,,,,,,,,,,,,,,,,,,,,,,,,,,,,,,,,,,,Alone,"Lectures, Learning by practicing, Interactive workshops, Online courses and tutorials","Online tutorials, YouTube videos",No,Bad quality of internet,Teaching language,Teachers' teaching method,Pressure,Lack of time,Private life problems,Lack of previous knowledge or experience in the field,Not having a good (powerful) computer,3,No,3,4,Positively,8 hours or more,2,6,7,7,8,,,,,,,,,,,,,,,,,,,,,,,,,,,,,,,,,,1.3862943611198906,1.3862943611198906,0.0,0.0,0.0,0.0,0.0,0.0,0.0,0.0,0.0,1.3862943611198906,1.0986122886681098,0.0,0.0,0.0,0.0,0.0,8,1,0,0,1,2,0,1,9,0,5,4,2,1,5,7,0,2,14,0,0,2,4,5,5,4,4,4,3,3,4,4,3,4,0,11,16,0,0,7,5,4,2,5,1,3,0,1,2,2,2,3,2,3,3,4,3,3,3,4,3,1,1,1,1,1,1,1,1,1,1,1,1,1,1,1,1
2025/01/08 8:04:00 PM GMT+1,Male,Second year,Mathematics,10-17,In your room (dorms),Alone,Lectures;Mind mapping and visualization,Books;Online documents;YouTube videos,No,Teachers' teaching method,Private life problems,Lack of time,Pressure,Pressure,Not having a good (powerful) computer,Lack of time,Bad quality of internet,,2,No,3,4,You do not care about,5-7 hours,3,8,6,6,5,14.0,13.0,14.0,,,,,,,,,,,,,,,,,,,,,,,,,,,,,,,,,,,,,,,,,,,,,,,,,,,,,,,,,,,,,,,,,,,,,,,,,,,,,,,,,,,Alone,"Learning by practicing, Project-based learning, Online courses and tutorials","Books, Online tutorials, Online documents, YouTube videos",No,Pressure,Private life problems,Lack of time,Not having a good (powerful) computer,Teachers' teaching method,Bad quality of internet,Lack of previous knowledge or experience in the field,Teaching language,3,Yes,5,5,You do not care about,5-7 hours,4,9,7,7,8,Very High,High,Very High,Very High,High,Moderate,14.0,High,High,High,High,Low,Moderate,11.0,12.0,,,,,,,,,,,,,,,,,,,1.3862943611198906,1.3862943611198906,2.70805020110221,2.6390573296152584,2.70805020110221,0.0,0.0,0.0,0.0,0.0,0.0,1.791759469228055,1.6094379124341003,2.70805020110221,2.4849066497880004,2.5649493574615367,0.0,0.0,36,1,1,0,0,2,0,18,2,0,5,5,2,4,4,3,2,0,14,0,2,1,4,5,5,4,4,4,3,3,4,4,3,4,0,8,4,0,3,5,2,3,6,0,1,7,1,2,1,1,0,2,1,0,1,0,0,0,0,1,1,1,1,1,1,1,1,1,1,1,1,1,1,1,1,1,1
2025/01/08 7:17:55 PM GMT+1,Female,Second year,Mathematics,18-25,In your room (dorms),Alone,Learning by practicing;Mind mapping and visualization;Online courses and tutorials,Online tutorials;YouTube videos,Yes,Pressure,Lack of time,Lack of previous knowledge or experience in the field,Private life problems,Teachers' teaching method,Bad quality of internet,Not having a good (powerful) computer,Teaching language,,2,No,3,4,Negatively,5-7 hours,2,7,3,7,7,,,,,,,,,,,,,,,,,,,,,,,,,,,,,,,,,,,,,,,,,,,,,,,,,,,,,,,,,,,,,,,,,,,,,,,,,,Moderate,Very Low,Very Low,Moderate,High,Moderate,Very Low,High,High,Low,Moderate,High,Alone,"Learning by practicing, Mind mapping and visualization, Interactive workshops","Books, Online tutorials, Online documents, YouTube videos",Yes,Teachers' teaching method,Lack of time,Bad quality of internet,Pressure,Private life problems,Teaching language,Lack of previous knowledge or experience in the field,Not having a good (powerful) computer,2,Yes,3,5,You do not care about,5-7 hours,4,8,8,7,9,Very High,Very High,High,Very High,Very High,High,17.0,Very High,Very High,Very High,Very High,Very High,Very High,18.0,17.0,,,,,,,,,,,,,,,,,,,1.3862943611198906,1.0986122886681098,0.0,0.0,0.0,0.0,0.0,0.0,0.0,0.0,0.0,1.3862943611198906,1.6094379124341003,2.8903717578961645,2.9444389791664403,2.8903717578961645,0.0,0.0,34,0,1,0,1,2,0,4,12,1,3,2,1,5,6,0,3,6,14,0,0,1,2,4,4,2,0,1,2,0,0,1,1,0,0,3,4,1,5,2,0,4,5,7,1,3,1,2,1,1,1,0,1,2,0,3,2,2,2,3,2,1,1,1,1,1,1,1,1,1,1,1,1,1,1,1,1
2025/01/11 5:46:12 PM GMT+1,Male,First year,Mathematics,18-25,In your room (dorms),Alone,Lectures;Learning by practicing;Online courses and tutorials,Books;Online tutorials;Online documents;YouTube videos,No,Bad quality of internet,Pressure,Lack of time,Private life problems,Teachers' teaching method,Lack of previous knowledge or experience in the field,Teaching language,Not having a good (powerful) computer,,3,No,5,5,Positively,8 hours or more,3,6,10,8,9,,,,,,,,,,,,,,,,,,,,,,,,,,,,,,,,,,,,,,,,,,,,,,,,,,,,,,,,,,,,,,,,,,,,,,,,,,,,,,,,,,,,,,Alone,Learning by practicing,Online documents,No,Lack of time,Bad quality of internet,Pressure,Teachers' teaching method,Teaching language,Lack of previous knowledge or experience in the field,Private life problems,Not having a good (powerful) computer,4,No,4,4,You do not care about,5-7 hours,4,8,7,8,8,,,,,,,,,,,,,,,,,,,,,,,,,,,,,,,,,,1.791759469228055,1.3862943611198906,0.0,0.0,0.0,0.0,0.0,0.0,0.0,0.0,0.0,1.6094379124341003,1.6094379124341003,0.0,0.0,0.0,0.0,0.0,58,1,0,0,1,2,0,14,4,0,0,4,2,5,6,1,7,2,14,0,1,2,4,5,5,4,4,4,3,3,4,4,3,4,0,0,9,0,2,0,3,6,7,1,5,3,0,2,1,2,2,3,2,3,3,4,3,3,3,4,3,1,1,1,1,1,1,1,1,1,1,1,1,1,1,1,1
2025/01/08 6:38:27 PM GMT+1,Male,Second year,Science,18-25,In your room (dorms),Alone,Learning by practicing;Project-based learning,Online tutorials;Online documents;YouTube videos,No,Lack of time,Pressure,Lack of previous knowledge or experience in the field,Teachers' teaching method,Bad quality of internet,Private life problems,Not having a good (powerful) computer,Teaching language,Feeling like the program is not really going to be that useful in the future wich leads to me not putting that much effort (less so in this year however),3,Yes,4,4,Positively,5-7 hours,3,9,7,8,5,14.0,12.0,13.0,,,,,,,,,,,,,,,,,,,,,,,,,,,,,,,,,,,,,,,,,,,,,,,,,,,,,,,,,,,,,,,,,,,,,,,High,Moderate,High,Very High,Very High,High,Moderate,High,Moderate,Moderate,Moderate,High,Alone,Learning by practicing,"Books, Online documents",No,Lack of time,Lack of previous knowledge or experience in the field,Teachers' teaching method,Bad quality of internet,Pressure,Not having a good (powerful) computer,Private life problems,Teaching language,2,No,4,4,Negatively,8 hours or more,3,8,9,9,8,Very High,Very High,Very High,Very High,High,High,16.0,Very High,Very High,Very High,Very High,High,Very High,17.0,16.0,,,,,,,,,,,,,,,,,,,1.6094379124341003,1.3862943611198906,2.70805020110221,2.5649493574615367,2.6390573296152584,0.0,0.0,0.0,0.0,0.0,0.0,1.6094379124341003,1.3862943611198906,2.833213344056216,2.8903717578961645,2.833213344056216,0.0,0.0,26,1,1,1,1,2,0,6,11,0,2,4,1,6,0,5,3,6,2,1,1,1,0,2,0,3,3,0,1,0,2,2,1,0,0,0,0,0,2,1,5,0,4,3,5,7,0,0,2,1,1,2,1,0,0,3,2,2,2,0,2,1,1,1,1,1,1,1,1,1,1,1,1,1,1,1,1
2025/01/08 6:37:08 PM GMT+1,Female,First year,Mathematics,18-25,In your room (dorms),Alone,Learning by practicing;Mind mapping and visualization,Online tutorials;Online documents;YouTube videos,Yes,Bad quality of internet,Pressure,Lack of time,Lack of previous knowledge or experience in the field,Private life problems,Teachers' teaching method,Teaching language,Not having a good (powerful) computer,,3,No,3,5,You do not care about,8 hours or more,4,6,4,2,4,,,,,,,,,,,,,,,,,,,,,,,,,,,,,,,,,,,,,,,,,,,,,,,,,,,,,,,,,,,,,,,,,,,,,,,,,,,,,,,,,,,,,,Alone,Learning by practicing,YouTube videos,No,Teachers' teaching method,Lack of time,Pressure,Teaching language,Not having a good (powerful) computer,Private life problems,Lack of previous knowledge or experience in the field,Pressure,2,No,3,4,Positively,5-7 hours,3,8,6,5,5,,,,,,,,,,,,,,,,,,,,,,,,,,,,,,,,,,1.3862943611198906,1.6094379124341003,0.0,0.0,0.0,0.0,0.0,0.0,0.0,0.0,0.0,1.3862943611198906,1.3862943611198906,0.0,0.0,0.0,0.0,0.0,25,0,0,0,1,2,0,2,11,1,0,4,2,1,5,6,7,2,14,0,2,2,4,5,5,4,4,4,3,3,4,4,3,4,0,0,18,0,5,2,3,7,3,5,1,4,0,1,1,2,2,3,2,3,3,4,3,3,3,4,3,1,1,1,1,1,1,1,1,1,1,1,1,1,1,1,1
2025/01/08 6:15:49 PM GMT+1,Male,First year,Mathematics,18-25,In your room (dorms),Alone,Lectures;Learning by practicing;Online courses and tutorials,Online tutorials;YouTube videos,No,Lack of time,Pressure,Bad quality of internet,Bad quality of internet,Bad quality of internet,Bad quality of internet,Bad quality of internet,Bad quality of internet,,3,No,4,5,You do not care about,5-7 hours,5,10,6,8,7,,,,,,,,,,,,,,,,,,,,,,,,,,,,,,,,,,,,,,,,,,,,,,,,,,,,,,,,,,,,,,,,,,,,,,,,,,,,,,,,,,,,,,Alone,Lectures,Online documents,No,Bad quality of internet,Lack of time,Pressure,Private life problems,Teachers' teaching method,Not having a good (powerful) computer,Lack of previous knowledge or experience in the field,Teaching language,3,No,4,4,You do not care about,5-7 hours,3,8,9,8,9,,,,,,,,,,,,,,,,,,,,,,,,,,,,,,,,,,1.6094379124341003,1.791759469228055,0.0,0.0,0.0,0.0,0.0,0.0,0.0,0.0,0.0,1.6094379124341003,1.3862943611198906,0.0,0.0,0.0,0.0,0.0,18,1,0,0,1,2,0,14,12,0,2,4,0,0,0,0,0,0,14,0,2,1,4,5,5,4,4,4,3,3,4,4,3,4,0,9,9,0,0,2,3,5,6,3,1,7,0,2,1,2,2,3,2,3,3,4,3,3,3,4,3,1,1,1,1,1,1,1,1,1,1,1,1,1,1,1,1
2025/01/09 10:14:52 AM GMT+1,Male,First year,Mathematics,10-17,In your room (dorms),Alone,Learning by practicing,YouTube videos,No,Pressure,Lack of time,Lack of previous knowledge or experience in the field,Not having a good (powerful) computer,Bad quality of internet,Teachers' teaching method,Pressure,Lack of time,,2,Yes,4,4,You do not care about,5-7 hours,2,6,7,6,7,,,,,,,,,,,,,,,,,,,,,,,,,,,,,,,,,,,,,,,,,,,,,,,,,,,,,,,,,,,,,,,,,,,,,,,,,,,,,,,,,,,,,,Alone,"Lectures, Learning by practicing, Online courses and tutorials","Online documents, YouTube videos",No,Lack of time,Bad quality of internet,Pressure,Lack of previous knowledge or experience in the field,Bad quality of internet,Lack of time,Lack of time,Lack of time,4,No,4,4,You do not care about,5-7 hours,4,6,7,6,7,,,,,,,,,,,,,,,,,,,,,,,,,,,,,,,,,,1.6094379124341003,1.0986122886681098,0.0,0.0,0.0,0.0,0.0,0.0,0.0,0.0,0.0,1.6094379124341003,1.6094379124341003,0.0,0.0,0.0,0.0,0.0,44,1,0,0,0,2,0,1,14,0,3,2,1,3,0,6,4,1,14,1,2,1,4,5,5,4,4,4,3,3,4,4,3,4,0,13,10,0,2,0,3,1,0,2,2,2,0,2,1,2,2,3,2,3,3,4,3,3,3,4,3,1,1,1,1,1,1,1,1,1,1,1,1,1,1,1,1
2025/01/08 6:01:48 PM GMT+1,Female,First year,Mathematics,18-25,In your room (dorms),Alone,Learning by practicing;Online courses and tutorials,YouTube videos,No,Bad quality of internet,Lack of time,Bad quality of internet,Lack of previous knowledge or experience in the field,Pressure,Private life problems,Teachers' teaching method,Teaching language,,3,Yes,5,5,Positively,5-7 hours,3,9,7,5,6,,,,,,,,,,,,,,,,,,,,,,,,,,,,,,,,,,,,,,,,,,,,,,,,,,,,,,,,,,,,,,,,,,,,,,,,,,,,,,,,,,,,,,Alone,"Learning by practicing, Mind mapping and visualization, Online courses and tutorials",Online documents,Yes,Pressure,Teachers' teaching method,Lack of time,Lack of previous knowledge or experience in the field,Private life problems,Bad quality of internet,Not having a good (powerful) computer,Teaching language,4,No,5,5,Positively,8 hours or more,4,8,7,7,7,,,,,,,,,,,,,,,,,,,,,,,,,,,,,,,,,,1.791759469228055,1.3862943611198906,0.0,0.0,0.0,0.0,0.0,0.0,0.0,0.0,0.0,1.791759469228055,1.6094379124341003,0.0,0.0,0.0,0.0,0.0,5,0,0,0,1,2,0,5,14,0,0,2,0,1,4,5,6,6,14,1,1,1,4,5,5,4,4,4,3,3,4,4,3,4,0,5,9,1,3,6,2,1,5,0,3,7,0,1,2,2,2,3,2,3,3,4,3,3,3,4,3,1,1,1,1,1,1,1,1,1,1,1,1,1,1,1,1
2025/01/08 8:11:57 PM GMT+1,Male,Second year,Mathematics,10-17,In your room (dorms),In peer,Online courses and tutorials,Online tutorials;Online documents;YouTube videos,No,Private life problems,Private life problems,Private life problems,Private life problems,Private life problems,Private life problems,Private life problems,Private life problems,Missing web dev midterm exam :'(,3,Yes,4,4,You do not care about,8 hours or more,5,8,9,10,7,14.0,14.0,14.0,,,,,,,,,,,,,,,,,,,,,,,,,,,,,,,,,,,,,,,,,,,,,,,,,,,,,,,,,,,,,,,,,,,,,,,High,High,High,Very High,High,Moderate,High,Very High,Moderate,High,Very High,High,Alone,"Learning by practicing, Mind mapping and visualization",Online documents,No,Teachers' teaching method,Bad quality of internet,Lack of time,Private life problems,Not having a good (powerful) computer,Pressure,Lack of previous knowledge or experience in the field,Teaching language,1,No,3,4,Positively,5-7 hours,5,8,7,7,8,Very High,Very High,High,Very High,High,High,16.0,High,Very High,Very High,Very High,High,High,16.0,16.0,,,,,,,,,,,,,,,,,,,1.6094379124341003,1.791759469228055,2.70805020110221,2.70805020110221,2.70805020110221,0.0,0.0,0.0,0.0,0.0,0.0,1.3862943611198906,1.791759469228055,2.833213344056216,2.833213344056216,2.833213344056216,0.0,0.0,38,1,1,0,0,2,1,22,11,0,4,5,5,5,5,5,5,4,3,1,2,2,0,0,0,3,0,1,0,2,2,0,2,0,0,2,9,0,5,0,2,5,3,4,1,7,0,1,1,1,1,0,1,0,0,0,2,2,2,0,0,1,1,1,1,1,1,1,1,1,1,1,1,1,1,1,1
2025/01/08 6:03:01 PM GMT+1,Male,First year,Mathematics,18-25,In your room (dorms),Alone,Learning by practicing,Online documents;YouTube videos,No,Teachers' teaching method,Pressure,Lack of time,Lack of previous knowledge or experience in the field,Private life problems,Teaching language,Bad quality of internet,Not having a good (powerful) computer,,2,No,3,4,Negatively,8 hours or more,3,7,5,6,6,,,,,,,,,,,,,,,,,,,,,,,,,,,,,,,,,,,,,,,,,,,,,,,,,,,,,,,,,,,,,,,,,,,,,,,,,,,,,,,,,,,,,,In peer,"Learning by practicing, Online courses and tutorials","Online documents, YouTube videos",No,Lack of time,Pressure,Teachers' teaching method,Lack of previous knowledge or experience in the field,Bad quality of internet,Teaching language,Not having a good (powerful) computer,Private life problems,3,No,3,5,You do not care about,5-7 hours,3,7,5,8,5,,,,,,,,,,,,,,,,,,,,,,,,,,,,,,,,,,1.3862943611198906,1.3862943611198906,0.0,0.0,0.0,0.0,0.0,0.0,0.0,0.0,0.0,1.3862943611198906,1.3862943611198906,0.0,0.0,0.0,0.0,0.0,8,1,0,0,1,2,0,1,9,0,5,4,2,1,5,7,0,2,14,0,0,2,4,5,5,4,4,4,3,3,4,4,3,4,1,6,10,0,2,4,5,1,0,7,3,5,0,2,1,2,2,3,2,3,3,4,3,3,3,4,3,1,1,1,1,1,1,1,1,1,1,1,1,1,1,1,1
2025/01/08 6:20:22 PM GMT+1,Female,First year,Mathematics,10-17,In your room (dorms),Alone,Learning by practicing,Online tutorials;YouTube videos,No,Lack of previous knowledge or experience in the field,Pressure,Lack of time,Private life problems,Bad quality of internet,Teachers' teaching method,Teaching language,Not having a good (powerful) computer,,2,No,3,4,You do not care about,5-7 hours,2,8,7,6,5,,,,,,,,,,,,,,,,,,,,,,,,,,,,,,,,,,,,,,,,,,,,,,,,,,,,,,,,,,,,,,,,,,,,,,,,,,,,,,,,,,,,,,Alone,Learning by practicing,"Books, YouTube videos",Yes,Lack of previous knowledge or experience in the field,Pressure,Lack of time,Teachers' teaching method,Teaching language,Bad quality of internet,Not having a good (powerful) computer,Private life problems,3,No,5,5,Negatively,5-7 hours,3,4,7,6,5,,,,,,,,,,,,,,,,,,,,,,,,,,,,,,,,,,1.3862943611198906,1.0986122886681098,0.0,0.0,0.0,0.0,0.0,0.0,0.0,0.0,0.0,1.791759469228055,1.3862943611198906,0.0,0.0,0.0,0.0,0.0,20,0,0,0,0,2,0,1,12,0,1,4,2,5,0,6,7,2,14,0,2,1,4,5,5,4,4,4,3,3,4,4,3,4,0,0,7,1,1,4,2,6,7,0,3,5,0,0,1,2,2,3,2,3,3,4,3,3,3,4,3,1,1,1,1,1,1,1,1,1,1,1,1,1,1,1,1
2025/01/11 6:52:24 PM GMT+1,Male,First year,Mathematics,10-17,In the school's library,Alone,Learning by practicing,YouTube videos,Yes,Lack of time,Teachers' teaching method,Lack of previous knowledge or experience in the field,Pressure,Bad quality of internet,Private life problems,Lack of time,Pressure,,2,Yes,3,4,Positively,5-7 hours,3,8,5,7,3,,,,,,,,,,,,,,,,,,,,,,,,,,,,,,,,,,,,,,,,,,,,,,,,,,,,,,,,,,,,,,,,,,,,,,,,,,,,,,,,,,,,,,Alone,Online courses and tutorials,Logic,No,Private life problems,Bad quality of internet,Lack of time,Pressure,Teachers' teaching method,Lack of previous knowledge or experience in the field,Teaching language,Not having a good (powerful) computer,3,Yes,3,4,You do not care about,8 hours or more,5,6,7,6,7,,,,,,,,,,,,,,,,,,,,,,,,,,,,,,,,,,1.3862943611198906,1.3862943611198906,0.0,0.0,0.0,0.0,0.0,0.0,0.0,0.0,0.0,1.3862943611198906,1.791759469228055,0.0,0.0,0.0,0.0,0.0,59,1,0,0,0,1,0,1,14,1,2,6,1,4,0,5,2,3,14,1,1,1,4,5,5,4,4,4,3,3,4,4,3,4,0,21,8,0,4,0,2,4,6,1,7,3,1,2,2,2,2,3,2,3,3,4,3,3,3,4,3,1,1,1,1,1,1,1,1,1,1,1,1,1,1,1,1
2025/01/08 6:20:22 PM GMT+1,Female,First year,Mathematics,10-17,In your room (dorms),Alone,Learning by practicing,Online tutorials;YouTube videos,No,Lack of previous knowledge or experience in the field,Pressure,Lack of time,Private life problems,Bad quality of internet,Teachers' teaching method,Teaching language,Not having a good (powerful) computer,,2,No,3,4,You do not care about,5-7 hours,2,8,7,6,5,,,,,,,,,,,,,,,,,,,,,,,,,,,,,,,,,,,,,,,,,,,,,,,,,,,,,,,,,,,,,,,,,,,,,,,,,,,,,,,,,,,,,,Alone,Learning by practicing,YouTube videos,No,Pressure,Lack of time,Lack of previous knowledge or experience in the field,Teachers' teaching method,Not having a good (powerful) computer,Bad quality of internet,Private life problems,Teaching language,2,No,3,4,You do not care about,5-7 hours,2,5,5,5,5,,,,,,,,,,,,,,,,,,,,,,,,,,,,,,,,,,1.3862943611198906,1.0986122886681098,0.0,0.0,0.0,0.0,0.0,0.0,0.0,0.0,0.0,1.3862943611198906,1.0986122886681098,0.0,0.0,0.0,0.0,0.0,20,0,0,0,0,2,0,1,12,0,1,4,2,5,0,6,7,2,14,0,2,1,4,5,5,4,4,4,3,3,4,4,3,4,0,0,18,0,3,2,1,6,3,0,5,7,0,2,1,2,2,3,2,3,3,4,3,3,3,4,3,1,1,1,1,1,1,1,1,1,1,1,1,1,1,1,1
