record_id,gender,study_year,bac_specialty,study_hours_week,study_location,study_style,learning_methods,resources_used,use_planner,obstacle_1st,obstacle_2nd,obstacle_3rd,obstacle_4th,5 fifth,6 sixth,7 seventh,8 eighth,other problems that you face,rate your satisfaction with the school s program,do you engage in any external activities not related to the study field,your level of motivation for joining ensia,how much do you like the field of artificial intelligence,others_feedback,how many hours do you sleep,how well do you handle stress and pressure,in a scale of 1 to 10 how do you rate your level in the following fields 1 english,2 programming,3 computer science,4 mathematics,4 forth,how do others feedbacks influence you,year_ordinal,inferred_year_from_grades,2y average s1,2y average s2,2y average,2y dsa 2,2y logic,2y mathematical analysis 2,2y databases,2y probability,2y web development,2y introduction to business,2y theory of computing,2y operating systems,2y computer architecture,2y statistical inference,2y introduction to ai,2y mathematical analysis 3,2y electronic circuits labs,2y analysis iii,2y dsa,2y archi 1,2y complexity,2y proba stat ii,2y lin alg ii,2y intro ai,2y oper res,2y archi ii,2y oper syst,2y soft eng,2y web prog,2y intro busin,gender_encoded,study_year_encoded,bac_specialty_encoded,study_hours_week_encoded,study_location_encoded,study_style_encoded,learning_methods_encoded,resources_used_encoded,use_planner_encoded,obstacle_1st_encoded,obstacle_2nd_encoded,obstacle_3rd_encoded,obstacle_4th_encoded,5 fifth_encoded,6 sixth_encoded,7 seventh_encoded,8 eighth_encoded,other problems that you face_encoded,do you engage in any external activities not related to the study field_encoded,others_feedback_encoded,how many hours do you sleep_encoded,4 forth_encoded,how do others feedbacks influence you_encoded,2y average s1_encoded,2y dsa 2_encoded,2y logic_encoded,2y mathematical analysis 2_encoded,2y databases_encoded,2y probability_encoded,2y web development_encoded,2y introduction to business_encoded,2y theory of computing_encoded,2y operating systems_encoded,2y computer architecture_encoded,2y statistical inference_encoded,2y introduction to ai_encoded,2y mathematical analysis 3_encoded,2y electronic circuits labs_encoded,2y analysis iii_encoded,2y dsa_encoded,2y archi 1_encoded,2y complexity_encoded,2y proba stat ii_encoded,2y lin alg ii_encoded,2y intro ai_encoded,2y oper res_encoded,2y archi ii_encoded,2y oper syst_encoded,2y soft eng_encoded,2y web prog_encoded,2y intro busin_encoded,record_id_log,rate your satisfaction with the school s program_log,your level of motivation for joining ensia_log,how much do you like the field of artificial intelligence_log,how well do you handle stress and pressure_log,in a scale of 1 to 10 how do you rate your level in the following fields 1 english_log,2 programming_log,3 computer science_log,4 mathematics_log,year_ordinal_log,inferred_year_from_grades_log,2y average s2_log,2y average_log,gender_encoded_log,study_year_encoded_log,bac_specialty_encoded_log,study_hours_week_encoded_log,study_location_encoded_log,study_style_encoded_log,learning_methods_encoded_log,resources_used_encoded_log,use_planner_encoded_log,obstacle_1st_encoded_log,obstacle_2nd_encoded_log,obstacle_3rd_encoded_log,obstacle_4th_encoded_log,5 fifth_encoded_log,6 sixth_encoded_log,7 seventh_encoded_log,8 eighth_encoded_log,other problems that you face_encoded_log,do you engage in any external activities not related to the study field_encoded_log,others_feedback_encoded_log,how many hours do you sleep_encoded_log,4 forth_encoded_log,how do others feedbacks influence you_encoded_log,2y average s1_encoded_log,2y dsa 2_encoded_log,2y logic_encoded_log,2y mathematical analysis 2_encoded_log,2y databases_encoded_log,2y probability_encoded_log,2y web development_encoded_log,2y introduction to business_encoded_log,2y theory of computing_encoded_log,2y operating systems_encoded_log,2y computer architecture_encoded_log,2y statistical inference_encoded_log,2y introduction to ai_encoded_log,2y mathematical analysis 3_encoded_log,2y electronic circuits labs_encoded_log,2y analysis iii_encoded_log,2y dsa_encoded_log,2y archi 1_encoded_log,2y complexity_encoded_log,2y proba stat ii_encoded_log,2y lin alg ii_encoded_log,2y intro ai_encoded_log,2y oper res_encoded_log,2y archi ii_encoded_log,2y oper syst_encoded_log,2y soft eng_encoded_log,2y web prog_encoded_log,2y intro busin_encoded_log
4,Male,Second year,Mathematics,10-17,In the school's library,With a group,Online courses and tutorials,Online tutorials;YouTube videos,No,Teachers' teaching method,Lack of time,Pressure,Lack of previous knowledge or experience in the field,Private life problems,Bad quality of internet,Private life problems,Not having a good (powerful) computer,Lack of motivation,3.0,Yes,5.0,5.0,Positively,8 hours or more,3.0,8.0,8.0,8.0,7.0,Lack of previous knowledge or experience in the field,You do not care about,2,2.0,10.0,9.0,10.0,Moderate,Moderate,Moderate,Moderate,Low,High,Moderate,Moderate,Low,Low,Low,Low,Moderate,Moderate,High,High,Moderate,Moderate,Moderate,Moderate,Low,Low,Moderate,Moderate,Moderate,Moderate,High,1,1,0,0,1,2,46,29,0,6,2,4,1,5,0,5,3,2,1,1,1,1,3,0,1,2,1,1,1,0,2,1,1,1,1,1,2,2,0,0,1,1,1,2,1,1,2,2,1,2,0,1.6094379124341003,1.3862943611198906,1.791759469228055,1.791759469228055,1.3862943611198906,2.1972245773362196,2.1972245773362196,2.1972245773362196,2.0794415416798357,1.0986122886681098,1.0986122886681098,2.302585092994046,2.3978952727983707,0.6931471805599453,0.6931471805599453,0.0,0.0,0.6931471805599453,1.0986122886681098,3.8501476017100584,3.4011973816621555,0.0,1.9459101490553132,1.0986122886681098,1.6094379124341003,0.6931471805599453,1.791759469228055,0.0,1.791759469228055,1.3862943611198906,1.0986122886681098,0.6931471805599453,0.6931471805599453,0.6931471805599453,0.6931471805599453,1.3862943611198906,0.0,0.6931471805599453,1.0986122886681098,0.6931471805599453,0.6931471805599453,0.6931471805599453,0.0,1.0986122886681098,0.6931471805599453,0.6931471805599453,0.6931471805599453,0.6931471805599453,0.6931471805599453,1.0986122886681098,1.0986122886681098,0.0,0.0,0.6931471805599453,0.6931471805599453,0.6931471805599453,1.0986122886681098,0.6931471805599453,0.6931471805599453,1.0986122886681098,1.0986122886681098,0.6931471805599453,1.0986122886681098,0.0
6,Female,Third year,Mathematics,10-17,In the school's library,Alone,Learning by practicing;Project-based learning;Online courses and tutorials,Online tutorials;Online documents;YouTube videos,Yes,Pressure,Lack of time,Lack of previous knowledge or experience in the field,Teachers' teaching method,Private life problems,Bad quality of internet,Not having a good (powerful) computer,Teaching language,"Guergour, thabet, dib, w abdou jirani, nahkiw mashi n9raw ( w mouchaal lol)",3.0,No,4.0,5.0,Positively,8 hours or more,3.0,7.0,7.0,5.0,3.0,Bad quality of internet,You do not care about,3,2.0,11.0,9.0,10.0,Moderate,Moderate,Moderate,Moderate,Low,High,Moderate,Moderate,Low,Low,Low,Low,Moderate,Moderate,High,High,Moderate,Moderate,Moderate,Moderate,Low,Low,Moderate,Moderate,Moderate,Moderate,High,0,2,0,0,1,0,16,27,1,4,2,1,6,5,0,3,7,1,0,1,1,0,3,1,1,2,1,1,1,0,2,1,1,1,1,1,2,2,0,0,1,1,1,2,1,1,2,2,1,2,0,1.9459101490553132,1.3862943611198906,1.6094379124341003,1.791759469228055,1.3862943611198906,2.0794415416798357,2.0794415416798357,1.791759469228055,1.3862943611198906,1.3862943611198906,1.0986122886681098,2.302585092994046,2.3978952727983707,0.0,1.0986122886681098,0.0,0.0,0.6931471805599453,0.0,2.833213344056216,3.332204510175204,0.6931471805599453,1.6094379124341003,1.0986122886681098,0.6931471805599453,1.9459101490553132,1.791759469228055,0.0,1.3862943611198906,2.0794415416798357,0.6931471805599453,0.0,0.6931471805599453,0.6931471805599453,0.0,1.3862943611198906,0.6931471805599453,0.6931471805599453,1.0986122886681098,0.6931471805599453,0.6931471805599453,0.6931471805599453,0.0,1.0986122886681098,0.6931471805599453,0.6931471805599453,0.6931471805599453,0.6931471805599453,0.6931471805599453,1.0986122886681098,1.0986122886681098,0.0,0.0,0.6931471805599453,0.6931471805599453,0.6931471805599453,1.0986122886681098,0.6931471805599453,0.6931471805599453,1.0986122886681098,1.0986122886681098,0.6931471805599453,1.0986122886681098,0.0
12,Male,Second year,Mathematics,10-17,In the school's library,In peer,Lectures,Online tutorials;YouTube videos,No,Teaching language,Pressure,Lack of previous knowledge or experience in the field,Teachers' teaching method,Lack of time,Private life problems,Not having a good (powerful) computer,Private life problems,.,2.0,Yes,3.0,4.0,You do not care about,5-7 hours,5.0,8.0,6.0,6.0,6.0,Lack of previous knowledge or experience in the field,You do not care about,2,2.0,9.0,9.0,10.0,Moderate,Moderate,Moderate,Moderate,Low,High,Moderate,Moderate,Low,Low,Low,Low,Moderate,Moderate,High,High,Moderate,Moderate,Moderate,Moderate,Low,Low,Moderate,Moderate,Moderate,Moderate,High,1,1,0,0,1,1,17,29,0,7,4,1,6,2,5,3,5,0,1,2,0,1,3,8,1,2,1,1,1,0,2,1,1,1,1,1,2,2,0,0,1,1,1,2,1,1,2,2,1,2,0,2.5649493574615367,1.0986122886681098,1.3862943611198906,1.6094379124341003,1.791759469228055,2.1972245773362196,1.9459101490553132,1.9459101490553132,1.9459101490553132,1.0986122886681098,1.0986122886681098,2.302585092994046,2.3978952727983707,0.6931471805599453,0.6931471805599453,0.0,0.0,0.6931471805599453,0.6931471805599453,2.8903717578961645,3.4011973816621555,0.0,2.0794415416798357,1.6094379124341003,0.6931471805599453,1.9459101490553132,1.0986122886681098,1.791759469228055,1.3862943611198906,1.791759469228055,0.0,0.6931471805599453,1.0986122886681098,0.0,0.6931471805599453,1.3862943611198906,2.1972245773362196,0.6931471805599453,1.0986122886681098,0.6931471805599453,0.6931471805599453,0.6931471805599453,0.0,1.0986122886681098,0.6931471805599453,0.6931471805599453,0.6931471805599453,0.6931471805599453,0.6931471805599453,1.0986122886681098,1.0986122886681098,0.0,0.0,0.6931471805599453,0.6931471805599453,0.6931471805599453,1.0986122886681098,0.6931471805599453,0.6931471805599453,1.0986122886681098,1.0986122886681098,0.6931471805599453,1.0986122886681098,0.0
18,Male,Third year,Mathematics,10-17,In the school's library,Alone,Learning by practicing,Books;YouTube videos,No,Private life problems,Lack of time,Teachers' teaching method,Lack of previous knowledge or experience in the field,Pressure,Teaching language,Bad quality of internet,Not having a good (powerful) computer,Nothing,3.0,Yes,5.0,4.0,You do not care about,8 hours or more,3.0,6.0,8.0,8.0,7.0,Bad quality of internet,You do not care about,3,2.0,12.0,10.0,11.0,High,High,High,High,Very Low,Very High,High,High,High,Moderate,High,Low,High,High,High,High,Moderate,Moderate,Moderate,Moderate,Low,Low,Moderate,Moderate,Moderate,Moderate,High,1,2,0,0,1,0,0,14,0,5,2,6,1,4,7,0,3,5,1,2,1,0,3,2,0,0,0,0,3,3,0,0,0,2,0,1,0,0,0,0,1,1,1,2,1,1,2,2,1,2,0,2.9444389791664403,1.3862943611198906,1.791759469228055,1.6094379124341003,1.3862943611198906,1.9459101490553132,2.1972245773362196,2.1972245773362196,2.0794415416798357,1.3862943611198906,1.0986122886681098,2.3978952727983707,2.4849066497880004,0.6931471805599453,1.0986122886681098,0.0,0.0,0.6931471805599453,0.0,0.0,2.70805020110221,0.0,1.791759469228055,1.0986122886681098,1.9459101490553132,0.6931471805599453,1.6094379124341003,2.0794415416798357,0.0,1.3862943611198906,1.791759469228055,0.6931471805599453,1.0986122886681098,0.6931471805599453,0.0,1.3862943611198906,1.0986122886681098,0.0,0.0,0.0,0.0,1.3862943611198906,1.3862943611198906,0.0,0.0,0.0,1.0986122886681098,0.0,0.6931471805599453,0.0,0.0,0.0,0.0,0.6931471805599453,0.6931471805599453,0.6931471805599453,1.0986122886681098,0.6931471805599453,0.6931471805599453,1.0986122886681098,1.0986122886681098,0.6931471805599453,1.0986122886681098,0.0
28,Female,Second year,Science,18-25,In the school's library,Alone,Mind mapping and visualization;Online courses and tutorials,Online documents;YouTube videos,Yes,Pressure,Lack of time,Lack of previous knowledge or experience in the field,Teaching language,Teaching language,Bad quality of internet,Not having a good (powerful) computer,Private life problems,Lack of motivation,2.0,Yes,3.0,5.0,You do not care about,5-7 hours,1.0,7.0,5.0,6.0,7.0,Lack of previous knowledge or experience in the field,You do not care about,2,2.0,8.0,9.0,9.0,High,High,High,High,Very Low,Very High,High,High,High,Moderate,High,Low,High,High,High,High,Moderate,Moderate,Moderate,Moderate,Low,Low,Moderate,Moderate,Moderate,Moderate,High,0,1,1,1,1,0,45,20,1,4,2,1,7,7,0,3,5,2,1,2,0,1,3,7,0,0,0,0,3,3,0,0,0,2,0,1,0,0,0,0,1,1,1,2,1,1,2,2,1,2,0,3.367295829986474,1.0986122886681098,1.3862943611198906,1.791759469228055,0.6931471805599453,2.0794415416798357,1.791759469228055,1.9459101490553132,2.0794415416798357,1.0986122886681098,1.0986122886681098,2.302585092994046,2.302585092994046,0.0,0.6931471805599453,0.6931471805599453,0.6931471805599453,0.6931471805599453,0.0,3.828641396489095,3.044522437723423,0.6931471805599453,1.6094379124341003,1.0986122886681098,0.6931471805599453,2.0794415416798357,2.0794415416798357,0.0,1.3862943611198906,1.791759469228055,1.0986122886681098,0.6931471805599453,1.0986122886681098,0.0,0.6931471805599453,1.3862943611198906,2.0794415416798357,0.0,0.0,0.0,0.0,1.3862943611198906,1.3862943611198906,0.0,0.0,0.0,1.0986122886681098,0.0,0.6931471805599453,0.0,0.0,0.0,0.0,0.6931471805599453,0.6931471805599453,0.6931471805599453,1.0986122886681098,0.6931471805599453,0.6931471805599453,1.0986122886681098,1.0986122886681098,0.6931471805599453,1.0986122886681098,0.0
29,Male,Third year,Mathematics,18-25,In your room (dorms),With a group,Lectures;Learning by practicing;Online courses and tutorials,Online tutorials;YouTube videos,No,Lack of time,Pressure,Lack of previous knowledge or experience in the field,Private life problems,Teaching language,Teachers' teaching method,Bad quality of internet,Not having a good (powerful) computer,"Guergour, thabet, dib, w abdou jirani, nahkiw mashi n9raw ( w mouchaal lol)",3.0,Yes,4.0,3.0,You do not care about,5-7 hours,2.0,6.0,6.0,6.0,7.0,Bad quality of internet,You do not care about,3,2.0,11.0,11.0,11.0,High,High,High,High,Very Low,Very High,High,High,High,Moderate,High,Low,High,High,High,High,Moderate,Moderate,Moderate,Moderate,Low,Low,Moderate,Moderate,Moderate,Moderate,High,1,2,0,1,2,2,35,29,0,2,4,1,5,7,6,0,3,1,1,2,0,0,3,1,0,0,0,0,3,3,0,0,0,2,0,1,0,0,0,0,1,1,1,2,1,1,2,2,1,2,0,3.4011973816621555,1.3862943611198906,1.6094379124341003,1.3862943611198906,1.0986122886681098,1.9459101490553132,1.9459101490553132,1.9459101490553132,2.0794415416798357,1.3862943611198906,1.0986122886681098,2.4849066497880004,2.4849066497880004,0.6931471805599453,1.0986122886681098,0.0,0.6931471805599453,1.0986122886681098,1.0986122886681098,3.58351893845611,3.4011973816621555,0.0,1.0986122886681098,1.6094379124341003,0.6931471805599453,1.791759469228055,2.0794415416798357,1.9459101490553132,0.0,1.3862943611198906,0.6931471805599453,0.6931471805599453,1.0986122886681098,0.0,0.0,1.3862943611198906,0.6931471805599453,0.0,0.0,0.0,0.0,1.3862943611198906,1.3862943611198906,0.0,0.0,0.0,1.0986122886681098,0.0,0.6931471805599453,0.0,0.0,0.0,0.0,0.6931471805599453,0.6931471805599453,0.6931471805599453,1.0986122886681098,0.6931471805599453,0.6931471805599453,1.0986122886681098,1.0986122886681098,0.6931471805599453,1.0986122886681098,0.0
30,Male,Third year,Science,10-17,In your room (dorms),Alone,Lectures;Learning by practicing,Online documents;YouTube videos,No,Private life problems,Lack of previous knowledge or experience in the field,Pressure,Lack of time,Teachers' teaching method,Teaching language,Bad quality of internet,Not having a good (powerful) computer,"Guergour, thabet, dib, w abdou jirani, nahkiw mashi n9raw ( w mouchaal lol)",2.0,No,4.0,3.0,You do not care about,5-7 hours,3.0,5.0,4.0,4.0,5.0,Bad quality of internet,You do not care about,3,2.0,11.0,12.0,12.0,Moderate,Moderate,High,Moderate,Low,Moderate,High,Moderate,Moderate,Moderate,High,Moderate,High,Moderate,High,High,Moderate,Moderate,Moderate,Moderate,Low,Low,Moderate,Moderate,Moderate,Moderate,High,1,2,1,0,2,0,32,20,0,5,1,4,2,6,7,0,3,1,0,2,0,0,3,1,1,2,0,1,1,2,0,1,2,2,0,2,0,2,0,0,1,1,1,2,1,1,2,2,1,2,0,3.4339872044851463,1.0986122886681098,1.6094379124341003,1.3862943611198906,1.3862943611198906,1.791759469228055,1.6094379124341003,1.6094379124341003,1.791759469228055,1.3862943611198906,1.0986122886681098,2.5649493574615367,2.5649493574615367,0.6931471805599453,1.0986122886681098,0.6931471805599453,0.0,1.0986122886681098,0.0,3.4965075614664802,3.044522437723423,0.0,1.791759469228055,0.6931471805599453,1.6094379124341003,1.0986122886681098,1.9459101490553132,2.0794415416798357,0.0,1.3862943611198906,0.6931471805599453,0.0,1.0986122886681098,0.0,0.0,1.3862943611198906,0.6931471805599453,0.6931471805599453,1.0986122886681098,0.0,0.6931471805599453,0.6931471805599453,1.0986122886681098,0.0,0.6931471805599453,1.0986122886681098,1.0986122886681098,0.0,1.0986122886681098,0.0,1.0986122886681098,0.0,0.0,0.6931471805599453,0.6931471805599453,0.6931471805599453,1.0986122886681098,0.6931471805599453,0.6931471805599453,1.0986122886681098,1.0986122886681098,0.6931471805599453,1.0986122886681098,0.0
45,Female,Fourth year,Technical maths,10-17,In your room (dorms),Alone,Lectures;Learning by practicing;Mind mapping and visualization;Online courses and tutorials,Books;Online tutorials;Online documents;YouTube videos,Yes,Pressure,Lack of previous knowledge or experience in the field,Teachers' teaching method,Not having a good (powerful) computer,Lack of time,Private life problems,Teaching language,Bad quality of internet,"social media addiction , health problems, not being able to work on a team in group projects",2.0,Yes,2.0,3.0,You do not care about,5-7 hours,1.0,7.0,2.0,5.0,2.0,Unknown,Unknown,4,3.0,11.0,9.0,10.0,Moderate,High,Very High,High,Moderate,Very Low,Very High,Moderate,Low,Very Low,Moderate,Very Low,Moderate,Moderate,High,High,Moderate,Moderate,Moderate,Moderate,Low,Low,Moderate,Moderate,Moderate,Moderate,High,0,0,2,0,2,0,34,13,1,4,1,6,3,2,5,7,0,10,1,2,0,8,2,1,1,0,2,0,2,4,3,1,1,4,2,3,2,2,0,0,1,1,1,2,1,1,2,2,1,2,0,3.828641396489095,1.0986122886681098,1.0986122886681098,1.3862943611198906,0.6931471805599453,2.0794415416798357,1.0986122886681098,1.791759469228055,1.0986122886681098,1.6094379124341003,1.3862943611198906,2.302585092994046,2.3978952727983707,0.0,0.0,1.0986122886681098,0.0,1.0986122886681098,0.0,3.5553480614894135,2.6390573296152584,0.6931471805599453,1.6094379124341003,0.6931471805599453,1.9459101490553132,1.3862943611198906,1.0986122886681098,1.791759469228055,2.0794415416798357,0.0,2.3978952727983707,0.6931471805599453,1.0986122886681098,0.0,2.1972245773362196,1.0986122886681098,0.6931471805599453,0.6931471805599453,0.0,1.0986122886681098,0.0,1.0986122886681098,1.6094379124341003,1.3862943611198906,0.6931471805599453,0.6931471805599453,1.6094379124341003,1.0986122886681098,1.3862943611198906,1.0986122886681098,1.0986122886681098,0.0,0.0,0.6931471805599453,0.6931471805599453,0.6931471805599453,1.0986122886681098,0.6931471805599453,0.6931471805599453,1.0986122886681098,1.0986122886681098,0.6931471805599453,1.0986122886681098,0.0
48,Male,Third year,Mathematics,10-17,In the school's library,Alone,Lectures;Learning by practicing;Mind mapping and visualization;Online courses and tutorials,Online tutorials;Online documents;YouTube videos;Chat GPT,No,Pressure,Teaching language,Lack of time,Lack of previous knowledge or experience in the field,Teachers' teaching method,Private life problems,Bad quality of internet,Not having a good (powerful) computer,"Guergour, thabet, dib, w abdou jirani, nahkiw mashi n9raw ( w mouchaal lol)",2.0,Yes,3.0,3.0,You do not care about,5-7 hours,3.0,6.0,7.0,7.0,8.0,Bad quality of internet,You do not care about,3,2.0,11.0,9.0,10.0,Moderate,Moderate,Moderate,Moderate,Low,Low,Moderate,High,Moderate,Moderate,Moderate,Low,Moderate,Low,High,High,Moderate,Moderate,Moderate,Moderate,Low,Low,Moderate,Moderate,Moderate,Moderate,High,1,2,0,0,1,0,34,28,0,4,7,2,1,6,5,0,3,1,1,2,0,0,3,1,1,2,1,1,1,1,2,0,2,2,2,1,2,1,0,0,1,1,1,2,1,1,2,2,1,2,0,3.8918202981106265,1.0986122886681098,1.3862943611198906,1.3862943611198906,1.3862943611198906,1.9459101490553132,2.0794415416798357,2.0794415416798357,2.1972245773362196,1.3862943611198906,1.0986122886681098,2.302585092994046,2.3978952727983707,0.6931471805599453,1.0986122886681098,0.0,0.0,0.6931471805599453,0.0,3.5553480614894135,3.367295829986474,0.0,1.6094379124341003,2.0794415416798357,1.0986122886681098,0.6931471805599453,1.9459101490553132,1.791759469228055,0.0,1.3862943611198906,0.6931471805599453,0.6931471805599453,1.0986122886681098,0.0,0.0,1.3862943611198906,0.6931471805599453,0.6931471805599453,1.0986122886681098,0.6931471805599453,0.6931471805599453,0.6931471805599453,0.6931471805599453,1.0986122886681098,0.0,1.0986122886681098,1.0986122886681098,1.0986122886681098,0.6931471805599453,1.0986122886681098,0.6931471805599453,0.0,0.0,0.6931471805599453,0.6931471805599453,0.6931471805599453,1.0986122886681098,0.6931471805599453,0.6931471805599453,1.0986122886681098,1.0986122886681098,0.6931471805599453,1.0986122886681098,0.0
58,Male,Third year,Science,10-17,In your room (dorms),Alone,Lectures;Learning by practicing;Project-based learning;Mind mapping and visualization;Online courses and tutorials,Online tutorials;YouTube videos,No,Teachers' teaching method,Lack of time,Lack of previous knowledge or experience in the field,Pressure,Teaching language,Lack of previous knowledge or experience in the field,Private life problems,Not having a good (powerful) computer,"Guergour, thabet, dib, w abdou jirani, nahkiw mashi n9raw ( w mouchaal lol)",2.0,No,3.0,5.0,Positively,5-7 hours,3.0,6.0,7.0,7.0,6.0,Bad quality of internet,You do not care about,3,2.0,12.0,10.0,11.0,High,Moderate,Moderate,Moderate,Moderate,Very High,Moderate,Moderate,Moderate,Moderate,Moderate,Low,Moderate,Moderate,High,High,Moderate,Moderate,Moderate,Moderate,Low,Low,Moderate,Moderate,Moderate,Moderate,High,1,2,1,0,2,0,39,29,0,6,2,1,4,7,1,5,3,1,0,1,0,0,3,2,0,2,1,1,2,3,2,1,2,2,2,1,2,2,0,0,1,1,1,2,1,1,2,2,1,2,0,4.07753744390572,1.0986122886681098,1.3862943611198906,1.791759469228055,1.3862943611198906,1.9459101490553132,2.0794415416798357,2.0794415416798357,1.9459101490553132,1.3862943611198906,1.0986122886681098,2.3978952727983707,2.4849066497880004,0.6931471805599453,1.0986122886681098,0.6931471805599453,0.0,1.0986122886681098,0.0,3.6888794541139363,3.4011973816621555,0.0,1.9459101490553132,1.0986122886681098,0.6931471805599453,1.6094379124341003,2.0794415416798357,0.6931471805599453,1.791759469228055,1.3862943611198906,0.6931471805599453,0.0,0.6931471805599453,0.0,0.0,1.3862943611198906,1.0986122886681098,0.0,1.0986122886681098,0.6931471805599453,0.6931471805599453,1.0986122886681098,1.3862943611198906,1.0986122886681098,0.6931471805599453,1.0986122886681098,1.0986122886681098,1.0986122886681098,0.6931471805599453,1.0986122886681098,1.0986122886681098,0.0,0.0,0.6931471805599453,0.6931471805599453,0.6931471805599453,1.0986122886681098,0.6931471805599453,0.6931471805599453,1.0986122886681098,1.0986122886681098,0.6931471805599453,1.0986122886681098,0.0
63,Female,Second year,Science,18-25,In your room (dorms),In peer,Lectures;Learning by practicing;Project-based learning;Mind mapping and visualization;Online courses and tutorials,Books;Online tutorials;Online documents;YouTube videos,Yes,Teachers' teaching method,Pressure,Lack of time,Pressure,Bad quality of internet,Private life problems,Not having a good (powerful) computer,Teaching language,Lack of motivation,2.0,Yes,3.0,5.0,Negatively,5-7 hours,4.0,8.0,6.0,7.0,8.0,Lack of previous knowledge or experience in the field,You do not care about,2,2.0,9.0,10.0,9.0,High,Moderate,Moderate,Moderate,Moderate,Very High,Moderate,Moderate,Moderate,Moderate,Moderate,Low,Moderate,Moderate,High,High,Moderate,Moderate,Moderate,Moderate,Low,Low,Moderate,Moderate,Moderate,Moderate,High,0,1,1,1,2,1,39,13,1,6,4,2,4,0,5,3,7,2,1,0,0,1,3,8,0,2,1,1,2,3,2,1,2,2,2,1,2,2,0,0,1,1,1,2,1,1,2,2,1,2,0,4.1588830833596715,1.0986122886681098,1.3862943611198906,1.791759469228055,1.6094379124341003,2.1972245773362196,1.9459101490553132,2.0794415416798357,2.1972245773362196,1.0986122886681098,1.0986122886681098,2.3978952727983707,2.302585092994046,0.0,0.6931471805599453,0.6931471805599453,0.6931471805599453,1.0986122886681098,0.6931471805599453,3.6888794541139363,2.6390573296152584,0.6931471805599453,1.9459101490553132,1.6094379124341003,1.0986122886681098,1.6094379124341003,0.0,1.791759469228055,1.3862943611198906,2.0794415416798357,1.0986122886681098,0.6931471805599453,0.0,0.0,0.6931471805599453,1.3862943611198906,2.1972245773362196,0.0,1.0986122886681098,0.6931471805599453,0.6931471805599453,1.0986122886681098,1.3862943611198906,1.0986122886681098,0.6931471805599453,1.0986122886681098,1.0986122886681098,1.0986122886681098,0.6931471805599453,1.0986122886681098,1.0986122886681098,0.0,0.0,0.6931471805599453,0.6931471805599453,0.6931471805599453,1.0986122886681098,0.6931471805599453,0.6931471805599453,1.0986122886681098,1.0986122886681098,0.6931471805599453,1.0986122886681098,0.0
72,Male,Second year,Science,18-25,In your room (dorms),Alone,Lectures;Learning by practicing;Online courses and tutorials,Books,No,Lack of time,Pressure,Lack of previous knowledge or experience in the field,Teachers' teaching method,Teaching language,Private life problems,Bad quality of internet,Not having a good (powerful) computer,Lack of motivation,3.0,Yes,4.0,5.0,You do not care about,8 hours or more,4.0,6.0,7.0,6.0,5.0,Lack of previous knowledge or experience in the field,You do not care about,2,2.0,11.0,10.0,9.0,High,Moderate,Moderate,Moderate,Moderate,Very High,Moderate,Moderate,Moderate,Moderate,Moderate,Low,Moderate,Moderate,High,High,Moderate,Moderate,Moderate,Moderate,Low,Low,Moderate,Moderate,Moderate,Moderate,High,1,1,1,1,2,0,35,0,0,2,4,1,6,7,5,0,3,2,1,2,1,1,3,1,0,2,1,1,2,3,2,1,2,2,2,1,2,2,0,0,1,1,1,2,1,1,2,2,1,2,0,4.290459441148391,1.3862943611198906,1.6094379124341003,1.791759469228055,1.6094379124341003,1.9459101490553132,2.0794415416798357,1.9459101490553132,1.791759469228055,1.0986122886681098,1.0986122886681098,2.3978952727983707,2.302585092994046,0.6931471805599453,0.6931471805599453,0.6931471805599453,0.6931471805599453,1.0986122886681098,0.0,3.58351893845611,0.0,0.0,1.0986122886681098,1.6094379124341003,0.6931471805599453,1.9459101490553132,2.0794415416798357,1.791759469228055,0.0,1.3862943611198906,1.0986122886681098,0.6931471805599453,1.0986122886681098,0.6931471805599453,0.6931471805599453,1.3862943611198906,0.6931471805599453,0.0,1.0986122886681098,0.6931471805599453,0.6931471805599453,1.0986122886681098,1.3862943611198906,1.0986122886681098,0.6931471805599453,1.0986122886681098,1.0986122886681098,1.0986122886681098,0.6931471805599453,1.0986122886681098,1.0986122886681098,0.0,0.0,0.6931471805599453,0.6931471805599453,0.6931471805599453,1.0986122886681098,0.6931471805599453,0.6931471805599453,1.0986122886681098,1.0986122886681098,0.6931471805599453,1.0986122886681098,0.0
73,Male,Third year,Mathematics,10-17,In your room (dorms),In peer,Lectures;Project-based learning,Online documents;YouTube videos,No,Teachers' teaching method,Pressure,Lack of previous knowledge or experience in the field,Lack of time,Bad quality of internet,Teaching language,Private life problems,Not having a good (powerful) computer,"Guergour, thabet, dib, w abdou jirani, nahkiw mashi n9raw ( w mouchaal lol)",3.0,Yes,4.0,4.0,Negatively,8 hours or more,4.0,7.0,6.0,7.0,5.0,Bad quality of internet,You do not care about,3,2.0,12.0,11.0,12.0,High,Moderate,Moderate,Moderate,Low,Very High,High,Moderate,High,Moderate,High,Moderate,Low,High,High,High,Moderate,Moderate,Moderate,Moderate,Low,Low,Moderate,Moderate,Moderate,Moderate,High,1,2,0,0,2,1,43,20,0,6,4,1,2,0,7,5,3,1,1,0,1,0,3,2,0,2,1,1,1,3,0,1,0,2,0,2,1,0,0,0,1,1,1,2,1,1,2,2,1,2,0,4.30406509320417,1.3862943611198906,1.6094379124341003,1.6094379124341003,1.6094379124341003,2.0794415416798357,1.9459101490553132,2.0794415416798357,1.791759469228055,1.3862943611198906,1.0986122886681098,2.4849066497880004,2.5649493574615367,0.6931471805599453,1.0986122886681098,0.0,0.0,1.0986122886681098,0.6931471805599453,3.784189633918261,3.044522437723423,0.0,1.9459101490553132,1.6094379124341003,0.6931471805599453,1.0986122886681098,0.0,2.0794415416798357,1.791759469228055,1.3862943611198906,0.6931471805599453,0.6931471805599453,0.0,0.6931471805599453,0.0,1.3862943611198906,1.0986122886681098,0.0,1.0986122886681098,0.6931471805599453,0.6931471805599453,0.6931471805599453,1.3862943611198906,0.0,0.6931471805599453,0.0,1.0986122886681098,0.0,1.0986122886681098,0.6931471805599453,0.0,0.0,0.0,0.6931471805599453,0.6931471805599453,0.6931471805599453,1.0986122886681098,0.6931471805599453,0.6931471805599453,1.0986122886681098,1.0986122886681098,0.6931471805599453,1.0986122886681098,0.0
78,Male,Fourth year,Technical maths,10-17,In your room (dorms),Alone,Mind mapping and visualization,Books;YouTube videos,Yes,Private life problems,Lack of time,Pressure,Teachers' teaching method,Pressure,Bad quality of internet,Lack of previous knowledge or experience in the field,Not having a good (powerful) computer,"The not organized study schedule put by the school , some modules requires TD and they do not have ...",1.0,No,2.0,3.0,You do not care about,8 hours or more,2.0,7.0,5.0,5.0,5.0,Unknown,Unknown,4,3.0,12.0,8.0,10.0,High,Moderate,Moderate,Moderate,Low,Very High,High,Moderate,High,Moderate,High,Moderate,Low,High,High,High,Moderate,Moderate,Moderate,Moderate,Low,Low,Moderate,Moderate,Moderate,Moderate,High,1,0,2,0,2,0,44,14,1,5,2,4,6,4,0,1,3,8,0,2,1,8,2,2,0,2,1,1,1,3,0,1,0,2,0,2,1,0,0,0,1,1,1,2,1,1,2,2,1,2,0,4.3694478524670215,0.6931471805599453,1.0986122886681098,1.3862943611198906,1.0986122886681098,2.0794415416798357,1.791759469228055,1.791759469228055,1.791759469228055,1.6094379124341003,1.3862943611198906,2.1972245773362196,2.3978952727983707,0.6931471805599453,0.0,1.0986122886681098,0.0,1.0986122886681098,0.0,3.8066624897703196,2.70805020110221,0.6931471805599453,1.791759469228055,1.0986122886681098,1.6094379124341003,1.9459101490553132,1.6094379124341003,0.0,0.6931471805599453,1.3862943611198906,2.1972245773362196,0.0,1.0986122886681098,0.6931471805599453,2.1972245773362196,1.0986122886681098,1.0986122886681098,0.0,1.0986122886681098,0.6931471805599453,0.6931471805599453,0.6931471805599453,1.3862943611198906,0.0,0.6931471805599453,0.0,1.0986122886681098,0.0,1.0986122886681098,0.6931471805599453,0.0,0.0,0.0,0.6931471805599453,0.6931471805599453,0.6931471805599453,1.0986122886681098,0.6931471805599453,0.6931471805599453,1.0986122886681098,1.0986122886681098,0.6931471805599453,1.0986122886681098,0.0
80,Male,Fourth year,Technical maths,10-17,At home,In peer,Lectures;Learning by practicing;Project-based learning;Online courses and tutorials,Books;Online documents,No,Pressure,Teachers' teaching method,Lack of previous knowledge or experience in the field,Not having a good (powerful) computer,Bad quality of internet,Private life problems,Teaching language,Lack of time,"The not organized study schedule put by the school , some modules requires TD and they do not have ...",2.0,No,3.0,4.0,You do not care about,5-7 hours,3.0,7.0,7.0,7.0,6.0,Unknown,Unknown,4,3.0,12.0,14.0,13.0,Moderate,Moderate,High,High,Moderate,High,High,High,High,Moderate,Moderate,Moderate,High,Moderate,High,High,Moderate,Moderate,Moderate,Moderate,Low,Low,Moderate,Moderate,Moderate,Moderate,High,1,0,2,0,0,1,40,8,0,4,6,1,3,0,5,7,2,8,0,2,0,8,2,2,1,2,0,0,2,0,0,0,0,2,2,2,0,2,0,0,1,1,1,2,1,1,2,2,1,2,0,4.394449154672439,1.0986122886681098,1.3862943611198906,1.6094379124341003,1.3862943611198906,2.0794415416798357,2.0794415416798357,2.0794415416798357,1.9459101490553132,1.6094379124341003,1.3862943611198906,2.70805020110221,2.6390573296152584,0.6931471805599453,0.0,1.0986122886681098,0.0,0.0,0.6931471805599453,3.713572066704308,2.1972245773362196,0.0,1.6094379124341003,1.9459101490553132,0.6931471805599453,1.3862943611198906,0.0,1.791759469228055,2.0794415416798357,1.0986122886681098,2.1972245773362196,0.0,1.0986122886681098,0.0,2.1972245773362196,1.0986122886681098,1.0986122886681098,0.6931471805599453,1.0986122886681098,0.0,0.0,1.0986122886681098,0.0,0.0,0.0,0.0,1.0986122886681098,1.0986122886681098,1.0986122886681098,0.0,1.0986122886681098,0.0,0.0,0.6931471805599453,0.6931471805599453,0.6931471805599453,1.0986122886681098,0.6931471805599453,0.6931471805599453,1.0986122886681098,1.0986122886681098,0.6931471805599453,1.0986122886681098,0.0
83,Male,Third year,Mathematics,10-17,In your room (dorms),Alone,Mind mapping and visualization;Online courses and tutorials,Books;Online documents,Yes,Lack of time,Pressure,Private life problems,Teachers' teaching method,Lack of previous knowledge or experience in the field,Not having a good (powerful) computer,Teaching language,Bad quality of internet,"Guergour, thabet, dib, w abdou jirani, nahkiw mashi n9raw ( w mouchaal lol)",3.0,No,3.0,3.0,Negatively,8 hours or more,2.0,7.0,6.0,6.0,7.0,Bad quality of internet,You do not care about,3,2.0,13.0,12.0,12.0,Moderate,Moderate,High,High,Moderate,High,High,High,High,Moderate,Moderate,Moderate,High,Moderate,High,High,Moderate,Moderate,Moderate,Moderate,Low,Low,Moderate,Moderate,Moderate,Moderate,High,1,2,0,0,2,0,45,8,1,2,4,5,6,1,3,7,0,1,0,0,1,0,3,3,1,2,0,0,2,0,0,0,0,2,2,2,0,2,0,0,1,1,1,2,1,1,2,2,1,2,0,4.430816798843313,1.3862943611198906,1.3862943611198906,1.3862943611198906,1.0986122886681098,2.0794415416798357,1.9459101490553132,1.9459101490553132,2.0794415416798357,1.3862943611198906,1.0986122886681098,2.5649493574615367,2.5649493574615367,0.6931471805599453,1.0986122886681098,0.0,0.0,1.0986122886681098,0.0,3.828641396489095,2.1972245773362196,0.6931471805599453,1.0986122886681098,1.6094379124341003,1.791759469228055,1.9459101490553132,0.6931471805599453,1.3862943611198906,2.0794415416798357,0.0,0.6931471805599453,0.0,0.0,0.6931471805599453,0.0,1.3862943611198906,1.3862943611198906,0.6931471805599453,1.0986122886681098,0.0,0.0,1.0986122886681098,0.0,0.0,0.0,0.0,1.0986122886681098,1.0986122886681098,1.0986122886681098,0.0,1.0986122886681098,0.0,0.0,0.6931471805599453,0.6931471805599453,0.6931471805599453,1.0986122886681098,0.6931471805599453,0.6931471805599453,1.0986122886681098,1.0986122886681098,0.6931471805599453,1.0986122886681098,0.0
84,Female,Fourth year,Mathematics,10-17,In your room (dorms),Alone,Learning by practicing;Project-based learning;Mind mapping and visualization,Online tutorials;YouTube videos,Yes,Lack of time,Bad quality of internet,Lack of previous knowledge or experience in the field,Pressure,Not having a good (powerful) computer,Private life problems,Teachers' teaching method,Teaching language,"The not organized study schedule put by the school , some modules requires TD and they do not have ...",2.0,Yes,4.0,4.0,You do not care about,5-7 hours,4.0,9.0,7.0,9.0,8.0,Unknown,Unknown,4,3.0,12.0,11.0,12.0,Moderate,Moderate,High,High,Moderate,High,High,High,High,Moderate,Moderate,Moderate,High,Moderate,High,High,Moderate,Moderate,Moderate,Moderate,Low,Low,Moderate,Moderate,Moderate,Moderate,High,0,0,0,0,2,0,12,29,1,2,0,1,4,3,5,6,7,8,1,2,0,8,2,2,1,2,0,0,2,0,0,0,0,2,2,2,0,2,0,0,1,1,1,2,1,1,2,2,1,2,0,4.442651256490317,1.0986122886681098,1.6094379124341003,1.6094379124341003,1.6094379124341003,2.302585092994046,2.0794415416798357,2.302585092994046,2.1972245773362196,1.6094379124341003,1.3862943611198906,2.4849066497880004,2.5649493574615367,0.0,0.0,0.0,0.0,1.0986122886681098,0.0,2.5649493574615367,3.4011973816621555,0.6931471805599453,1.0986122886681098,0.0,0.6931471805599453,1.6094379124341003,1.3862943611198906,1.791759469228055,1.9459101490553132,2.0794415416798357,2.1972245773362196,0.6931471805599453,1.0986122886681098,0.0,2.1972245773362196,1.0986122886681098,1.0986122886681098,0.6931471805599453,1.0986122886681098,0.0,0.0,1.0986122886681098,0.0,0.0,0.0,0.0,1.0986122886681098,1.0986122886681098,1.0986122886681098,0.0,1.0986122886681098,0.0,0.0,0.6931471805599453,0.6931471805599453,0.6931471805599453,1.0986122886681098,0.6931471805599453,0.6931471805599453,1.0986122886681098,1.0986122886681098,0.6931471805599453,1.0986122886681098,0.0
85,Female,Third year,Science,26-33,At home,Alone,Lectures;Learning by practicing;Mind mapping and visualization,Online tutorials;Online documents,No,Lack of time,Pressure,Teachers' teaching method,Lack of previous knowledge or experience in the field,Bad quality of internet,Private life problems,Teaching language,Not having a good (powerful) computer,"Guergour, thabet, dib, w abdou jirani, nahkiw mashi n9raw ( w mouchaal lol)",2.0,No,2.0,4.0,Negatively,5-7 hours,5.0,8.0,7.0,6.0,7.0,Bad quality of internet,You do not care about,3,2.0,13.0,12.0,13.0,Moderate,Moderate,High,High,Moderate,High,High,High,High,Moderate,Moderate,Moderate,High,Moderate,High,High,Moderate,Moderate,Moderate,Moderate,Low,Low,Moderate,Moderate,Moderate,Moderate,High,0,2,1,2,0,0,33,26,0,2,4,6,1,0,5,7,3,1,0,0,0,0,3,3,1,2,0,0,2,0,0,0,0,2,2,2,0,2,0,0,1,1,1,2,1,1,2,2,1,2,0,4.454347296253507,1.0986122886681098,1.0986122886681098,1.6094379124341003,1.791759469228055,2.1972245773362196,2.0794415416798357,1.9459101490553132,2.0794415416798357,1.3862943611198906,1.0986122886681098,2.5649493574615367,2.6390573296152584,0.0,1.0986122886681098,0.6931471805599453,1.0986122886681098,0.0,0.0,3.5263605246161616,3.295836866004329,0.0,1.0986122886681098,1.6094379124341003,1.9459101490553132,0.6931471805599453,0.0,1.791759469228055,2.0794415416798357,1.3862943611198906,0.6931471805599453,0.0,0.0,0.0,0.0,1.3862943611198906,1.3862943611198906,0.6931471805599453,1.0986122886681098,0.0,0.0,1.0986122886681098,0.0,0.0,0.0,0.0,1.0986122886681098,1.0986122886681098,1.0986122886681098,0.0,1.0986122886681098,0.0,0.0,0.6931471805599453,0.6931471805599453,0.6931471805599453,1.0986122886681098,0.6931471805599453,0.6931471805599453,1.0986122886681098,1.0986122886681098,0.6931471805599453,1.0986122886681098,0.0
86,Female,Fourth year,Mathematics,10-17,In your room (dorms),In peer,Learning by practicing;Mind mapping and visualization,Online documents;YouTube videos,Yes,Teachers' teaching method,Lack of time,Lack of previous knowledge or experience in the field,Bad quality of internet,Not having a good (powerful) computer,Private life problems,Pressure,Pressure,"The not organized study schedule put by the school , some modules requires TD and they do not have ...",2.0,No,3.0,4.0,You do not care about,5-7 hours,2.0,9.0,7.0,7.0,6.0,Unknown,Unknown,4,3.0,11.0,12.0,11.0,Moderate,Moderate,High,High,Moderate,High,High,High,High,Moderate,Moderate,Moderate,High,Moderate,High,High,Moderate,Moderate,Moderate,Moderate,Low,Low,Moderate,Moderate,Moderate,Moderate,High,0,0,0,0,2,1,8,20,1,6,2,1,0,3,5,4,4,8,0,2,0,8,2,1,1,2,0,0,2,0,0,0,0,2,2,2,0,2,0,0,1,1,1,2,1,1,2,2,1,2,0,4.465908118654584,1.0986122886681098,1.3862943611198906,1.6094379124341003,1.0986122886681098,2.302585092994046,2.0794415416798357,2.0794415416798357,1.9459101490553132,1.6094379124341003,1.3862943611198906,2.5649493574615367,2.4849066497880004,0.0,0.0,0.0,0.0,1.0986122886681098,0.6931471805599453,2.1972245773362196,3.044522437723423,0.6931471805599453,1.9459101490553132,1.0986122886681098,0.6931471805599453,0.0,1.3862943611198906,1.791759469228055,1.6094379124341003,1.6094379124341003,2.1972245773362196,0.0,1.0986122886681098,0.0,2.1972245773362196,1.0986122886681098,0.6931471805599453,0.6931471805599453,1.0986122886681098,0.0,0.0,1.0986122886681098,0.0,0.0,0.0,0.0,1.0986122886681098,1.0986122886681098,1.0986122886681098,0.0,1.0986122886681098,0.0,0.0,0.6931471805599453,0.6931471805599453,0.6931471805599453,1.0986122886681098,0.6931471805599453,0.6931471805599453,1.0986122886681098,1.0986122886681098,0.6931471805599453,1.0986122886681098,0.0
93,Female,Second year,Mathematics,18-25,At home,Alone,Lectures;Learning by practicing;Mind mapping and visualization;Online courses and tutorials,Online tutorials;YouTube videos,Yes,Lack of time,Pressure,Private life problems,Lack of previous knowledge or experience in the field,Bad quality of internet,Teachers' teaching method,Teaching language,Not having a good (powerful) computer,fighting the urge to go and live in a cottage in the mountains,3.0,Yes,4.0,5.0,Negatively,8 hours or more,1.0,9.0,5.0,6.0,7.0,Lack of previous knowledge or experience in the field,You do not care about,2,2.0,9.0,9.0,9.0,Moderate,Moderate,High,High,Moderate,High,High,High,High,Moderate,Moderate,Moderate,High,Moderate,High,High,Moderate,Moderate,Moderate,Moderate,Low,Low,Moderate,Moderate,Moderate,Moderate,High,0,1,0,1,0,0,34,29,1,2,4,5,1,0,6,7,3,9,1,0,1,1,3,8,1,2,0,0,2,0,0,0,0,2,2,2,0,2,0,0,1,1,1,2,1,1,2,2,1,2,0,4.543294782270004,1.3862943611198906,1.6094379124341003,1.791759469228055,0.6931471805599453,2.302585092994046,1.791759469228055,1.9459101490553132,2.0794415416798357,1.0986122886681098,1.0986122886681098,2.302585092994046,2.302585092994046,0.0,0.6931471805599453,0.0,0.6931471805599453,0.0,0.0,3.5553480614894135,3.4011973816621555,0.6931471805599453,1.0986122886681098,1.6094379124341003,1.791759469228055,0.6931471805599453,0.0,1.9459101490553132,2.0794415416798357,1.3862943611198906,2.302585092994046,0.6931471805599453,0.0,0.6931471805599453,0.6931471805599453,1.3862943611198906,2.1972245773362196,0.6931471805599453,1.0986122886681098,0.0,0.0,1.0986122886681098,0.0,0.0,0.0,0.0,1.0986122886681098,1.0986122886681098,1.0986122886681098,0.0,1.0986122886681098,0.0,0.0,0.6931471805599453,0.6931471805599453,0.6931471805599453,1.0986122886681098,0.6931471805599453,0.6931471805599453,1.0986122886681098,1.0986122886681098,0.6931471805599453,1.0986122886681098,0.0
96,Female,Third year,Science,18-25,At home,In peer,Learning by practicing;Mind mapping and visualization;Interactive workshops;Online courses and tutorials,Books;Online documents;YouTube videos,No,Lack of time,Lack of previous knowledge or experience in the field,Teachers' teaching method,Pressure,Private life problems,Bad quality of internet,Teaching language,Not having a good (powerful) computer,"Guergour, thabet, dib, w abdou jirani, nahkiw mashi n9raw ( w mouchaal lol)",2.0,No,3.0,4.0,Negatively,5-7 hours,3.0,7.0,6.0,6.0,6.0,Bad quality of internet,You do not care about,3,2.0,13.0,12.0,12.0,High,High,High,Moderate,Low,High,Moderate,High,Moderate,Moderate,Low,Moderate,High,Moderate,High,High,Moderate,Moderate,Moderate,Moderate,Low,Low,Moderate,Moderate,Moderate,Moderate,High,0,2,1,1,0,1,9,10,0,2,1,6,4,5,0,7,3,1,0,0,0,0,3,3,0,0,0,1,1,0,2,0,2,2,1,2,0,2,0,0,1,1,1,2,1,1,2,2,1,2,0,4.574710978503383,1.0986122886681098,1.3862943611198906,1.6094379124341003,1.3862943611198906,2.0794415416798357,1.9459101490553132,1.9459101490553132,1.9459101490553132,1.3862943611198906,1.0986122886681098,2.5649493574615367,2.5649493574615367,0.0,1.0986122886681098,0.6931471805599453,0.6931471805599453,0.0,0.6931471805599453,2.302585092994046,2.3978952727983707,0.0,1.0986122886681098,0.6931471805599453,1.9459101490553132,1.6094379124341003,1.791759469228055,0.0,2.0794415416798357,1.3862943611198906,0.6931471805599453,0.0,0.0,0.0,0.0,1.3862943611198906,1.3862943611198906,0.0,0.0,0.0,0.6931471805599453,0.6931471805599453,0.0,1.0986122886681098,0.0,1.0986122886681098,1.0986122886681098,0.6931471805599453,1.0986122886681098,0.0,1.0986122886681098,0.0,0.0,0.6931471805599453,0.6931471805599453,0.6931471805599453,1.0986122886681098,0.6931471805599453,0.6931471805599453,1.0986122886681098,1.0986122886681098,0.6931471805599453,1.0986122886681098,0.0
100,Female,Third year,Science,10-17,At home,Alone,Learning by practicing;Project-based learning;Mind mapping and visualization;Online courses and tutorials,Books;Online tutorials;Online documents;YouTube videos,No,Lack of time,Pressure,Teachers' teaching method,Private life problems,Lack of previous knowledge or experience in the field,Not having a good (powerful) computer,Bad quality of internet,Teaching language,"Perhaps the challenge lies in the lack of resources for theoretical exercises, or the kind of exos that we find in exams",3.0,Yes,4.0,5.0,Positively,5-7 hours,4.0,7.0,8.0,7.0,7.0,Bad quality of internet,You do not care about,3,2.0,13.0,12.0,12.0,High,Moderate,Very High,High,Low,High,Moderate,Moderate,Moderate,High,Moderate,Moderate,Moderate,Moderate,High,High,Moderate,Moderate,Moderate,Moderate,Low,Low,Moderate,Moderate,Moderate,Moderate,High,0,2,1,0,0,0,15,13,0,2,4,6,5,1,3,0,7,6,1,1,0,0,3,3,0,2,2,0,1,0,2,1,2,0,2,2,2,2,0,0,1,1,1,2,1,1,2,2,1,2,0,4.61512051684126,1.3862943611198906,1.6094379124341003,1.791759469228055,1.6094379124341003,2.0794415416798357,2.1972245773362196,2.0794415416798357,2.0794415416798357,1.3862943611198906,1.0986122886681098,2.5649493574615367,2.5649493574615367,0.0,1.0986122886681098,0.6931471805599453,0.0,0.0,0.0,2.772588722239781,2.6390573296152584,0.0,1.0986122886681098,1.6094379124341003,1.9459101490553132,1.791759469228055,0.6931471805599453,1.3862943611198906,0.0,2.0794415416798357,1.9459101490553132,0.6931471805599453,0.6931471805599453,0.0,0.0,1.3862943611198906,1.3862943611198906,0.0,1.0986122886681098,1.0986122886681098,0.0,0.6931471805599453,0.0,1.0986122886681098,0.6931471805599453,1.0986122886681098,0.0,1.0986122886681098,1.0986122886681098,1.0986122886681098,1.0986122886681098,0.0,0.0,0.6931471805599453,0.6931471805599453,0.6931471805599453,1.0986122886681098,0.6931471805599453,0.6931471805599453,1.0986122886681098,1.0986122886681098,0.6931471805599453,1.0986122886681098,0.0
103,Female,Third year,Mathematics,10-17,At home,Alone,Lectures;Learning by practicing,Online tutorials;YouTube videos,No,Lack of previous knowledge or experience in the field,Bad quality of internet,Teachers' teaching method,Pressure,Pressure,Teaching language,Lack of time,Private life problems,"Guergour, thabet, dib, w abdou jirani, nahkiw mashi n9raw ( w mouchaal lol)",2.0,Yes,2.0,2.0,You do not care about,8 hours or more,4.0,7.0,7.0,7.0,9.0,Bad quality of internet,You do not care about,3,3.0,12.0,11.0,11.0,Moderate,High,High,High,Moderate,High,High,Moderate,Moderate,High,Moderate,Moderate,High,High,High,High,Moderate,Moderate,Moderate,Moderate,Low,Low,Moderate,Moderate,Moderate,Moderate,High,0,2,0,0,0,0,32,29,0,1,0,6,4,4,7,2,5,1,1,2,1,0,3,2,1,0,0,0,2,0,0,1,2,0,2,2,0,0,0,0,1,1,1,2,1,1,2,2,1,2,0,4.6443908991413725,1.0986122886681098,1.0986122886681098,1.0986122886681098,1.6094379124341003,2.0794415416798357,2.0794415416798357,2.0794415416798357,2.302585092994046,1.3862943611198906,1.3862943611198906,2.4849066497880004,2.4849066497880004,0.0,1.0986122886681098,0.0,0.0,0.0,0.0,3.4965075614664802,3.4011973816621555,0.0,0.6931471805599453,0.0,1.9459101490553132,1.6094379124341003,1.6094379124341003,2.0794415416798357,1.0986122886681098,1.791759469228055,0.6931471805599453,0.6931471805599453,1.0986122886681098,0.6931471805599453,0.0,1.3862943611198906,1.0986122886681098,0.6931471805599453,0.0,0.0,0.0,1.0986122886681098,0.0,0.0,0.6931471805599453,1.0986122886681098,0.0,1.0986122886681098,1.0986122886681098,0.0,0.0,0.0,0.0,0.6931471805599453,0.6931471805599453,0.6931471805599453,1.0986122886681098,0.6931471805599453,0.6931471805599453,1.0986122886681098,1.0986122886681098,0.6931471805599453,1.0986122886681098,0.0
105,Female,Third year,Technical maths,18-25,In the school's library,With a group,Learning by practicing;Project-based learning;Mind mapping and visualization;Interactive workshops,Online tutorials;YouTube videos,Yes,Lack of time,Pressure,Teachers' teaching method,Lack of previous knowledge or experience in the field,Bad quality of internet,Private life problems,Not having a good (powerful) computer,Teaching language,"Guergour, thabet, dib, w abdou jirani, nahkiw mashi n9raw ( w mouchaal lol)",3.0,Yes,3.0,5.0,Positively,5-7 hours,4.0,8.0,7.0,8.0,7.0,Bad quality of internet,You do not care about,3,2.0,12.0,12.0,12.0,Moderate,Moderate,High,Moderate,Moderate,High,Moderate,Moderate,Moderate,Moderate,High,Moderate,High,Moderate,High,High,Moderate,Moderate,Moderate,Moderate,Low,Low,Moderate,Moderate,Moderate,Moderate,High,0,2,2,1,1,2,13,29,1,2,4,6,1,0,5,3,7,1,1,1,0,0,3,2,1,2,0,1,2,0,2,1,2,2,0,2,0,2,0,0,1,1,1,2,1,1,2,2,1,2,0,4.663439094112067,1.3862943611198906,1.3862943611198906,1.791759469228055,1.6094379124341003,2.1972245773362196,2.0794415416798357,2.1972245773362196,2.0794415416798357,1.3862943611198906,1.0986122886681098,2.5649493574615367,2.5649493574615367,0.0,1.0986122886681098,1.0986122886681098,0.6931471805599453,0.6931471805599453,1.0986122886681098,2.6390573296152584,3.4011973816621555,0.6931471805599453,1.0986122886681098,1.6094379124341003,1.9459101490553132,0.6931471805599453,0.0,1.791759469228055,1.3862943611198906,2.0794415416798357,0.6931471805599453,0.6931471805599453,0.6931471805599453,0.0,0.0,1.3862943611198906,1.0986122886681098,0.6931471805599453,1.0986122886681098,0.0,0.6931471805599453,1.0986122886681098,0.0,1.0986122886681098,0.6931471805599453,1.0986122886681098,1.0986122886681098,0.0,1.0986122886681098,0.0,1.0986122886681098,0.0,0.0,0.6931471805599453,0.6931471805599453,0.6931471805599453,1.0986122886681098,0.6931471805599453,0.6931471805599453,1.0986122886681098,1.0986122886681098,0.6931471805599453,1.0986122886681098,0.0
107,Female,Third year,Science,18-25,At home,In peer,Learning by practicing;Project-based learning;Mind mapping and visualization;Online courses and tutorials,Online documents;YouTube videos,Yes,Lack of time,Pressure,Lack of previous knowledge or experience in the field,Teachers' teaching method,Bad quality of internet,Private life problems,Teachers' teaching method,Not having a good (powerful) computer,"Guergour, thabet, dib, w abdou jirani, nahkiw mashi n9raw ( w mouchaal lol)",3.0,No,3.0,5.0,Positively,5-7 hours,3.0,8.0,8.0,8.0,8.0,Bad quality of internet,You do not care about,3,2.0,13.0,11.0,13.0,Moderate,Moderate,High,Moderate,Moderate,High,Moderate,Moderate,Moderate,Moderate,High,Moderate,High,Moderate,High,High,Moderate,Moderate,Moderate,Moderate,Low,Low,Moderate,Moderate,Moderate,Moderate,High,0,2,1,1,0,1,15,20,1,2,4,1,6,0,5,6,3,1,0,1,0,0,3,3,1,2,0,1,2,0,2,1,2,2,0,2,0,2,0,0,1,1,1,2,1,1,2,2,1,2,0,4.68213122712422,1.3862943611198906,1.3862943611198906,1.791759469228055,1.3862943611198906,2.1972245773362196,2.1972245773362196,2.1972245773362196,2.1972245773362196,1.3862943611198906,1.0986122886681098,2.4849066497880004,2.6390573296152584,0.0,1.0986122886681098,0.6931471805599453,0.6931471805599453,0.0,0.6931471805599453,2.772588722239781,3.044522437723423,0.6931471805599453,1.0986122886681098,1.6094379124341003,0.6931471805599453,1.9459101490553132,0.0,1.791759469228055,1.9459101490553132,1.3862943611198906,0.6931471805599453,0.0,0.6931471805599453,0.0,0.0,1.3862943611198906,1.3862943611198906,0.6931471805599453,1.0986122886681098,0.0,0.6931471805599453,1.0986122886681098,0.0,1.0986122886681098,0.6931471805599453,1.0986122886681098,1.0986122886681098,0.0,1.0986122886681098,0.0,1.0986122886681098,0.0,0.0,0.6931471805599453,0.6931471805599453,0.6931471805599453,1.0986122886681098,0.6931471805599453,0.6931471805599453,1.0986122886681098,1.0986122886681098,0.6931471805599453,1.0986122886681098,0.0
119,Male,Third year,Mathematics,10-17,At home,Alone,Learning by practicing;Project-based learning;Online courses and tutorials,Online tutorials;Online documents;YouTube videos,No,Lack of time,Lack of previous knowledge or experience in the field,Teachers' teaching method,Not having a good (powerful) computer,Pressure,Bad quality of internet,Private life problems,Teaching language,"Guergour, thabet, dib, w abdou jirani, nahkiw mashi n9raw ( w mouchaal lol)",2.0,Yes,3.0,4.0,You do not care about,5-7 hours,3.0,8.0,8.0,7.0,7.0,Bad quality of internet,You do not care about,3,2.0,11.0,11.0,11.0,Moderate,Moderate,High,Moderate,Moderate,High,Moderate,Moderate,Moderate,Moderate,High,Moderate,High,Moderate,High,High,Moderate,Moderate,Moderate,Moderate,Low,Low,Moderate,Moderate,Moderate,Moderate,High,1,2,0,0,0,0,16,27,0,2,1,6,3,4,0,5,7,1,1,2,0,0,3,1,1,2,0,1,2,0,2,1,2,2,0,2,0,2,0,0,1,1,1,2,1,1,2,2,1,2,0,4.787491742782046,1.0986122886681098,1.3862943611198906,1.6094379124341003,1.3862943611198906,2.1972245773362196,2.1972245773362196,2.0794415416798357,2.0794415416798357,1.3862943611198906,1.0986122886681098,2.4849066497880004,2.4849066497880004,0.6931471805599453,1.0986122886681098,0.0,0.0,0.0,0.0,2.833213344056216,3.332204510175204,0.0,1.0986122886681098,0.6931471805599453,1.9459101490553132,1.3862943611198906,1.6094379124341003,0.0,1.791759469228055,2.0794415416798357,0.6931471805599453,0.6931471805599453,1.0986122886681098,0.0,0.0,1.3862943611198906,0.6931471805599453,0.6931471805599453,1.0986122886681098,0.0,0.6931471805599453,1.0986122886681098,0.0,1.0986122886681098,0.6931471805599453,1.0986122886681098,1.0986122886681098,0.0,1.0986122886681098,0.0,1.0986122886681098,0.0,0.0,0.6931471805599453,0.6931471805599453,0.6931471805599453,1.0986122886681098,0.6931471805599453,0.6931471805599453,1.0986122886681098,1.0986122886681098,0.6931471805599453,1.0986122886681098,0.0
122,Female,Fourth year,Mathematics,18-25,In your room (dorms),Alone,Lectures;Learning by practicing;Project-based learning;Interactive workshops;Online courses and tutorials,Books;Online documents;YouTube videos,Yes,Bad quality of internet,Pressure,Lack of previous knowledge or experience in the field,Lack of time,Not having a good (powerful) computer,Teachers' teaching method,Private life problems,Teaching language,"The not organized study schedule put by the school , some modules requires TD and they do not have ...",4.0,Yes,2.0,5.0,Positively,5-7 hours,3.0,8.0,9.0,9.0,9.0,Unknown,Unknown,4,3.0,13.0,11.0,12.0,Moderate,Moderate,High,Moderate,Moderate,High,Moderate,Moderate,Moderate,Moderate,High,Moderate,High,Moderate,High,High,Moderate,Moderate,Moderate,Moderate,Low,Low,Moderate,Moderate,Moderate,Moderate,High,0,0,0,1,2,0,37,10,1,0,4,1,2,3,6,5,7,8,1,1,0,8,2,3,1,2,0,1,2,0,2,1,2,2,0,2,0,2,0,0,1,1,1,2,1,1,2,2,1,2,0,4.812184355372417,1.6094379124341003,1.0986122886681098,1.791759469228055,1.3862943611198906,2.1972245773362196,2.302585092994046,2.302585092994046,2.302585092994046,1.6094379124341003,1.3862943611198906,2.4849066497880004,2.5649493574615367,0.0,0.0,0.0,0.6931471805599453,1.0986122886681098,0.0,3.6375861597263857,2.3978952727983707,0.6931471805599453,0.0,1.6094379124341003,0.6931471805599453,1.0986122886681098,1.3862943611198906,1.9459101490553132,1.791759469228055,2.0794415416798357,2.1972245773362196,0.6931471805599453,0.6931471805599453,0.0,2.1972245773362196,1.0986122886681098,1.3862943611198906,0.6931471805599453,1.0986122886681098,0.0,0.6931471805599453,1.0986122886681098,0.0,1.0986122886681098,0.6931471805599453,1.0986122886681098,1.0986122886681098,0.0,1.0986122886681098,0.0,1.0986122886681098,0.0,0.0,0.6931471805599453,0.6931471805599453,0.6931471805599453,1.0986122886681098,0.6931471805599453,0.6931471805599453,1.0986122886681098,1.0986122886681098,0.6931471805599453,1.0986122886681098,0.0
128,Female,Third year,Science,34-41,In your room (dorms),Alone,Lectures;Learning by practicing;Project-based learning;Online courses and tutorials,Online tutorials;Online documents;YouTube videos,No,Pressure,Lack of time,Bad quality of internet,Private life problems,Teachers' teaching method,Lack of previous knowledge or experience in the field,Teaching language,Not having a good (powerful) computer,"Guergour, thabet, dib, w abdou jirani, nahkiw mashi n9raw ( w mouchaal lol)",3.0,Yes,5.0,5.0,Positively,5-7 hours,4.0,8.0,9.0,8.0,7.0,Bad quality of internet,You do not care about,3,2.0,14.0,14.0,14.0,Moderate,Low,High,Moderate,Low,High,High,Moderate,Moderate,Moderate,Low,Moderate,High,Moderate,High,High,Moderate,Moderate,Moderate,Moderate,Low,Low,Moderate,Moderate,Moderate,Moderate,High,0,2,1,3,2,0,40,27,0,4,2,0,5,6,1,7,3,1,1,1,0,0,3,4,1,1,0,1,1,0,0,1,2,2,1,2,0,2,0,0,1,1,1,2,1,1,2,2,1,2,0,4.859812404361672,1.3862943611198906,1.791759469228055,1.791759469228055,1.6094379124341003,2.1972245773362196,2.302585092994046,2.1972245773362196,2.0794415416798357,1.3862943611198906,1.0986122886681098,2.70805020110221,2.70805020110221,0.0,1.0986122886681098,0.6931471805599453,1.3862943611198906,1.0986122886681098,0.0,3.713572066704308,3.332204510175204,0.0,1.6094379124341003,1.0986122886681098,0.0,1.791759469228055,1.9459101490553132,0.6931471805599453,2.0794415416798357,1.3862943611198906,0.6931471805599453,0.6931471805599453,0.6931471805599453,0.0,0.0,1.3862943611198906,1.6094379124341003,0.6931471805599453,0.6931471805599453,0.0,0.6931471805599453,0.6931471805599453,0.0,0.0,0.6931471805599453,1.0986122886681098,1.0986122886681098,0.6931471805599453,1.0986122886681098,0.0,1.0986122886681098,0.0,0.0,0.6931471805599453,0.6931471805599453,0.6931471805599453,1.0986122886681098,0.6931471805599453,0.6931471805599453,1.0986122886681098,1.0986122886681098,0.6931471805599453,1.0986122886681098,0.0
131,Male,Third year,Science,10-17,At home,In peer,Learning by practicing;Project-based learning;Mind mapping and visualization;Interactive workshops;Online courses and tutorials,YouTube videos,No,Teaching language,Lack of previous knowledge or experience in the field,Teachers' teaching method,Lack of time,Pressure,Private life problems,Bad quality of internet,Not having a good (powerful) computer,"Guergour, thabet, dib, w abdou jirani, nahkiw mashi n9raw ( w mouchaal lol)",4.0,Yes,3.0,3.0,Positively,8 hours or more,5.0,7.0,7.0,7.0,7.0,Bad quality of internet,You do not care about,3,2.0,11.0,14.0,12.0,High,Moderate,Moderate,High,Moderate,High,Moderate,High,Low,Moderate,Moderate,High,Moderate,Moderate,High,High,Moderate,Moderate,Moderate,Moderate,Low,Low,Moderate,Moderate,Moderate,Moderate,High,1,2,1,0,0,1,14,30,0,7,1,6,2,4,5,0,3,1,1,1,1,0,3,1,0,2,1,0,2,0,2,0,1,2,2,0,2,2,0,0,1,1,1,2,1,1,2,2,1,2,0,4.882801922586371,1.6094379124341003,1.3862943611198906,1.3862943611198906,1.791759469228055,2.0794415416798357,2.0794415416798357,2.0794415416798357,2.0794415416798357,1.3862943611198906,1.0986122886681098,2.70805020110221,2.5649493574615367,0.6931471805599453,1.0986122886681098,0.6931471805599453,0.0,0.0,0.6931471805599453,2.70805020110221,3.4339872044851463,0.0,2.0794415416798357,0.6931471805599453,1.9459101490553132,1.0986122886681098,1.6094379124341003,1.791759469228055,0.0,1.3862943611198906,0.6931471805599453,0.6931471805599453,0.6931471805599453,0.6931471805599453,0.0,1.3862943611198906,0.6931471805599453,0.0,1.0986122886681098,0.6931471805599453,0.0,1.0986122886681098,0.0,1.0986122886681098,0.0,0.6931471805599453,1.0986122886681098,1.0986122886681098,0.0,1.0986122886681098,1.0986122886681098,0.0,0.0,0.6931471805599453,0.6931471805599453,0.6931471805599453,1.0986122886681098,0.6931471805599453,0.6931471805599453,1.0986122886681098,1.0986122886681098,0.6931471805599453,1.0986122886681098,0.0
136,Male,Third year,Science,10-17,In your room (dorms),In peer,Lectures;Mind mapping and visualization,YouTube videos;Resources provided by teachers (slides),No,Lack of time,Pressure,Bad quality of internet,Teachers' teaching method,Not having a good (powerful) computer,Bad quality of internet,Private life problems,Teaching language,The exaggerated amount of tasks given by teachers,4.0,Yes,5.0,5.0,Positively,5-7 hours,5.0,8.0,8.0,8.0,8.0,Bad quality of internet,You do not care about,3,2.0,14.0,14.0,14.0,Very High,Moderate,High,High,Moderate,High,Moderate,High,Very High,High,Moderate,High,Moderate,Moderate,High,High,Moderate,Moderate,Moderate,Moderate,Low,Low,Moderate,Moderate,Moderate,Moderate,High,1,2,1,0,2,1,41,32,0,2,4,0,6,3,0,5,7,7,1,1,0,0,3,4,2,2,0,0,2,0,2,0,3,0,2,0,2,2,0,0,1,1,1,2,1,1,2,2,1,2,0,4.919980925828125,1.6094379124341003,1.791759469228055,1.791759469228055,1.791759469228055,2.1972245773362196,2.1972245773362196,2.1972245773362196,2.1972245773362196,1.3862943611198906,1.0986122886681098,2.70805020110221,2.70805020110221,0.6931471805599453,1.0986122886681098,0.6931471805599453,0.0,1.0986122886681098,0.6931471805599453,3.7376696182833684,3.4965075614664802,0.0,1.0986122886681098,1.6094379124341003,0.0,1.9459101490553132,1.3862943611198906,0.0,1.791759469228055,2.0794415416798357,2.0794415416798357,0.6931471805599453,0.6931471805599453,0.0,0.0,1.3862943611198906,1.6094379124341003,1.0986122886681098,1.0986122886681098,0.0,0.0,1.0986122886681098,0.0,1.0986122886681098,0.0,1.3862943611198906,0.0,1.0986122886681098,0.0,1.0986122886681098,1.0986122886681098,0.0,0.0,0.6931471805599453,0.6931471805599453,0.6931471805599453,1.0986122886681098,0.6931471805599453,0.6931471805599453,1.0986122886681098,1.0986122886681098,0.6931471805599453,1.0986122886681098,0.0
137,Female,Fourth year,Technical maths,More than 41,In your room (dorms),Alone,Lectures;Learning by practicing;Online courses and tutorials,Books;Online documents,Yes,Teachers' teaching method,Lack of time,Bad quality of internet,Pressure,Lack of previous knowledge or experience in the field,Private life problems,Not having a good (powerful) computer,Teaching language,"The not organized study schedule put by the school , some modules requires TD and they do not have ...",2.0,No,3.0,4.0,You do not care about,5-7 hours,3.0,7.0,6.0,7.0,9.0,Unknown,Unknown,4,3.0,13.0,11.0,12.0,Very High,Moderate,High,High,Moderate,High,Moderate,High,Very High,High,Moderate,High,Moderate,Moderate,High,High,Moderate,Moderate,Moderate,Moderate,Low,Low,Moderate,Moderate,Moderate,Moderate,High,0,0,2,4,2,0,35,8,1,6,2,0,4,1,5,3,7,8,0,2,0,8,2,3,2,2,0,0,2,0,2,0,3,0,2,0,2,2,0,0,1,1,1,2,1,1,2,2,1,2,0,4.927253685157205,1.0986122886681098,1.3862943611198906,1.6094379124341003,1.3862943611198906,2.0794415416798357,1.9459101490553132,2.0794415416798357,2.302585092994046,1.6094379124341003,1.3862943611198906,2.4849066497880004,2.5649493574615367,0.0,0.0,1.0986122886681098,1.6094379124341003,1.0986122886681098,0.0,3.58351893845611,2.1972245773362196,0.6931471805599453,1.9459101490553132,1.0986122886681098,0.0,1.6094379124341003,0.6931471805599453,1.791759469228055,1.3862943611198906,2.0794415416798357,2.1972245773362196,0.0,1.0986122886681098,0.0,2.1972245773362196,1.0986122886681098,1.3862943611198906,1.0986122886681098,1.0986122886681098,0.0,0.0,1.0986122886681098,0.0,1.0986122886681098,0.0,1.3862943611198906,0.0,1.0986122886681098,0.0,1.0986122886681098,1.0986122886681098,0.0,0.0,0.6931471805599453,0.6931471805599453,0.6931471805599453,1.0986122886681098,0.6931471805599453,0.6931471805599453,1.0986122886681098,1.0986122886681098,0.6931471805599453,1.0986122886681098,0.0
138,Male,Fourth year,Mathematics,18-25,In your room (dorms),Alone,Learning by practicing;Project-based learning,Books,No,Private life problems,Teachers' teaching method,Lack of time,Lack of previous knowledge or experience in the field,Pressure,Lack of time,Not having a good (powerful) computer,Teaching language,"The not organized study schedule put by the school , some modules requires TD and they do not have ...",3.0,Yes,3.0,4.0,You do not care about,5-7 hours,2.0,9.0,8.0,7.0,7.0,Unknown,Unknown,4,3.0,14.0,11.0,13.0,Very High,Moderate,High,High,Moderate,High,Moderate,High,Very High,High,Moderate,High,Moderate,Moderate,High,High,Moderate,Moderate,Moderate,Moderate,Low,Low,Moderate,Moderate,Moderate,Moderate,High,1,0,0,1,2,0,11,0,0,5,6,2,1,4,2,3,7,8,1,2,0,8,2,4,2,2,0,0,2,0,2,0,3,0,2,0,2,2,0,0,1,1,1,2,1,1,2,2,1,2,0,4.9344739331306915,1.3862943611198906,1.3862943611198906,1.6094379124341003,1.0986122886681098,2.302585092994046,2.1972245773362196,2.0794415416798357,2.0794415416798357,1.6094379124341003,1.3862943611198906,2.4849066497880004,2.6390573296152584,0.6931471805599453,0.0,0.0,0.6931471805599453,1.0986122886681098,0.0,2.4849066497880004,0.0,0.0,1.791759469228055,1.9459101490553132,1.0986122886681098,0.6931471805599453,1.6094379124341003,1.0986122886681098,1.3862943611198906,2.0794415416798357,2.1972245773362196,0.6931471805599453,1.0986122886681098,0.0,2.1972245773362196,1.0986122886681098,1.6094379124341003,1.0986122886681098,1.0986122886681098,0.0,0.0,1.0986122886681098,0.0,1.0986122886681098,0.0,1.3862943611198906,0.0,1.0986122886681098,0.0,1.0986122886681098,1.0986122886681098,0.0,0.0,0.6931471805599453,0.6931471805599453,0.6931471805599453,1.0986122886681098,0.6931471805599453,0.6931471805599453,1.0986122886681098,1.0986122886681098,0.6931471805599453,1.0986122886681098,0.0
139,Male,Fourth year,Mathematics,10-17,In the school's library,In peer,Project-based learning;Interactive workshops,Books;Online tutorials,No,Pressure,Lack of time,Teachers' teaching method,Lack of previous knowledge or experience in the field,Not having a good (powerful) computer,Private life problems,Bad quality of internet,Teaching language,"The not organized study schedule put by the school , some modules requires TD and they do not have ...",2.0,Yes,4.0,4.0,You do not care about,8 hours or more,2.0,9.0,9.0,9.0,7.0,Unknown,Unknown,4,2.0,14.0,11.0,13.0,Very High,Moderate,High,High,Moderate,High,Moderate,High,Very High,High,Moderate,High,Moderate,Moderate,High,High,Moderate,Moderate,Moderate,Moderate,Low,Low,Moderate,Moderate,Moderate,Moderate,High,1,0,0,0,1,1,48,11,0,4,2,6,1,3,5,0,7,8,1,2,1,8,2,4,2,2,0,0,2,0,2,0,3,0,2,0,2,2,0,0,1,1,1,2,1,1,2,2,1,2,0,4.941642422609304,1.0986122886681098,1.6094379124341003,1.6094379124341003,1.0986122886681098,2.302585092994046,2.302585092994046,2.302585092994046,2.0794415416798357,1.6094379124341003,1.0986122886681098,2.4849066497880004,2.6390573296152584,0.6931471805599453,0.0,0.0,0.0,0.6931471805599453,0.6931471805599453,3.8918202981106265,2.4849066497880004,0.0,1.6094379124341003,1.0986122886681098,1.9459101490553132,0.6931471805599453,1.3862943611198906,1.791759469228055,0.0,2.0794415416798357,2.1972245773362196,0.6931471805599453,1.0986122886681098,0.6931471805599453,2.1972245773362196,1.0986122886681098,1.6094379124341003,1.0986122886681098,1.0986122886681098,0.0,0.0,1.0986122886681098,0.0,1.0986122886681098,0.0,1.3862943611198906,0.0,1.0986122886681098,0.0,1.0986122886681098,1.0986122886681098,0.0,0.0,0.6931471805599453,0.6931471805599453,0.6931471805599453,1.0986122886681098,0.6931471805599453,0.6931471805599453,1.0986122886681098,1.0986122886681098,0.6931471805599453,1.0986122886681098,0.0
143,Male,Third year,Mathematics,10-17,In your room (dorms),Alone,Learning by practicing;Project-based learning;Mind mapping and visualization,Books;YouTube videos,No,Lack of time,Teachers' teaching method,Lack of previous knowledge or experience in the field,Bad quality of internet,Lack of previous knowledge or experience in the field,Private life problems,Not having a good (powerful) computer,Teaching language,أيها الڨرڨور,3.0,No,5.0,5.0,You do not care about,8 hours or more,5.0,4.0,8.0,8.0,9.0,Bad quality of internet,You do not care about,3,2.0,13.0,12.0,13.0,High,Moderate,High,Moderate,Moderate,High,Very Low,Moderate,High,Moderate,High,Moderate,High,High,High,High,Moderate,Moderate,Moderate,Moderate,Low,Low,Moderate,Moderate,Moderate,Moderate,High,1,2,0,0,2,0,12,14,0,2,6,1,0,1,5,3,7,12,0,2,1,0,3,3,0,2,0,1,2,0,4,1,0,2,0,2,0,0,0,0,1,1,1,2,1,1,2,2,1,2,0,4.969813299576001,1.3862943611198906,1.791759469228055,1.791759469228055,1.791759469228055,1.6094379124341003,2.1972245773362196,2.1972245773362196,2.302585092994046,1.3862943611198906,1.0986122886681098,2.5649493574615367,2.6390573296152584,0.6931471805599453,1.0986122886681098,0.0,0.0,1.0986122886681098,0.0,2.5649493574615367,2.70805020110221,0.0,1.0986122886681098,1.9459101490553132,0.6931471805599453,0.0,0.6931471805599453,1.791759469228055,1.3862943611198906,2.0794415416798357,2.5649493574615367,0.0,1.0986122886681098,0.6931471805599453,0.0,1.3862943611198906,1.3862943611198906,0.0,1.0986122886681098,0.0,0.6931471805599453,1.0986122886681098,0.0,1.6094379124341003,0.6931471805599453,0.0,1.0986122886681098,0.0,1.0986122886681098,0.0,0.0,0.0,0.0,0.6931471805599453,0.6931471805599453,0.6931471805599453,1.0986122886681098,0.6931471805599453,0.6931471805599453,1.0986122886681098,1.0986122886681098,0.6931471805599453,1.0986122886681098,0.0
149,Male,Third year,Mathematics,18-25,In your room (dorms),Alone,Lectures;Online courses and tutorials,Online tutorials;Online documents;YouTube videos,No,Teachers' teaching method,Lack of time,Lack of previous knowledge or experience in the field,Pressure,Bad quality of internet,Teaching language,Private life problems,Not having a good (powerful) computer,"Guergour, thabet, dib, w abdou jirani, nahkiw mashi n9raw ( w mouchaal lol)",3.0,Yes,3.0,4.0,You do not care about,8 hours or more,3.0,7.0,7.0,7.0,8.0,Bad quality of internet,You do not care about,3,2.0,13.0,13.0,13.0,High,High,High,High,Moderate,High,Moderate,Moderate,High,High,High,High,Very High,High,High,High,Moderate,Moderate,Moderate,Moderate,Low,Low,Moderate,Moderate,Moderate,Moderate,High,1,2,0,1,2,0,42,27,0,6,2,1,4,0,7,5,3,1,1,2,1,0,3,3,0,0,0,0,2,0,2,1,0,0,0,0,3,0,0,0,1,1,1,2,1,1,2,2,1,2,0,5.0106352940962555,1.3862943611198906,1.3862943611198906,1.6094379124341003,1.3862943611198906,2.0794415416798357,2.0794415416798357,2.0794415416798357,2.1972245773362196,1.3862943611198906,1.0986122886681098,2.6390573296152584,2.6390573296152584,0.6931471805599453,1.0986122886681098,0.0,0.6931471805599453,1.0986122886681098,0.0,3.7612001156935624,3.332204510175204,0.0,1.9459101490553132,1.0986122886681098,0.6931471805599453,1.6094379124341003,0.0,2.0794415416798357,1.791759469228055,1.3862943611198906,0.6931471805599453,0.6931471805599453,1.0986122886681098,0.6931471805599453,0.0,1.3862943611198906,1.3862943611198906,0.0,0.0,0.0,0.0,1.0986122886681098,0.0,1.0986122886681098,0.6931471805599453,0.0,0.0,0.0,0.0,1.3862943611198906,0.0,0.0,0.0,0.6931471805599453,0.6931471805599453,0.6931471805599453,1.0986122886681098,0.6931471805599453,0.6931471805599453,1.0986122886681098,1.0986122886681098,0.6931471805599453,1.0986122886681098,0.0
160,Male,Third year,Science,10-17,In your room (dorms),In peer,Lectures;Learning by practicing;Project-based learning,Online documents;Slides,No,Pressure,Lack of time,Teachers' teaching method,Bad quality of internet,Teachers' teaching method,Teachers' teaching method,Teachers' teaching method,Bad quality of internet,"Guergour, thabet, dib, w abdou jirani, nahkiw mashi n9raw ( w mouchaal lol)",3.0,Yes,4.0,4.0,You do not care about,5-7 hours,5.0,8.0,8.0,8.0,7.0,Bad quality of internet,You do not care about,3,2.0,13.0,13.0,13.0,High,Moderate,High,Moderate,Low,Very High,Moderate,High,High,Moderate,Moderate,High,Very High,High,High,High,Moderate,Moderate,Moderate,Moderate,Low,Low,Moderate,Moderate,Moderate,Moderate,High,1,2,1,0,2,1,36,19,0,4,2,6,0,6,6,6,0,1,1,2,0,0,3,3,0,2,0,1,1,3,2,0,0,2,2,0,3,0,0,0,1,1,1,2,1,1,2,2,1,2,0,5.081404364984463,1.3862943611198906,1.6094379124341003,1.6094379124341003,1.791759469228055,2.1972245773362196,2.1972245773362196,2.1972245773362196,2.0794415416798357,1.3862943611198906,1.0986122886681098,2.6390573296152584,2.6390573296152584,0.6931471805599453,1.0986122886681098,0.6931471805599453,0.0,1.0986122886681098,0.6931471805599453,3.6109179126442243,2.995732273553991,0.0,1.6094379124341003,1.0986122886681098,1.9459101490553132,0.0,1.9459101490553132,1.9459101490553132,1.9459101490553132,0.0,0.6931471805599453,0.6931471805599453,1.0986122886681098,0.0,0.0,1.3862943611198906,1.3862943611198906,0.0,1.0986122886681098,0.0,0.6931471805599453,0.6931471805599453,1.3862943611198906,1.0986122886681098,0.0,0.0,1.0986122886681098,1.0986122886681098,0.0,1.3862943611198906,0.0,0.0,0.0,0.6931471805599453,0.6931471805599453,0.6931471805599453,1.0986122886681098,0.6931471805599453,0.6931471805599453,1.0986122886681098,1.0986122886681098,0.6931471805599453,1.0986122886681098,0.0
162,Male,Third year,Mathematics,10-17,In your room (dorms),In peer,Lectures;Learning by practicing;Project-based learning,Online documents;Lectures,No,Teachers' teaching method,Pressure,Lack of time,Lack of previous knowledge or experience in the field,Pressure,Bad quality of internet,Private life problems,Teachers' teaching method,"Neighbors and non sense discussions ,games",3.0,Yes,4.0,4.0,Negatively,5-7 hours,4.0,6.0,8.0,8.0,9.0,Bad quality of internet,You do not care about,3,2.0,14.0,14.0,14.0,High,Moderate,High,Moderate,Moderate,High,Moderate,Very High,High,Moderate,High,Moderate,High,Moderate,High,High,Moderate,Moderate,Moderate,Moderate,Low,Low,Moderate,Moderate,Moderate,Moderate,High,1,2,0,0,2,1,36,18,0,6,4,2,1,4,0,5,6,4,1,0,0,0,3,4,0,2,0,1,2,0,2,2,0,2,0,2,0,2,0,0,1,1,1,2,1,1,2,2,1,2,0,5.093750200806762,1.3862943611198906,1.6094379124341003,1.6094379124341003,1.6094379124341003,1.9459101490553132,2.1972245773362196,2.1972245773362196,2.302585092994046,1.3862943611198906,1.0986122886681098,2.70805020110221,2.70805020110221,0.6931471805599453,1.0986122886681098,0.0,0.0,1.0986122886681098,0.6931471805599453,3.6109179126442243,2.9444389791664403,0.0,1.9459101490553132,1.6094379124341003,1.0986122886681098,0.6931471805599453,1.6094379124341003,0.0,1.791759469228055,1.9459101490553132,1.6094379124341003,0.6931471805599453,0.0,0.0,0.0,1.3862943611198906,1.6094379124341003,0.0,1.0986122886681098,0.0,0.6931471805599453,1.0986122886681098,0.0,1.0986122886681098,1.0986122886681098,0.0,1.0986122886681098,0.0,1.0986122886681098,0.0,1.0986122886681098,0.0,0.0,0.6931471805599453,0.6931471805599453,0.6931471805599453,1.0986122886681098,0.6931471805599453,0.6931471805599453,1.0986122886681098,1.0986122886681098,0.6931471805599453,1.0986122886681098,0.0
167,Male,Second year,Science,10-17,In your room (dorms),In peer,Lectures;Learning by practicing,YouTube videos,Yes,Pressure,Pressure,Lack of time,Pressure,Pressure,Pressure,Pressure,Pressure,غيشي,3.0,No,3.0,3.0,You do not care about,5-7 hours,5.0,7.0,6.0,6.0,7.0,Lack of previous knowledge or experience in the field,You do not care about,2,2.0,12.0,11.0,10.0,High,Moderate,High,Moderate,Moderate,High,Moderate,Very High,High,Moderate,High,Moderate,High,Moderate,High,High,Moderate,Moderate,Moderate,Moderate,Low,Low,Moderate,Moderate,Moderate,Moderate,High,1,1,1,0,2,1,32,30,1,4,4,2,4,4,4,4,4,13,0,2,0,1,3,2,0,2,0,1,2,0,2,2,0,2,0,2,0,2,0,0,1,1,1,2,1,1,2,2,1,2,0,5.123963979403259,1.3862943611198906,1.3862943611198906,1.3862943611198906,1.791759469228055,2.0794415416798357,1.9459101490553132,1.9459101490553132,2.0794415416798357,1.0986122886681098,1.0986122886681098,2.4849066497880004,2.3978952727983707,0.6931471805599453,0.6931471805599453,0.6931471805599453,0.0,1.0986122886681098,0.6931471805599453,3.4965075614664802,3.4339872044851463,0.6931471805599453,1.6094379124341003,1.6094379124341003,1.0986122886681098,1.6094379124341003,1.6094379124341003,1.6094379124341003,1.6094379124341003,1.6094379124341003,2.6390573296152584,0.0,1.0986122886681098,0.0,0.6931471805599453,1.3862943611198906,1.0986122886681098,0.0,1.0986122886681098,0.0,0.6931471805599453,1.0986122886681098,0.0,1.0986122886681098,1.0986122886681098,0.0,1.0986122886681098,0.0,1.0986122886681098,0.0,1.0986122886681098,0.0,0.0,0.6931471805599453,0.6931471805599453,0.6931471805599453,1.0986122886681098,0.6931471805599453,0.6931471805599453,1.0986122886681098,1.0986122886681098,0.6931471805599453,1.0986122886681098,0.0
171,Female,Third year,Science,34-41,In the school's library,With a group,Lectures;Learning by practicing;Project-based learning;Mind mapping and visualization,Online documents;YouTube videos;Chatgpt,No,Lack of time,Pressure,Bad quality of internet,Teachers' teaching method,Lack of previous knowledge or experience in the field,Not having a good (powerful) computer,Private life problems,Not having a good (powerful) computer,"Guergour, thabet, dib, w abdou jirani, nahkiw mashi n9raw ( w mouchaal lol)",2.0,No,3.0,3.0,Negatively,5-7 hours,2.0,7.0,5.0,5.0,4.0,Bad quality of internet,You do not care about,3,2.0,15.0,14.0,14.0,High,High,High,Moderate,Moderate,Very High,High,High,High,High,Moderate,Moderate,Very High,High,High,High,Moderate,Moderate,Moderate,Moderate,Low,Low,Moderate,Moderate,Moderate,Moderate,High,0,2,1,3,1,2,38,21,0,2,4,0,6,1,3,5,3,1,0,0,0,0,3,5,0,0,0,1,2,3,0,0,0,0,2,2,3,0,0,0,1,1,1,2,1,1,2,2,1,2,0,5.147494476813453,1.0986122886681098,1.3862943611198906,1.3862943611198906,1.0986122886681098,2.0794415416798357,1.791759469228055,1.791759469228055,1.6094379124341003,1.3862943611198906,1.0986122886681098,2.70805020110221,2.70805020110221,0.0,1.0986122886681098,0.6931471805599453,1.3862943611198906,0.6931471805599453,1.0986122886681098,3.6635616461296463,3.091042453358316,0.0,1.0986122886681098,1.6094379124341003,0.0,1.9459101490553132,0.6931471805599453,1.3862943611198906,1.791759469228055,1.3862943611198906,0.6931471805599453,0.0,0.0,0.0,0.0,1.3862943611198906,1.791759469228055,0.0,0.0,0.0,0.6931471805599453,1.0986122886681098,1.3862943611198906,0.0,0.0,0.0,0.0,1.0986122886681098,1.0986122886681098,1.3862943611198906,0.0,0.0,0.0,0.6931471805599453,0.6931471805599453,0.6931471805599453,1.0986122886681098,0.6931471805599453,0.6931471805599453,1.0986122886681098,1.0986122886681098,0.6931471805599453,1.0986122886681098,0.0
173,Female,Third year,Science,18-25,In the school's library,Alone,Lectures;Learning by practicing;Project-based learning;Online courses and tutorials,YouTube videos;ChatGpt,No,Private life problems,Bad quality of internet,Lack of previous knowledge or experience in the field,Pressure,Lack of time,Teachers' teaching method,Not having a good (powerful) computer,Teaching language,"Guergour, thabet, dib, w abdou jirani, nahkiw mashi n9raw ( w mouchaal lol)",3.0,Yes,5.0,5.0,You do not care about,8 hours or more,1.0,7.0,7.0,6.0,5.0,Bad quality of internet,You do not care about,3,2.0,12.0,12.0,12.0,Moderate,Moderate,High,Moderate,Low,High,Moderate,Moderate,High,Moderate,High,Moderate,Moderate,Moderate,High,High,Moderate,Moderate,Moderate,Moderate,Low,Low,Moderate,Moderate,Moderate,Moderate,High,0,2,1,1,1,0,40,31,0,5,0,1,4,2,6,3,7,1,1,2,1,0,3,2,1,2,0,1,1,0,2,1,0,2,0,2,2,2,0,0,1,1,1,2,1,1,2,2,1,2,0,5.159055299214529,1.3862943611198906,1.791759469228055,1.791759469228055,0.6931471805599453,2.0794415416798357,2.0794415416798357,1.9459101490553132,1.791759469228055,1.3862943611198906,1.0986122886681098,2.5649493574615367,2.5649493574615367,0.0,1.0986122886681098,0.6931471805599453,0.6931471805599453,0.6931471805599453,0.0,3.713572066704308,3.4657359027997265,0.0,1.791759469228055,0.0,0.6931471805599453,1.6094379124341003,1.0986122886681098,1.9459101490553132,1.3862943611198906,2.0794415416798357,0.6931471805599453,0.6931471805599453,1.0986122886681098,0.6931471805599453,0.0,1.3862943611198906,1.0986122886681098,0.6931471805599453,1.0986122886681098,0.0,0.6931471805599453,0.6931471805599453,0.0,1.0986122886681098,0.6931471805599453,0.0,1.0986122886681098,0.0,1.0986122886681098,1.0986122886681098,1.0986122886681098,0.0,0.0,0.6931471805599453,0.6931471805599453,0.6931471805599453,1.0986122886681098,0.6931471805599453,0.6931471805599453,1.0986122886681098,1.0986122886681098,0.6931471805599453,1.0986122886681098,0.0
175,Female,Fourth year,Mathematics,10-17,In your room (dorms),Alone,Lectures;Learning by practicing;Project-based learning;Online courses and tutorials,Books;Online tutorials;Online documents;YouTube videos,Yes,Private life problems,Bad quality of internet,ما,Lack of time,Lack of previous knowledge or experience in the field,Lack of previous knowledge or experience in the field,Teachers' teaching method,Teaching language,you mentioned all,3.0,Yes,4.0,5.0,Positively,8 hours or more,3.0,9.0,8.0,8.0,8.0,Unknown,Unknown,4,3.0,14.0,14.0,14.0,High,Moderate,High,High,Moderate,High,High,Moderate,Very High,Very High,High,Moderate,High,High,High,High,Moderate,Moderate,Moderate,Moderate,Low,Low,Moderate,Moderate,Moderate,Moderate,High,0,0,0,0,2,0,40,13,1,5,0,7,2,1,1,6,7,11,1,1,1,8,2,4,0,2,0,0,2,0,0,1,3,3,0,2,0,0,0,0,1,1,1,2,1,1,2,2,1,2,0,5.170483995038151,1.3862943611198906,1.6094379124341003,1.791759469228055,1.3862943611198906,2.302585092994046,2.1972245773362196,2.1972245773362196,2.1972245773362196,1.6094379124341003,1.3862943611198906,2.70805020110221,2.70805020110221,0.0,0.0,0.0,0.0,1.0986122886681098,0.0,3.713572066704308,2.6390573296152584,0.6931471805599453,1.791759469228055,0.0,2.0794415416798357,1.0986122886681098,0.6931471805599453,0.6931471805599453,1.9459101490553132,2.0794415416798357,2.4849066497880004,0.6931471805599453,0.6931471805599453,0.6931471805599453,2.1972245773362196,1.0986122886681098,1.6094379124341003,0.0,1.0986122886681098,0.0,0.0,1.0986122886681098,0.0,0.0,0.6931471805599453,1.3862943611198906,1.3862943611198906,0.0,1.0986122886681098,0.0,0.0,0.0,0.0,0.6931471805599453,0.6931471805599453,0.6931471805599453,1.0986122886681098,0.6931471805599453,0.6931471805599453,1.0986122886681098,1.0986122886681098,0.6931471805599453,1.0986122886681098,0.0
176,Male,Third year,Science,18-25,In your room (dorms),Alone,Project-based learning;Online courses and tutorials,Books,No,Lack of time,Pressure,Bad quality of internet,Lack of previous knowledge or experience in the field,Teaching language,Teachers' teaching method,Not having a good (powerful) computer,Private life problems,Library always crowded,3.0,Yes,3.0,4.0,Positively,5-7 hours,4.0,8.0,7.0,5.0,8.0,Bad quality of internet,You do not care about,3,2.0,13.0,13.0,13.0,High,High,High,Moderate,Moderate,Very High,Moderate,High,High,Moderate,High,Moderate,Moderate,High,High,High,Moderate,Moderate,Moderate,Moderate,Low,Low,Moderate,Moderate,Moderate,Moderate,High,1,2,1,1,2,0,49,0,0,2,4,0,1,7,6,3,5,3,1,1,0,0,3,3,0,0,0,1,2,3,2,0,0,2,0,2,2,0,0,0,1,1,1,2,1,1,2,2,1,2,0,5.176149732573829,1.3862943611198906,1.3862943611198906,1.6094379124341003,1.6094379124341003,2.1972245773362196,2.0794415416798357,1.791759469228055,2.1972245773362196,1.3862943611198906,1.0986122886681098,2.6390573296152584,2.6390573296152584,0.6931471805599453,1.0986122886681098,0.6931471805599453,0.6931471805599453,1.0986122886681098,0.0,3.912023005428146,0.0,0.0,1.0986122886681098,1.6094379124341003,0.0,0.6931471805599453,2.0794415416798357,1.9459101490553132,1.3862943611198906,1.791759469228055,1.3862943611198906,0.6931471805599453,0.6931471805599453,0.0,0.0,1.3862943611198906,1.3862943611198906,0.0,0.0,0.0,0.6931471805599453,1.0986122886681098,1.3862943611198906,1.0986122886681098,0.0,0.0,1.0986122886681098,0.0,1.0986122886681098,1.0986122886681098,0.0,0.0,0.0,0.6931471805599453,0.6931471805599453,0.6931471805599453,1.0986122886681098,0.6931471805599453,0.6931471805599453,1.0986122886681098,1.0986122886681098,0.6931471805599453,1.0986122886681098,0.0
177,Male,Fourth year,Technical maths,18-25,In the school's library,Alone,Lectures;Learning by practicing;Project-based learning,Books;Online documents;Private courses,No,Lack of time,Pressure,Teachers' teaching method,Bad quality of internet,Lack of previous knowledge or experience in the field,Private life problems,Teaching language,Not having a good (powerful) computer,"The not organized study schedule put by the school , some modules requires TD and they do not have ...",4.0,Yes,5.0,5.0,Positively,8 hours or more,4.0,9.0,9.0,7.0,6.0,Unknown,Unknown,4,3.0,16.0,15.0,15.0,High,High,High,Moderate,Moderate,Very High,Moderate,High,High,Moderate,High,Moderate,Moderate,High,High,High,Moderate,Moderate,Moderate,Moderate,Low,Low,Moderate,Moderate,Moderate,Moderate,High,1,0,2,1,1,0,36,9,0,2,4,6,0,1,5,7,3,8,1,1,1,8,2,6,0,0,0,1,2,3,2,0,0,2,0,2,2,0,0,0,1,1,1,2,1,1,2,2,1,2,0,5.181783550292085,1.6094379124341003,1.791759469228055,1.791759469228055,1.6094379124341003,2.302585092994046,2.302585092994046,2.0794415416798357,1.9459101490553132,1.6094379124341003,1.3862943611198906,2.772588722239781,2.772588722239781,0.6931471805599453,0.0,1.0986122886681098,0.6931471805599453,0.6931471805599453,0.0,3.6109179126442243,2.302585092994046,0.0,1.0986122886681098,1.6094379124341003,1.9459101490553132,0.0,0.6931471805599453,1.791759469228055,2.0794415416798357,1.3862943611198906,2.1972245773362196,0.6931471805599453,0.6931471805599453,0.6931471805599453,2.1972245773362196,1.0986122886681098,1.9459101490553132,0.0,0.0,0.0,0.6931471805599453,1.0986122886681098,1.3862943611198906,1.0986122886681098,0.0,0.0,1.0986122886681098,0.0,1.0986122886681098,1.0986122886681098,0.0,0.0,0.0,0.6931471805599453,0.6931471805599453,0.6931471805599453,1.0986122886681098,0.6931471805599453,0.6931471805599453,1.0986122886681098,1.0986122886681098,0.6931471805599453,1.0986122886681098,0.0
178,Male,Third year,Mathematics,10-17,At home,Alone,Learning by practicing,Books;Online documents,No,Lack of time,Teachers' teaching method,Private life problems,Pressure,Lack of previous knowledge or experience in the field,Not having a good (powerful) computer,Teaching language,Bad quality of internet,"Guergour, thabet, dib, w abdou jirani, nahkiw mashi n9raw ( w mouchaal lol)",3.0,Yes,4.0,3.0,You do not care about,8 hours or more,4.0,8.0,8.0,8.0,9.0,Bad quality of internet,You do not care about,3,2.0,14.0,14.0,14.0,Very High,High,Very High,Moderate,Moderate,Very High,High,High,High,High,Moderate,Moderate,High,Moderate,High,High,Moderate,Moderate,Moderate,Moderate,Low,Low,Moderate,Moderate,Moderate,Moderate,High,1,2,0,0,0,0,0,8,0,2,6,5,4,1,3,7,0,1,1,2,1,0,3,4,2,0,2,1,2,3,0,0,0,0,2,2,0,2,0,0,1,1,1,2,1,1,2,2,1,2,0,5.187385805840755,1.3862943611198906,1.6094379124341003,1.3862943611198906,1.6094379124341003,2.1972245773362196,2.1972245773362196,2.1972245773362196,2.302585092994046,1.3862943611198906,1.0986122886681098,2.70805020110221,2.70805020110221,0.6931471805599453,1.0986122886681098,0.0,0.0,0.0,0.0,0.0,2.1972245773362196,0.0,1.0986122886681098,1.9459101490553132,1.791759469228055,1.6094379124341003,0.6931471805599453,1.3862943611198906,2.0794415416798357,0.0,0.6931471805599453,0.6931471805599453,1.0986122886681098,0.6931471805599453,0.0,1.3862943611198906,1.6094379124341003,1.0986122886681098,0.0,1.0986122886681098,0.6931471805599453,1.0986122886681098,1.3862943611198906,0.0,0.0,0.0,0.0,1.0986122886681098,1.0986122886681098,0.0,1.0986122886681098,0.0,0.0,0.6931471805599453,0.6931471805599453,0.6931471805599453,1.0986122886681098,0.6931471805599453,0.6931471805599453,1.0986122886681098,1.0986122886681098,0.6931471805599453,1.0986122886681098,0.0
180,Male,Third year,Science,34-41,In your room (dorms),Alone,Learning by practicing;Project-based learning,Online documents,No,Pressure,Lack of time,Teachers' teaching method,Private life problems,Lack of previous knowledge or experience in the field,Not having a good (powerful) computer,Bad quality of internet,Teaching language,"Guergour, thabet, dib, w abdou jirani, nahkiw mashi n9raw ( w mouchaal lol)",2.0,Yes,3.0,4.0,Positively,8 hours or more,4.0,8.0,6.0,6.0,7.0,Bad quality of internet,You do not care about,3,2.0,15.0,15.0,16.0,High,High,Very High,Moderate,Moderate,Very High,Moderate,High,High,High,High,High,Very High,High,High,High,Moderate,Moderate,Moderate,Moderate,Low,Low,Moderate,Moderate,Moderate,Moderate,High,1,2,1,3,2,0,11,16,0,4,2,6,5,1,3,0,7,1,1,1,1,0,3,5,0,0,2,1,2,3,2,0,0,0,0,0,3,0,0,0,1,1,1,2,1,1,2,2,1,2,0,5.198497031265826,1.0986122886681098,1.3862943611198906,1.6094379124341003,1.6094379124341003,2.1972245773362196,1.9459101490553132,1.9459101490553132,2.0794415416798357,1.3862943611198906,1.0986122886681098,2.772588722239781,2.833213344056216,0.6931471805599453,1.0986122886681098,0.6931471805599453,1.3862943611198906,1.0986122886681098,0.0,2.4849066497880004,2.833213344056216,0.0,1.6094379124341003,1.0986122886681098,1.9459101490553132,1.791759469228055,0.6931471805599453,1.3862943611198906,0.0,2.0794415416798357,0.6931471805599453,0.6931471805599453,0.6931471805599453,0.6931471805599453,0.0,1.3862943611198906,1.791759469228055,0.0,0.0,1.0986122886681098,0.6931471805599453,1.0986122886681098,1.3862943611198906,1.0986122886681098,0.0,0.0,0.0,0.0,0.0,1.3862943611198906,0.0,0.0,0.0,0.6931471805599453,0.6931471805599453,0.6931471805599453,1.0986122886681098,0.6931471805599453,0.6931471805599453,1.0986122886681098,1.0986122886681098,0.6931471805599453,1.0986122886681098,0.0
183,Male,Third year,Science,26-33,In your room (dorms),Alone,Learning by practicing;Mind mapping and visualization;Online courses and tutorials,Books;Online documents,No,Lack of time,Pressure,Bad quality of internet,Teachers' teaching method,Lack of previous knowledge or experience in the field,Private life problems,Teaching language,Not having a good (powerful) computer,"Guergour, thabet, dib, w abdou jirani, nahkiw mashi n9raw ( w mouchaal lol)",2.0,Yes,4.0,5.0,Positively,5-7 hours,3.0,8.0,8.0,8.0,7.0,Bad quality of internet,You do not care about,3,2.0,15.0,15.0,15.0,High,Very High,High,High,High,High,Moderate,High,High,High,Very High,High,Very High,High,High,High,Moderate,Moderate,Moderate,Moderate,Low,Low,Moderate,Moderate,Moderate,Moderate,High,1,2,1,2,2,0,10,8,0,2,4,0,6,1,5,7,3,1,1,1,0,0,3,5,0,3,0,0,0,0,2,0,0,0,3,0,3,0,0,0,1,1,1,2,1,1,2,2,1,2,0,5.214935757608986,1.0986122886681098,1.6094379124341003,1.791759469228055,1.3862943611198906,2.1972245773362196,2.1972245773362196,2.1972245773362196,2.0794415416798357,1.3862943611198906,1.0986122886681098,2.772588722239781,2.772588722239781,0.6931471805599453,1.0986122886681098,0.6931471805599453,1.0986122886681098,1.0986122886681098,0.0,2.3978952727983707,2.1972245773362196,0.0,1.0986122886681098,1.6094379124341003,0.0,1.9459101490553132,0.6931471805599453,1.791759469228055,2.0794415416798357,1.3862943611198906,0.6931471805599453,0.6931471805599453,0.6931471805599453,0.0,0.0,1.3862943611198906,1.791759469228055,0.0,1.3862943611198906,0.0,0.0,0.0,0.0,1.0986122886681098,0.0,0.0,0.0,1.3862943611198906,0.0,1.3862943611198906,0.0,0.0,0.0,0.6931471805599453,0.6931471805599453,0.6931471805599453,1.0986122886681098,0.6931471805599453,0.6931471805599453,1.0986122886681098,1.0986122886681098,0.6931471805599453,1.0986122886681098,0.0
191,Female,Third year,Mathematics,10-17,In your room (dorms),Alone,Lectures;Learning by practicing;Project-based learning,Books;Online tutorials;Online documents,Yes,Lack of time,Bad quality of internet,Private life problems,Teachers' teaching method,Lack of previous knowledge or experience in the field,Pressure,Not having a good (powerful) computer,Teaching language,"Guergour, thabet, dib, w abdou jirani, nahkiw mashi n9raw ( w mouchaal lol)",3.0,Yes,4.0,5.0,You do not care about,5-7 hours,3.0,8.0,7.0,6.0,7.0,Bad quality of internet,You do not care about,3,2.0,15.0,16.0,15.0,High,Very High,High,High,High,High,Moderate,High,High,High,Very High,High,Very High,High,High,High,Moderate,Moderate,Moderate,Moderate,Low,Low,Moderate,Moderate,Moderate,Moderate,High,0,2,0,0,2,0,36,12,1,2,0,5,6,1,4,3,7,1,1,2,0,0,3,5,0,3,0,0,0,0,2,0,0,0,3,0,3,0,0,0,1,1,1,2,1,1,2,2,1,2,0,5.2574953720277815,1.3862943611198906,1.6094379124341003,1.791759469228055,1.3862943611198906,2.1972245773362196,2.0794415416798357,1.9459101490553132,2.0794415416798357,1.3862943611198906,1.0986122886681098,2.833213344056216,2.772588722239781,0.0,1.0986122886681098,0.0,0.0,1.0986122886681098,0.0,3.6109179126442243,2.5649493574615367,0.6931471805599453,1.0986122886681098,0.0,1.791759469228055,1.9459101490553132,0.6931471805599453,1.6094379124341003,1.3862943611198906,2.0794415416798357,0.6931471805599453,0.6931471805599453,1.0986122886681098,0.0,0.0,1.3862943611198906,1.791759469228055,0.0,1.3862943611198906,0.0,0.0,0.0,0.0,1.0986122886681098,0.0,0.0,0.0,1.3862943611198906,0.0,1.3862943611198906,0.0,0.0,0.0,0.6931471805599453,0.6931471805599453,0.6931471805599453,1.0986122886681098,0.6931471805599453,0.6931471805599453,1.0986122886681098,1.0986122886681098,0.6931471805599453,1.0986122886681098,0.0
203,Male,Third year,Science,18-25,In your room (dorms),Alone,Learning by practicing;Mind mapping and visualization;Online courses and tutorials,Books;Online tutorials;Online documents,Yes,Private life problems,Teachers' teaching method,Lack of time,Pressure,Bad quality of internet,Teaching language,Not having a good (powerful) computer,Lack of previous knowledge or experience in the field,"Guergour, thabet, dib, w abdou jirani, nahkiw mashi n9raw ( w mouchaal lol)",3.0,Yes,5.0,4.0,Positively,5-7 hours,3.0,6.0,9.0,9.0,8.0,Bad quality of internet,You do not care about,3,2.0,12.0,11.0,15.0,High,Very High,High,High,High,High,Moderate,High,High,High,Very High,High,Very High,High,High,High,Moderate,Moderate,Moderate,Moderate,Low,Low,Moderate,Moderate,Moderate,Moderate,High,1,2,1,1,2,0,10,12,1,5,6,2,4,0,7,3,1,1,1,1,0,0,3,2,0,3,0,0,0,0,2,0,0,0,3,0,3,0,0,0,1,1,1,2,1,1,2,2,1,2,0,5.318119993844216,1.3862943611198906,1.791759469228055,1.6094379124341003,1.3862943611198906,1.9459101490553132,2.302585092994046,2.302585092994046,2.1972245773362196,1.3862943611198906,1.0986122886681098,2.4849066497880004,2.772588722239781,0.6931471805599453,1.0986122886681098,0.6931471805599453,0.6931471805599453,1.0986122886681098,0.0,2.3978952727983707,2.5649493574615367,0.6931471805599453,1.791759469228055,1.9459101490553132,1.0986122886681098,1.6094379124341003,0.0,2.0794415416798357,1.3862943611198906,0.6931471805599453,0.6931471805599453,0.6931471805599453,0.6931471805599453,0.0,0.0,1.3862943611198906,1.0986122886681098,0.0,1.3862943611198906,0.0,0.0,0.0,0.0,1.0986122886681098,0.0,0.0,0.0,1.3862943611198906,0.0,1.3862943611198906,0.0,0.0,0.0,0.6931471805599453,0.6931471805599453,0.6931471805599453,1.0986122886681098,0.6931471805599453,0.6931471805599453,1.0986122886681098,1.0986122886681098,0.6931471805599453,1.0986122886681098,0.0
205,Female,Third year,Science,18-25,In your room (dorms),Alone,Lectures;Online courses and tutorials,YouTube videos,No,Lack of time,Lack of previous knowledge or experience in the field,Teachers' teaching method,Bad quality of internet,Private life problems,Teaching language,Private life problems,Not having a good (powerful) computer,"Guergour, thabet, dib, w abdou jirani, nahkiw mashi n9raw ( w mouchaal lol)",2.0,Yes,4.0,4.0,Positively,5-7 hours,2.0,6.0,5.0,4.0,7.0,Bad quality of internet,You do not care about,3,2.0,12.0,11.0,15.0,Moderate,Moderate,High,Moderate,Low,High,High,High,Moderate,Moderate,Moderate,Moderate,High,High,High,High,Moderate,Moderate,Moderate,Moderate,Low,Low,Moderate,Moderate,Moderate,Moderate,High,0,2,1,1,2,0,42,30,0,2,1,6,0,5,7,5,3,1,1,1,0,0,3,2,1,2,0,1,1,0,0,0,2,2,2,2,0,0,0,0,1,1,1,2,1,1,2,2,1,2,0,5.327876168789581,1.0986122886681098,1.6094379124341003,1.6094379124341003,1.0986122886681098,1.9459101490553132,1.791759469228055,1.6094379124341003,2.0794415416798357,1.3862943611198906,1.0986122886681098,2.4849066497880004,2.772588722239781,0.0,1.0986122886681098,0.6931471805599453,0.6931471805599453,1.0986122886681098,0.0,3.7612001156935624,3.4339872044851463,0.0,1.0986122886681098,0.6931471805599453,1.9459101490553132,0.0,1.791759469228055,2.0794415416798357,1.791759469228055,1.3862943611198906,0.6931471805599453,0.6931471805599453,0.6931471805599453,0.0,0.0,1.3862943611198906,1.0986122886681098,0.6931471805599453,1.0986122886681098,0.0,0.6931471805599453,0.6931471805599453,0.0,0.0,0.0,1.0986122886681098,1.0986122886681098,1.0986122886681098,1.0986122886681098,0.0,0.0,0.0,0.0,0.6931471805599453,0.6931471805599453,0.6931471805599453,1.0986122886681098,0.6931471805599453,0.6931471805599453,1.0986122886681098,1.0986122886681098,0.6931471805599453,1.0986122886681098,0.0
209,Female,Third year,Mathematics,10-17,In your room (dorms),Alone,Learning by practicing;Mind mapping and visualization,Online documents;YouTube videos;Course material,No,Bad quality of internet,Lack of time,Teachers' teaching method,Lack of previous knowledge or experience in the field,Pressure,Private life problems,Teaching language,Not having a good (powerful) computer,"Guergour, thabet, dib, w abdou jirani, nahkiw mashi n9raw ( w mouchaal lol)",3.0,Yes,3.0,3.0,You do not care about,5-7 hours,4.0,10.0,7.0,8.0,7.0,Bad quality of internet,You do not care about,3,2.0,12.0,11.0,15.0,Moderate,High,High,High,Low,Moderate,High,Moderate,Moderate,High,Low,Moderate,Moderate,Moderate,High,High,Moderate,Moderate,Moderate,Moderate,Low,Low,Moderate,Moderate,Moderate,Moderate,High,0,2,0,0,2,0,8,22,0,0,2,6,1,4,5,7,3,1,1,2,0,0,3,2,1,0,0,0,1,2,0,1,2,0,1,2,2,2,0,0,1,1,1,2,1,1,2,2,1,2,0,5.3471075307174685,1.3862943611198906,1.3862943611198906,1.3862943611198906,1.6094379124341003,2.3978952727983707,2.0794415416798357,2.1972245773362196,2.0794415416798357,1.3862943611198906,1.0986122886681098,2.4849066497880004,2.772588722239781,0.0,1.0986122886681098,0.0,0.0,1.0986122886681098,0.0,2.1972245773362196,3.1354942159291497,0.0,0.0,1.0986122886681098,1.9459101490553132,0.6931471805599453,1.6094379124341003,1.791759469228055,2.0794415416798357,1.3862943611198906,0.6931471805599453,0.6931471805599453,1.0986122886681098,0.0,0.0,1.3862943611198906,1.0986122886681098,0.6931471805599453,0.0,0.0,0.0,0.6931471805599453,1.0986122886681098,0.0,0.6931471805599453,1.0986122886681098,0.0,0.6931471805599453,1.0986122886681098,1.0986122886681098,1.0986122886681098,0.0,0.0,0.6931471805599453,0.6931471805599453,0.6931471805599453,1.0986122886681098,0.6931471805599453,0.6931471805599453,1.0986122886681098,1.0986122886681098,0.6931471805599453,1.0986122886681098,0.0
210,Female,Fourth year,Mathematics,More than 41,In your room (dorms),Alone,Learning by practicing;Project-based learning;Online courses and tutorials,Books;Online tutorials;Online documents,No,Teachers' teaching method,Not having a good (powerful) computer,Lack of time,Bad quality of internet,Pressure,Lack of previous knowledge or experience in the field,Teaching language,Private life problems,"The not organized study schedule put by the school , some modules requires TD and they do not have ...",2.0,No,2.0,3.0,You do not care about,5-7 hours,3.0,7.0,7.0,7.0,6.0,Unknown,Unknown,4,3.0,12.0,11.0,15.0,Moderate,Low,Moderate,Moderate,Low,Moderate,Low,Moderate,Moderate,Very Low,Very Low,Low,Moderate,Moderate,High,High,Moderate,Moderate,Moderate,Moderate,Low,Low,Moderate,Moderate,Moderate,Moderate,High,0,0,0,4,2,0,16,12,0,6,3,2,0,4,1,7,5,8,0,2,0,8,2,2,1,1,1,1,1,2,1,1,2,4,4,1,2,2,0,0,1,1,1,2,1,1,2,2,1,2,0,5.351858133476067,1.0986122886681098,1.0986122886681098,1.3862943611198906,1.3862943611198906,2.0794415416798357,2.0794415416798357,2.0794415416798357,1.9459101490553132,1.6094379124341003,1.3862943611198906,2.4849066497880004,2.772588722239781,0.0,0.0,0.0,1.6094379124341003,1.0986122886681098,0.0,2.833213344056216,2.5649493574615367,0.0,1.9459101490553132,1.3862943611198906,1.0986122886681098,0.0,1.6094379124341003,0.6931471805599453,2.0794415416798357,1.791759469228055,2.1972245773362196,0.0,1.0986122886681098,0.0,2.1972245773362196,1.0986122886681098,1.0986122886681098,0.6931471805599453,0.6931471805599453,0.6931471805599453,0.6931471805599453,0.6931471805599453,1.0986122886681098,0.6931471805599453,0.6931471805599453,1.0986122886681098,1.6094379124341003,1.6094379124341003,0.6931471805599453,1.0986122886681098,1.0986122886681098,0.0,0.0,0.6931471805599453,0.6931471805599453,0.6931471805599453,1.0986122886681098,0.6931471805599453,0.6931471805599453,1.0986122886681098,1.0986122886681098,0.6931471805599453,1.0986122886681098,0.0
222,Female,Third year,Technical maths,18-25,In your room (dorms),Alone,"Lectures, Learning by practicing, Project-based learning, Mind mapping and visualization, Interactive workshops, Online courses and tutorials","Books, Online tutorials, Online documents, YouTube videos",No,Pressure,Not having a good (powerful) computer,Lack of previous knowledge or experience in the field,Lack of previous knowledge or experience in the field,Teaching language,Teachers' teaching method,Bad quality of internet,Private life problems,"Guergour, thabet, dib, w abdou jirani, nahkiw mashi n9raw ( w mouchaal lol)",2.0,No,2.0,3.0,You do not care about,5-7 hours,1.0,6.0,2.0,3.0,2.0,Lack of time,You do not care about,3,2.0,Moderate,9.0,10.0,Moderate,High,Moderate,High,Low,Moderate,Low,Moderate,Moderate,Very Low,Very Low,Low,Moderate,Moderate,High,High,Moderate,Moderate,Moderate,Moderate,Low,Low,Moderate,Moderate,Moderate,Moderate,High,0,2,2,1,2,0,28,5,0,4,3,1,1,7,6,0,5,1,0,2,0,2,3,10,1,0,1,0,1,2,1,1,2,4,4,1,2,2,0,0,1,1,1,2,1,1,2,2,1,2,0,5.407171771460119,1.0986122886681098,1.0986122886681098,1.3862943611198906,0.6931471805599453,1.9459101490553132,1.0986122886681098,1.3862943611198906,1.0986122886681098,1.3862943611198906,1.0986122886681098,2.302585092994046,2.3978952727983707,0.0,1.0986122886681098,1.0986122886681098,0.6931471805599453,1.0986122886681098,0.0,3.367295829986474,1.791759469228055,0.0,1.6094379124341003,1.3862943611198906,0.6931471805599453,0.6931471805599453,2.0794415416798357,1.9459101490553132,0.0,1.791759469228055,0.6931471805599453,0.0,1.0986122886681098,0.0,1.0986122886681098,1.3862943611198906,2.3978952727983707,0.6931471805599453,0.0,0.6931471805599453,0.0,0.6931471805599453,1.0986122886681098,0.6931471805599453,0.6931471805599453,1.0986122886681098,1.6094379124341003,1.6094379124341003,0.6931471805599453,1.0986122886681098,1.0986122886681098,0.0,0.0,0.6931471805599453,0.6931471805599453,0.6931471805599453,1.0986122886681098,0.6931471805599453,0.6931471805599453,1.0986122886681098,1.0986122886681098,0.6931471805599453,1.0986122886681098,0.0
249,Female,Third year,Mathematics,10-17,In your room (dorms),Alone,"Lectures, Learning by practicing, Project-based learning, Mind mapping and visualization","Online tutorials, YouTube videos",Yes,Not having a good (powerful) computer,Bad quality of internet,Teachers' teaching method,Lack of previous knowledge or experience in the field,Pressure,Lack of time,Private life problems,Teaching language,"Guergour, thabet, dib, w abdou jirani, nahkiw mashi n9raw ( w mouchaal lol)",2.0,No,4.0,4.0,You do not care about,5-7 hours,2.0,10.0,5.0,6.0,6.0,Lack of previous knowledge or experience in the field,Negatively,3,2.0,Moderate,11.0,11.0,Moderate,Moderate,Moderate,Moderate,Low,Moderate,Low,Moderate,Moderate,Very Low,Very Low,Low,Moderate,Moderate,High,Moderate,Moderate,Moderate,Moderate,Moderate,Moderate,Moderate,Moderate,High,High,Moderate,High,0,2,0,0,2,0,27,25,1,3,0,6,1,4,2,5,7,1,0,2,0,1,0,10,1,2,1,1,1,2,1,1,2,4,4,1,2,2,0,1,1,1,1,2,2,2,2,0,0,2,0,5.521460917862246,1.0986122886681098,1.6094379124341003,1.6094379124341003,1.0986122886681098,2.3978952727983707,1.791759469228055,1.9459101490553132,1.9459101490553132,1.3862943611198906,1.0986122886681098,2.4849066497880004,2.4849066497880004,0.0,1.0986122886681098,0.0,0.0,1.0986122886681098,0.0,3.332204510175204,3.258096538021482,0.6931471805599453,1.3862943611198906,0.0,1.9459101490553132,0.6931471805599453,1.6094379124341003,1.0986122886681098,1.791759469228055,2.0794415416798357,0.6931471805599453,0.0,1.0986122886681098,0.0,0.6931471805599453,0.0,2.3978952727983707,0.6931471805599453,1.0986122886681098,0.6931471805599453,0.6931471805599453,0.6931471805599453,1.0986122886681098,0.6931471805599453,0.6931471805599453,1.0986122886681098,1.6094379124341003,1.6094379124341003,0.6931471805599453,1.0986122886681098,1.0986122886681098,0.0,0.6931471805599453,0.6931471805599453,0.6931471805599453,0.6931471805599453,1.0986122886681098,1.0986122886681098,1.0986122886681098,1.0986122886681098,0.0,0.0,1.0986122886681098,0.0
250,Female,Third year,Mathematics,10-17,At home,With a group,"Lectures, Learning by practicing, Interactive workshops","Books, Online tutorials, YouTube videos",No,Lack of time,Lack of previous knowledge or experience in the field,Pressure,Lack of previous knowledge or experience in the field,Bad quality of internet,Pressure,Not having a good (powerful) computer,Private life problems,"Guergour, thabet, dib, w abdou jirani, nahkiw mashi n9raw ( w mouchaal lol)",3.0,Yes,3.0,3.0,You do not care about,5-7 hours,3.0,5.0,5.0,5.0,5.0,Teaching language,Positively,3,2.0,High,11.0,12.0,Moderate,Moderate,Moderate,High,Low,Moderate,Low,Moderate,Moderate,Very Low,Very Low,Low,Moderate,Moderate,High,Moderate,Moderate,High,Moderate,High,Moderate,High,Moderate,High,Moderate,Moderate,High,0,2,0,0,0,2,19,6,0,2,1,4,1,0,4,3,5,1,1,2,0,7,1,9,1,2,1,0,1,2,1,1,2,4,4,1,2,2,0,1,1,0,1,0,2,0,2,0,1,2,0,5.5254529391317835,1.3862943611198906,1.3862943611198906,1.3862943611198906,1.3862943611198906,1.791759469228055,1.791759469228055,1.791759469228055,1.791759469228055,1.3862943611198906,1.0986122886681098,2.4849066497880004,2.5649493574615367,0.0,1.0986122886681098,0.0,0.0,0.0,1.0986122886681098,2.995732273553991,1.9459101490553132,0.0,1.0986122886681098,0.6931471805599453,1.6094379124341003,0.6931471805599453,0.0,1.6094379124341003,1.3862943611198906,1.791759469228055,0.6931471805599453,0.6931471805599453,1.0986122886681098,0.0,2.0794415416798357,0.6931471805599453,2.302585092994046,0.6931471805599453,1.0986122886681098,0.6931471805599453,0.0,0.6931471805599453,1.0986122886681098,0.6931471805599453,0.6931471805599453,1.0986122886681098,1.6094379124341003,1.6094379124341003,0.6931471805599453,1.0986122886681098,1.0986122886681098,0.0,0.6931471805599453,0.6931471805599453,0.0,0.6931471805599453,0.0,1.0986122886681098,0.0,1.0986122886681098,0.0,0.6931471805599453,1.0986122886681098,0.0
266,Male,Third year,Mathematics,18-25,In your room (dorms),With a group,Learning by practicing,Just lectures nothing else,Yes,Teachers' teaching method,Pressure,Lack of previous knowledge or experience in the field,Lack of previous knowledge or experience in the field,Lack of time,Bad quality of internet,Not having a good (powerful) computer,Private life problems,"Guergour, thabet, dib, w abdou jirani, nahkiw mashi n9raw ( w mouchaal lol)",2.0,No,3.0,4.0,You do not care about,5-7 hours,4.0,7.0,5.0,5.0,7.0,Teaching language,Positively,3,2.0,High,14.0,14.0,Moderate,High,Moderate,High,Low,Moderate,Low,Moderate,Moderate,Very Low,Very Low,Low,Moderate,Moderate,Very High,High,Moderate,High,High,High,Moderate,High,High,Very High,High,High,High,1,2,0,1,2,2,0,15,1,6,4,1,1,2,0,3,5,1,0,2,0,7,1,9,1,0,1,0,1,2,1,1,2,4,4,1,2,2,2,0,1,0,0,0,2,0,0,3,0,0,0,5.58724865840025,1.0986122886681098,1.3862943611198906,1.6094379124341003,1.6094379124341003,2.0794415416798357,1.791759469228055,1.791759469228055,2.0794415416798357,1.3862943611198906,1.0986122886681098,2.70805020110221,2.70805020110221,0.6931471805599453,1.0986122886681098,0.0,0.6931471805599453,1.0986122886681098,1.0986122886681098,0.0,2.772588722239781,0.6931471805599453,1.9459101490553132,1.6094379124341003,0.6931471805599453,0.6931471805599453,1.0986122886681098,0.0,1.3862943611198906,1.791759469228055,0.6931471805599453,0.0,1.0986122886681098,0.0,2.0794415416798357,0.6931471805599453,2.302585092994046,0.6931471805599453,0.0,0.6931471805599453,0.0,0.6931471805599453,1.0986122886681098,0.6931471805599453,0.6931471805599453,1.0986122886681098,1.6094379124341003,1.6094379124341003,0.6931471805599453,1.0986122886681098,1.0986122886681098,1.0986122886681098,0.0,0.6931471805599453,0.0,0.0,0.0,1.0986122886681098,0.0,0.0,1.3862943611198906,0.0,0.0,0.0
285,Female,Third year,Mathematics,34-41,At home,Alone,"Lectures, Learning by practicing, Mind mapping and visualization, Online courses and tutorials","Online tutorials, Online documents, YouTube videos",Yes,Teachers' teaching method,Teaching language,Lack of time,Lack of previous knowledge or experience in the field,Lack of previous knowledge or experience in the field,Private life problems,Not having a good (powerful) computer,Bad quality of internet,"Guergour, thabet, dib, w abdou jirani, nahkiw mashi n9raw ( w mouchaal lol)",2.0,Yes,1.0,3.0,You do not care about,5-7 hours,4.0,10.0,5.0,8.0,8.0,Pressure,You do not care about,3,2.0,Moderate,10.0,10.0,Moderate,Moderate,Moderate,High,Low,Moderate,Low,Moderate,Moderate,Very Low,Very Low,Low,Moderate,Moderate,High,Moderate,Moderate,Moderate,Moderate,Moderate,Low,Moderate,Moderate,High,Moderate,Moderate,High,0,2,0,3,0,0,23,24,1,6,7,2,1,1,5,3,0,1,1,2,0,4,3,10,1,2,1,0,1,2,1,1,2,4,4,1,2,2,0,1,1,1,1,2,1,2,2,0,1,2,0,5.655991810819852,1.0986122886681098,0.6931471805599453,1.3862943611198906,1.6094379124341003,2.3978952727983707,1.791759469228055,2.1972245773362196,2.1972245773362196,1.3862943611198906,1.0986122886681098,2.3978952727983707,2.3978952727983707,0.0,1.0986122886681098,0.0,1.3862943611198906,0.0,0.0,3.1780538303479458,3.2188758248682006,0.6931471805599453,1.9459101490553132,2.0794415416798357,1.0986122886681098,0.6931471805599453,0.6931471805599453,1.791759469228055,1.3862943611198906,0.0,0.6931471805599453,0.6931471805599453,1.0986122886681098,0.0,1.6094379124341003,1.3862943611198906,2.3978952727983707,0.6931471805599453,1.0986122886681098,0.6931471805599453,0.0,0.6931471805599453,1.0986122886681098,0.6931471805599453,0.6931471805599453,1.0986122886681098,1.6094379124341003,1.6094379124341003,0.6931471805599453,1.0986122886681098,1.0986122886681098,0.0,0.6931471805599453,0.6931471805599453,0.6931471805599453,0.6931471805599453,1.0986122886681098,0.6931471805599453,1.0986122886681098,1.0986122886681098,0.0,0.6931471805599453,1.0986122886681098,0.0
288,Female,Third year,Mathematics,34-41,In the school's library,Alone,"Learning by practicing, Mind mapping and visualization, Online courses and tutorials","Online tutorials, YouTube videos",Yes,Lack of time,Bad quality of internet,Pressure,Lack of previous knowledge or experience in the field,Teaching language,Not having a good (powerful) computer,Lack of previous knowledge or experience in the field,Private life problems,"Guergour, thabet, dib, w abdou jirani, nahkiw mashi n9raw ( w mouchaal lol)",2.0,No,4.0,4.0,You do not care about,8 hours or more,2.0,7.0,6.0,9.0,8.0,Teachers' teaching method,You do not care about,3,2.0,Moderate,10.0,10.0,Moderate,Moderate,Moderate,High,Low,Moderate,Low,Moderate,Moderate,Very Low,Very Low,Low,Moderate,Moderate,Moderate,Moderate,Moderate,High,Moderate,Moderate,Low,Low,Moderate,Moderate,High,Moderate,High,0,2,0,3,1,0,1,25,1,2,0,4,1,7,3,1,5,1,0,2,1,6,3,10,1,2,1,0,1,2,1,1,2,4,4,1,2,2,1,1,1,0,1,2,1,1,2,2,0,2,0,5.666426688112432,1.0986122886681098,1.6094379124341003,1.6094379124341003,1.0986122886681098,2.0794415416798357,1.9459101490553132,2.302585092994046,2.1972245773362196,1.3862943611198906,1.0986122886681098,2.3978952727983707,2.3978952727983707,0.0,1.0986122886681098,0.0,1.3862943611198906,0.6931471805599453,0.0,0.6931471805599453,3.258096538021482,0.6931471805599453,1.0986122886681098,0.0,1.6094379124341003,0.6931471805599453,2.0794415416798357,1.3862943611198906,0.6931471805599453,1.791759469228055,0.6931471805599453,0.0,1.0986122886681098,0.6931471805599453,1.9459101490553132,1.3862943611198906,2.3978952727983707,0.6931471805599453,1.0986122886681098,0.6931471805599453,0.0,0.6931471805599453,1.0986122886681098,0.6931471805599453,0.6931471805599453,1.0986122886681098,1.6094379124341003,1.6094379124341003,0.6931471805599453,1.0986122886681098,1.0986122886681098,0.6931471805599453,0.6931471805599453,0.6931471805599453,0.0,0.6931471805599453,1.0986122886681098,0.6931471805599453,0.6931471805599453,1.0986122886681098,1.0986122886681098,0.0,1.0986122886681098,0.0
297,Female,Third year,Mathematics,34-41,In your room (dorms),Alone,Online courses and tutorials,"Online tutorials, Online documents, YouTube videos",No,Pressure,Lack of time,Teachers' teaching method,Lack of previous knowledge or experience in the field,Bad quality of internet,Lack of previous knowledge or experience in the field,Private life problems,Teaching language,"Guergour, thabet, dib, w abdou jirani, nahkiw mashi n9raw ( w mouchaal lol)",2.0,No,2.0,3.0,You do not care about,5-7 hours,3.0,6.0,6.0,6.0,5.0,Not having a good (powerful) computer,You do not care about,3,2.0,High,12.0,13.0,Moderate,High,Moderate,High,Low,Moderate,Low,Moderate,Moderate,Very Low,Very Low,Low,Moderate,Moderate,Very High,High,Moderate,High,High,Moderate,Moderate,Moderate,High,High,High,High,High,0,2,0,3,2,0,46,24,0,4,2,6,1,0,1,5,7,1,0,2,0,3,3,9,1,0,1,0,1,2,1,1,2,4,4,1,2,2,2,0,1,0,0,2,2,2,0,0,0,0,0,5.697093486505405,1.0986122886681098,1.0986122886681098,1.3862943611198906,1.3862943611198906,1.9459101490553132,1.9459101490553132,1.9459101490553132,1.791759469228055,1.3862943611198906,1.0986122886681098,2.5649493574615367,2.6390573296152584,0.0,1.0986122886681098,0.0,1.3862943611198906,1.0986122886681098,0.0,3.8501476017100584,3.2188758248682006,0.0,1.6094379124341003,1.0986122886681098,1.9459101490553132,0.6931471805599453,0.0,0.6931471805599453,1.791759469228055,2.0794415416798357,0.6931471805599453,0.0,1.0986122886681098,0.0,1.3862943611198906,1.3862943611198906,2.302585092994046,0.6931471805599453,0.0,0.6931471805599453,0.0,0.6931471805599453,1.0986122886681098,0.6931471805599453,0.6931471805599453,1.0986122886681098,1.6094379124341003,1.6094379124341003,0.6931471805599453,1.0986122886681098,1.0986122886681098,1.0986122886681098,0.0,0.6931471805599453,0.0,0.0,1.0986122886681098,1.0986122886681098,1.0986122886681098,0.0,0.0,0.0,0.0,0.0
298,Male,Third year,Technical maths,10-17,In the school's library,In peer,"Lectures, Learning by practicing, Project-based learning, Interactive workshops","Books, Online tutorials, YouTube videos",No,Teachers' teaching method,Lack of time,Bad quality of internet,Lack of previous knowledge or experience in the field,Lack of time,Lack of previous knowledge or experience in the field,Private life problems,Teaching language,"Guergour, thabet, dib, w abdou jirani, nahkiw mashi n9raw ( w mouchaal lol)",3.0,Yes,4.0,5.0,You do not care about,5-7 hours,5.0,7.0,6.0,7.0,7.0,Pressure,You do not care about,3,2.0,High,13.0,13.0,Moderate,High,Moderate,High,Low,Moderate,Low,Moderate,Moderate,Very Low,Very Low,Low,Moderate,Moderate,High,High,High,High,Moderate,High,High,Moderate,High,High,High,High,High,1,2,2,0,1,1,26,6,0,6,2,0,1,2,1,5,7,1,1,2,0,4,3,9,1,0,1,0,1,2,1,1,2,4,4,1,2,2,0,0,0,0,1,0,0,2,0,0,0,0,0,5.700443573390687,1.3862943611198906,1.6094379124341003,1.791759469228055,1.791759469228055,2.0794415416798357,1.9459101490553132,2.0794415416798357,2.0794415416798357,1.3862943611198906,1.0986122886681098,2.6390573296152584,2.6390573296152584,0.6931471805599453,1.0986122886681098,1.0986122886681098,0.0,0.6931471805599453,0.6931471805599453,3.295836866004329,1.9459101490553132,0.0,1.9459101490553132,1.0986122886681098,0.0,0.6931471805599453,1.0986122886681098,0.6931471805599453,1.791759469228055,2.0794415416798357,0.6931471805599453,0.6931471805599453,1.0986122886681098,0.0,1.6094379124341003,1.3862943611198906,2.302585092994046,0.6931471805599453,0.0,0.6931471805599453,0.0,0.6931471805599453,1.0986122886681098,0.6931471805599453,0.6931471805599453,1.0986122886681098,1.6094379124341003,1.6094379124341003,0.6931471805599453,1.0986122886681098,1.0986122886681098,0.0,0.0,0.0,0.0,0.6931471805599453,0.0,0.0,1.0986122886681098,0.0,0.0,0.0,0.0,0.0
299,Female,Third year,Mathematics,10-17,In your room (dorms),In peer,"Lectures, Online courses and tutorials","Online tutorials, Online documents, YouTube videos",No,Bad quality of internet,Lack of time,Private life problems,Lack of previous knowledge or experience in the field,Pressure,Lack of previous knowledge or experience in the field,Teaching language,Not having a good (powerful) computer,"Guergour, thabet, dib, w abdou jirani, nahkiw mashi n9raw ( w mouchaal lol)",2.0,Yes,1.0,4.0,You do not care about,8 hours or more,2.0,8.0,6.0,7.0,8.0,Lack of previous knowledge or experience in the field,You do not care about,3,2.0,High,13.0,13.0,Moderate,High,Moderate,High,Low,Moderate,Low,Moderate,Moderate,Very Low,Very Low,Low,Moderate,Moderate,High,High,Moderate,Moderate,High,Moderate,Moderate,High,High,High,High,High,High,0,2,0,0,2,1,31,24,0,0,2,5,1,4,1,7,3,1,1,2,1,1,3,9,1,0,1,0,1,2,1,1,2,4,4,1,2,2,0,0,1,1,0,2,2,0,0,0,0,0,0,5.703782474656201,1.0986122886681098,0.6931471805599453,1.6094379124341003,1.0986122886681098,2.1972245773362196,1.9459101490553132,2.0794415416798357,2.1972245773362196,1.3862943611198906,1.0986122886681098,2.6390573296152584,2.6390573296152584,0.0,1.0986122886681098,0.0,0.0,1.0986122886681098,0.6931471805599453,3.4657359027997265,3.2188758248682006,0.0,0.0,1.0986122886681098,1.791759469228055,0.6931471805599453,1.6094379124341003,0.6931471805599453,2.0794415416798357,1.3862943611198906,0.6931471805599453,0.6931471805599453,1.0986122886681098,0.6931471805599453,0.6931471805599453,1.3862943611198906,2.302585092994046,0.6931471805599453,0.0,0.6931471805599453,0.0,0.6931471805599453,1.0986122886681098,0.6931471805599453,0.6931471805599453,1.0986122886681098,1.6094379124341003,1.6094379124341003,0.6931471805599453,1.0986122886681098,1.0986122886681098,0.0,0.0,0.6931471805599453,0.6931471805599453,0.0,1.0986122886681098,1.0986122886681098,0.0,0.0,0.0,0.0,0.0,0.0
308,Female,Third year,Mathematics,26-33,In the school's library,Alone,"Learning by practicing, Mind mapping and visualization, Online courses and tutorials","Online tutorials, Online documents, YouTube videos",No,Lack of previous knowledge or experience in the field,Not having a good (powerful) computer,Pressure,Lack of previous knowledge or experience in the field,Bad quality of internet,Lack of previous knowledge or experience in the field,Teaching language,Teachers' teaching method,"Guergour, thabet, dib, w abdou jirani, nahkiw mashi n9raw ( w mouchaal lol)",3.0,Yes,4.0,4.0,You do not care about,5-7 hours,2.0,8.0,6.0,6.0,7.0,Private life problems,You do not care about,3,2.0,Moderate,10.0,10.0,Moderate,Moderate,Moderate,Moderate,Low,Moderate,Low,Moderate,Moderate,Very Low,Very Low,Low,Moderate,Moderate,Moderate,Moderate,Moderate,Moderate,Moderate,Moderate,Moderate,Moderate,Moderate,Moderate,High,Moderate,High,0,2,0,2,1,0,1,24,0,1,3,4,1,0,1,7,6,1,1,2,0,5,3,10,1,2,1,1,1,2,1,1,2,4,4,1,2,2,1,1,1,1,1,2,2,2,2,2,0,2,0,5.733341276897746,1.3862943611198906,1.6094379124341003,1.6094379124341003,1.0986122886681098,2.1972245773362196,1.9459101490553132,1.9459101490553132,2.0794415416798357,1.3862943611198906,1.0986122886681098,2.3978952727983707,2.3978952727983707,0.0,1.0986122886681098,0.0,1.0986122886681098,0.6931471805599453,0.0,0.6931471805599453,3.2188758248682006,0.0,0.6931471805599453,1.3862943611198906,1.6094379124341003,0.6931471805599453,0.0,0.6931471805599453,2.0794415416798357,1.9459101490553132,0.6931471805599453,0.6931471805599453,1.0986122886681098,0.0,1.791759469228055,1.3862943611198906,2.3978952727983707,0.6931471805599453,1.0986122886681098,0.6931471805599453,0.6931471805599453,0.6931471805599453,1.0986122886681098,0.6931471805599453,0.6931471805599453,1.0986122886681098,1.6094379124341003,1.6094379124341003,0.6931471805599453,1.0986122886681098,1.0986122886681098,0.6931471805599453,0.6931471805599453,0.6931471805599453,0.6931471805599453,0.6931471805599453,1.0986122886681098,1.0986122886681098,1.0986122886681098,1.0986122886681098,1.0986122886681098,0.0,1.0986122886681098,0.0
309,Female,Third year,Technical maths,18-25,In your room (dorms),Alone,"Learning by practicing, Project-based learning, Interactive workshops, Online courses and tutorials","Online tutorials, Online documents, YouTube videos",No,Private life problems,Not having a good (powerful) computer,Bad quality of internet,Lack of previous knowledge or experience in the field,Lack of time,Pressure,Teachers' teaching method,Teaching language,"Guergour, thabet, dib, w abdou jirani, nahkiw mashi n9raw ( w mouchaal lol)",2.0,Yes,3.0,4.0,You do not care about,5-7 hours,3.0,7.0,6.0,6.0,6.0,Lack of previous knowledge or experience in the field,You do not care about,3,2.0,High,11.0,11.0,Moderate,High,Moderate,High,Low,Moderate,Low,Moderate,Moderate,Very Low,Very Low,Low,Moderate,Moderate,High,High,High,Moderate,Moderate,Moderate,Low,Moderate,Moderate,Moderate,High,Moderate,High,0,2,2,1,2,0,4,24,0,5,3,0,1,2,4,6,7,1,1,2,0,1,3,9,1,0,1,0,1,2,1,1,2,4,4,1,2,2,0,0,0,1,1,2,1,2,2,2,0,2,0,5.736572297479192,1.0986122886681098,1.3862943611198906,1.6094379124341003,1.3862943611198906,2.0794415416798357,1.9459101490553132,1.9459101490553132,1.9459101490553132,1.3862943611198906,1.0986122886681098,2.4849066497880004,2.4849066497880004,0.0,1.0986122886681098,1.0986122886681098,0.6931471805599453,1.0986122886681098,0.0,1.6094379124341003,3.2188758248682006,0.0,1.791759469228055,1.3862943611198906,0.0,0.6931471805599453,1.0986122886681098,1.6094379124341003,1.9459101490553132,2.0794415416798357,0.6931471805599453,0.6931471805599453,1.0986122886681098,0.0,0.6931471805599453,1.3862943611198906,2.302585092994046,0.6931471805599453,0.0,0.6931471805599453,0.0,0.6931471805599453,1.0986122886681098,0.6931471805599453,0.6931471805599453,1.0986122886681098,1.6094379124341003,1.6094379124341003,0.6931471805599453,1.0986122886681098,1.0986122886681098,0.0,0.0,0.0,0.6931471805599453,0.6931471805599453,1.0986122886681098,0.6931471805599453,1.0986122886681098,1.0986122886681098,1.0986122886681098,0.0,1.0986122886681098,0.0
313,Female,Third year,Mathematics,18-25,In your room (dorms),Alone,"Learning by practicing, Mind mapping and visualization, Online courses and tutorials","Online tutorials, Online documents, YouTube videos",No,Bad quality of internet,Pressure,Lack of time,Lack of previous knowledge or experience in the field,Lack of previous knowledge or experience in the field,Lack of previous knowledge or experience in the field,Teachers' teaching method,Pressure,"Guergour, thabet, dib, w abdou jirani, nahkiw mashi n9raw ( w mouchaal lol)",3.0,No,3.0,5.0,You do not care about,5-7 hours,2.0,9.0,6.0,6.0,5.0,Bad quality of internet,You do not care about,3,2.0,Moderate,10.0,10.0,Moderate,Moderate,Moderate,Moderate,Low,Moderate,Low,Moderate,Moderate,Very Low,Very Low,Low,Moderate,Moderate,High,Moderate,Moderate,Moderate,Moderate,Moderate,Low,Moderate,Moderate,High,Moderate,Moderate,High,0,2,0,1,2,0,1,24,0,0,4,2,1,1,1,6,4,1,0,2,0,0,3,10,1,2,1,1,1,2,1,1,2,4,4,1,2,2,0,1,1,1,1,2,1,2,2,0,1,2,0,5.749392985908253,1.3862943611198906,1.3862943611198906,1.791759469228055,1.0986122886681098,2.302585092994046,1.9459101490553132,1.9459101490553132,1.791759469228055,1.3862943611198906,1.0986122886681098,2.3978952727983707,2.3978952727983707,0.0,1.0986122886681098,0.0,0.6931471805599453,1.0986122886681098,0.0,0.6931471805599453,3.2188758248682006,0.0,0.0,1.6094379124341003,1.0986122886681098,0.6931471805599453,0.6931471805599453,0.6931471805599453,1.9459101490553132,1.6094379124341003,0.6931471805599453,0.0,1.0986122886681098,0.0,0.0,1.3862943611198906,2.3978952727983707,0.6931471805599453,1.0986122886681098,0.6931471805599453,0.6931471805599453,0.6931471805599453,1.0986122886681098,0.6931471805599453,0.6931471805599453,1.0986122886681098,1.6094379124341003,1.6094379124341003,0.6931471805599453,1.0986122886681098,1.0986122886681098,0.0,0.6931471805599453,0.6931471805599453,0.6931471805599453,0.6931471805599453,1.0986122886681098,0.6931471805599453,1.0986122886681098,1.0986122886681098,0.0,0.6931471805599453,1.0986122886681098,0.0
324,Female,Third year,Mathematics,18-25,At home,Alone,"Learning by practicing, Online courses and tutorials","Online tutorials, YouTube videos",No,Lack of previous knowledge or experience in the field,Teachers' teaching method,Pressure,Lack of previous knowledge or experience in the field,Bad quality of internet,Not having a good (powerful) computer,Teaching language,Private life problems,"Guergour, thabet, dib, w abdou jirani, nahkiw mashi n9raw ( w mouchaal lol)",3.0,Yes,3.0,4.0,You do not care about,5-7 hours,2.0,10.0,6.0,6.0,8.0,Lack of time,You do not care about,3,2.0,Moderate,10.0,10.0,Moderate,Moderate,Moderate,High,Low,Moderate,Low,Moderate,Moderate,Very Low,Very Low,Low,Moderate,Moderate,High,High,Moderate,Moderate,Moderate,Low,Low,Moderate,Moderate,High,Moderate,Moderate,High,0,2,0,1,0,0,2,25,0,1,6,4,1,0,3,7,5,1,1,2,0,2,3,10,1,2,1,0,1,2,1,1,2,4,4,1,2,2,0,0,1,1,1,1,1,2,2,0,1,2,0,5.783825182329737,1.3862943611198906,1.3862943611198906,1.6094379124341003,1.0986122886681098,2.3978952727983707,1.9459101490553132,1.9459101490553132,2.1972245773362196,1.3862943611198906,1.0986122886681098,2.3978952727983707,2.3978952727983707,0.0,1.0986122886681098,0.0,0.6931471805599453,0.0,0.0,1.0986122886681098,3.258096538021482,0.0,0.6931471805599453,1.9459101490553132,1.6094379124341003,0.6931471805599453,0.0,1.3862943611198906,2.0794415416798357,1.791759469228055,0.6931471805599453,0.6931471805599453,1.0986122886681098,0.0,1.0986122886681098,1.3862943611198906,2.3978952727983707,0.6931471805599453,1.0986122886681098,0.6931471805599453,0.0,0.6931471805599453,1.0986122886681098,0.6931471805599453,0.6931471805599453,1.0986122886681098,1.6094379124341003,1.6094379124341003,0.6931471805599453,1.0986122886681098,1.0986122886681098,0.0,0.0,0.6931471805599453,0.6931471805599453,0.6931471805599453,0.6931471805599453,0.6931471805599453,1.0986122886681098,1.0986122886681098,0.0,0.6931471805599453,1.0986122886681098,0.0
325,Female,Third year,Mathematics,10-17,In your room (dorms),Alone,"Learning by practicing, Online courses and tutorials","Online tutorials, YouTube videos",Yes,Lack of previous knowledge or experience in the field,Teachers' teaching method,Bad quality of internet,Lack of previous knowledge or experience in the field,Pressure,Not having a good (powerful) computer,Teaching language,Lack of time,"Guergour, thabet, dib, w abdou jirani, nahkiw mashi n9raw ( w mouchaal lol)",3.0,Yes,3.0,3.0,You do not care about,5-7 hours,4.0,8.0,6.0,6.0,8.0,Private life problems,You do not care about,3,2.0,High,9.0,11.0,Moderate,High,Moderate,High,Low,Moderate,Low,Moderate,Moderate,Very Low,Very Low,Low,Moderate,Moderate,Very High,High,Moderate,Moderate,Moderate,Moderate,Low,Moderate,Moderate,Moderate,Moderate,Moderate,High,0,2,0,0,2,0,2,25,1,1,6,0,1,4,3,7,2,1,1,2,0,5,3,9,1,0,1,0,1,2,1,1,2,4,4,1,2,2,2,0,1,1,1,2,1,2,2,2,1,2,0,5.786897381366708,1.3862943611198906,1.3862943611198906,1.3862943611198906,1.6094379124341003,2.1972245773362196,1.9459101490553132,1.9459101490553132,2.1972245773362196,1.3862943611198906,1.0986122886681098,2.302585092994046,2.4849066497880004,0.0,1.0986122886681098,0.0,0.0,1.0986122886681098,0.0,1.0986122886681098,3.258096538021482,0.6931471805599453,0.6931471805599453,1.9459101490553132,0.0,0.6931471805599453,1.6094379124341003,1.3862943611198906,2.0794415416798357,1.0986122886681098,0.6931471805599453,0.6931471805599453,1.0986122886681098,0.0,1.791759469228055,1.3862943611198906,2.302585092994046,0.6931471805599453,0.0,0.6931471805599453,0.0,0.6931471805599453,1.0986122886681098,0.6931471805599453,0.6931471805599453,1.0986122886681098,1.6094379124341003,1.6094379124341003,0.6931471805599453,1.0986122886681098,1.0986122886681098,1.0986122886681098,0.0,0.6931471805599453,0.6931471805599453,0.6931471805599453,1.0986122886681098,0.6931471805599453,1.0986122886681098,1.0986122886681098,1.0986122886681098,0.6931471805599453,1.0986122886681098,0.0
332,Female,Third year,Mathematics,10-17,In your room (dorms),Alone,Online courses and tutorials,"Books, YouTube videos",No,Bad quality of internet,Bad quality of internet,Bad quality of internet,Lack of previous knowledge or experience in the field,Bad quality of internet,Bad quality of internet,Bad quality of internet,Pressure,"Guergour, thabet, dib, w abdou jirani, nahkiw mashi n9raw ( w mouchaal lol)",2.0,No,3.0,3.0,You do not care about,5-7 hours,3.0,8.0,7.0,7.0,9.0,Pressure,You do not care about,3,2.0,Moderate,9.0,9.0,Moderate,Moderate,Moderate,Moderate,Low,Moderate,Low,Moderate,Moderate,Very Low,Very Low,Low,Moderate,Moderate,High,Moderate,Moderate,Moderate,Moderate,Moderate,Low,Moderate,Low,High,Moderate,Moderate,Moderate,0,2,0,0,2,0,46,7,0,0,0,0,1,0,0,0,4,1,0,2,0,4,3,10,1,2,1,1,1,2,1,1,2,4,4,1,2,2,0,1,1,1,1,2,1,2,1,0,1,2,1,5.808142489980444,1.0986122886681098,1.3862943611198906,1.3862943611198906,1.3862943611198906,2.1972245773362196,2.0794415416798357,2.0794415416798357,2.302585092994046,1.3862943611198906,1.0986122886681098,2.302585092994046,2.302585092994046,0.0,1.0986122886681098,0.0,0.0,1.0986122886681098,0.0,3.8501476017100584,2.0794415416798357,0.0,0.0,0.0,0.0,0.6931471805599453,0.0,0.0,0.0,1.6094379124341003,0.6931471805599453,0.0,1.0986122886681098,0.0,1.6094379124341003,1.3862943611198906,2.3978952727983707,0.6931471805599453,1.0986122886681098,0.6931471805599453,0.6931471805599453,0.6931471805599453,1.0986122886681098,0.6931471805599453,0.6931471805599453,1.0986122886681098,1.6094379124341003,1.6094379124341003,0.6931471805599453,1.0986122886681098,1.0986122886681098,0.0,0.6931471805599453,0.6931471805599453,0.6931471805599453,0.6931471805599453,1.0986122886681098,0.6931471805599453,1.0986122886681098,0.6931471805599453,0.0,0.6931471805599453,1.0986122886681098,0.6931471805599453
333,Male,Third year,Mathematics,10-17,In your room (dorms),Alone,Learning by practicing,"Online tutorials, YouTube videos",No,Lack of previous knowledge or experience in the field,Bad quality of internet,Teachers' teaching method,Lack of previous knowledge or experience in the field,Pressure,Lack of time,Private life problems,Not having a good (powerful) computer,"Guergour, thabet, dib, w abdou jirani, nahkiw mashi n9raw ( w mouchaal lol)",2.0,No,4.0,4.0,You do not care about,5-7 hours,2.0,7.0,7.0,7.0,6.0,Teaching language,You do not care about,3,2.0,High,14.0,13.0,Moderate,Moderate,Moderate,High,Low,Moderate,Low,Moderate,Moderate,Very Low,Very Low,Low,Moderate,Moderate,High,High,Very High,High,Moderate,Moderate,Moderate,High,Very High,Very High,High,High,High,1,2,0,0,2,0,0,25,0,1,0,6,1,4,2,5,3,1,0,2,0,7,3,9,1,2,1,0,1,2,1,1,2,4,4,1,2,2,0,0,2,0,1,2,2,0,3,3,0,0,0,5.811140992976701,1.0986122886681098,1.6094379124341003,1.6094379124341003,1.0986122886681098,2.0794415416798357,2.0794415416798357,2.0794415416798357,1.9459101490553132,1.3862943611198906,1.0986122886681098,2.70805020110221,2.6390573296152584,0.6931471805599453,1.0986122886681098,0.0,0.0,1.0986122886681098,0.0,0.0,3.258096538021482,0.0,0.6931471805599453,0.0,1.9459101490553132,0.6931471805599453,1.6094379124341003,1.0986122886681098,1.791759469228055,1.3862943611198906,0.6931471805599453,0.0,1.0986122886681098,0.0,2.0794415416798357,1.3862943611198906,2.302585092994046,0.6931471805599453,1.0986122886681098,0.6931471805599453,0.0,0.6931471805599453,1.0986122886681098,0.6931471805599453,0.6931471805599453,1.0986122886681098,1.6094379124341003,1.6094379124341003,0.6931471805599453,1.0986122886681098,1.0986122886681098,0.0,0.0,1.0986122886681098,0.0,0.6931471805599453,1.0986122886681098,1.0986122886681098,0.0,1.3862943611198906,1.3862943611198906,0.0,0.0,0.0
338,Female,Third year,Mathematics,18-25,In your room (dorms),Alone,"Lectures, Learning by practicing, Mind mapping and visualization","Books, Online documents, YouTube videos",No,Teachers' teaching method,Lack of previous knowledge or experience in the field,Pressure,Lack of previous knowledge or experience in the field,Private life problems,Lack of time,Teaching language,Not having a good (powerful) computer,"Guergour, thabet, dib, w abdou jirani, nahkiw mashi n9raw ( w mouchaal lol)",3.0,Yes,4.0,4.0,You do not care about,5-7 hours,2.0,9.0,7.0,6.0,9.0,Bad quality of internet,You do not care about,3,2.0,High,10.0,11.0,Moderate,High,Moderate,High,Low,Moderate,Low,Moderate,Moderate,Very Low,Very Low,Low,Moderate,Moderate,High,High,Moderate,Moderate,Moderate,Moderate,Low,Moderate,High,Moderate,High,Moderate,High,0,2,0,1,2,0,20,2,0,6,1,4,1,5,2,7,3,1,1,2,0,0,3,9,1,0,1,0,1,2,1,1,2,4,4,1,2,2,0,0,1,1,1,2,1,2,0,2,0,2,0,5.82600010738045,1.3862943611198906,1.6094379124341003,1.6094379124341003,1.0986122886681098,2.302585092994046,2.0794415416798357,1.9459101490553132,2.302585092994046,1.3862943611198906,1.0986122886681098,2.3978952727983707,2.4849066497880004,0.0,1.0986122886681098,0.0,0.6931471805599453,1.0986122886681098,0.0,3.044522437723423,1.0986122886681098,0.0,1.9459101490553132,0.6931471805599453,1.6094379124341003,0.6931471805599453,1.791759469228055,1.0986122886681098,2.0794415416798357,1.3862943611198906,0.6931471805599453,0.6931471805599453,1.0986122886681098,0.0,0.0,1.3862943611198906,2.302585092994046,0.6931471805599453,0.0,0.6931471805599453,0.0,0.6931471805599453,1.0986122886681098,0.6931471805599453,0.6931471805599453,1.0986122886681098,1.6094379124341003,1.6094379124341003,0.6931471805599453,1.0986122886681098,1.0986122886681098,0.0,0.0,0.6931471805599453,0.6931471805599453,0.6931471805599453,1.0986122886681098,0.6931471805599453,1.0986122886681098,0.0,1.0986122886681098,0.0,1.0986122886681098,0.0
339,Male,Third year,Mathematics,10-17,In the school's library,Alone,"Lectures, Learning by practicing, Mind mapping and visualization","Books, Online tutorials, Online documents",No,Teachers' teaching method,Lack of previous knowledge or experience in the field,Bad quality of internet,Lack of previous knowledge or experience in the field,Private life problems,Pressure,Teaching language,Not having a good (powerful) computer,"Guergour, thabet, dib, w abdou jirani, nahkiw mashi n9raw ( w mouchaal lol)",3.0,Yes,4.0,4.0,You do not care about,5-7 hours,3.0,6.0,7.0,6.0,7.0,Lack of time,You do not care about,3,2.0,High,13.0,13.0,Moderate,Moderate,Moderate,High,Low,Moderate,Low,Moderate,Moderate,Very Low,Very Low,Low,Moderate,Moderate,Very High,High,High,Moderate,High,High,Moderate,High,High,Very High,High,High,High,1,2,0,0,1,0,20,4,0,6,1,0,1,5,4,7,3,1,1,2,0,2,3,9,1,2,1,0,1,2,1,1,2,4,4,1,2,2,2,0,0,1,0,0,2,0,0,3,0,0,0,5.8289456176102075,1.3862943611198906,1.6094379124341003,1.6094379124341003,1.3862943611198906,1.9459101490553132,2.0794415416798357,1.9459101490553132,2.0794415416798357,1.3862943611198906,1.0986122886681098,2.6390573296152584,2.6390573296152584,0.6931471805599453,1.0986122886681098,0.0,0.0,0.6931471805599453,0.0,3.044522437723423,1.6094379124341003,0.0,1.9459101490553132,0.6931471805599453,0.0,0.6931471805599453,1.791759469228055,1.6094379124341003,2.0794415416798357,1.3862943611198906,0.6931471805599453,0.6931471805599453,1.0986122886681098,0.0,1.0986122886681098,1.3862943611198906,2.302585092994046,0.6931471805599453,1.0986122886681098,0.6931471805599453,0.0,0.6931471805599453,1.0986122886681098,0.6931471805599453,0.6931471805599453,1.0986122886681098,1.6094379124341003,1.6094379124341003,0.6931471805599453,1.0986122886681098,1.0986122886681098,1.0986122886681098,0.0,0.0,0.6931471805599453,0.0,0.0,1.0986122886681098,0.0,0.0,1.3862943611198906,0.0,0.0,0.0
345,Male,Third year,Mathematics,10-17,In the school's library,In peer,"Learning by practicing, Project-based learning, Online courses and tutorials",YouTube videos,No,Bad quality of internet,Lack of time,Lack of previous knowledge or experience in the field,Lack of previous knowledge or experience in the field,Pressure,Private life problems,Not having a good (powerful) computer,Teaching language,"Guergour, thabet, dib, w abdou jirani, nahkiw mashi n9raw ( w mouchaal lol)",3.0,Yes,3.0,5.0,You do not care about,5-7 hours,4.0,8.0,7.0,8.0,9.0,Teachers' teaching method,You do not care about,3,2.0,Moderate,10.0,10.0,Moderate,Moderate,Moderate,High,Low,Moderate,Low,Moderate,Moderate,Very Low,Very Low,Low,Moderate,Moderate,High,Moderate,Moderate,Moderate,Moderate,Moderate,Low,Moderate,Moderate,High,Moderate,Moderate,High,1,2,0,0,1,1,7,30,0,0,2,1,1,4,5,3,7,1,1,2,0,6,3,10,1,2,1,0,1,2,1,1,2,4,4,1,2,2,0,1,1,1,1,2,1,2,2,0,1,2,0,5.846438775057725,1.3862943611198906,1.3862943611198906,1.791759469228055,1.6094379124341003,2.1972245773362196,2.0794415416798357,2.1972245773362196,2.302585092994046,1.3862943611198906,1.0986122886681098,2.3978952727983707,2.3978952727983707,0.6931471805599453,1.0986122886681098,0.0,0.0,0.6931471805599453,0.6931471805599453,2.0794415416798357,3.4339872044851463,0.0,0.0,1.0986122886681098,0.6931471805599453,0.6931471805599453,1.6094379124341003,1.791759469228055,1.3862943611198906,2.0794415416798357,0.6931471805599453,0.6931471805599453,1.0986122886681098,0.0,1.9459101490553132,1.3862943611198906,2.3978952727983707,0.6931471805599453,1.0986122886681098,0.6931471805599453,0.0,0.6931471805599453,1.0986122886681098,0.6931471805599453,0.6931471805599453,1.0986122886681098,1.6094379124341003,1.6094379124341003,0.6931471805599453,1.0986122886681098,1.0986122886681098,0.0,0.6931471805599453,0.6931471805599453,0.6931471805599453,0.6931471805599453,1.0986122886681098,0.6931471805599453,1.0986122886681098,1.0986122886681098,0.0,0.6931471805599453,1.0986122886681098,0.0
346,Female,Third year,Technical maths,More than 41 hours,In your room (dorms),Alone,"Lectures, Learning by practicing, Online courses and tutorials","Books, Online documents, YouTube videos",Yes,Pressure,Lack of time,Lack of previous knowledge or experience in the field,Lack of previous knowledge or experience in the field,Bad quality of internet,Private life problems,Not having a good (powerful) computer,Teaching language,"Guergour, thabet, dib, w abdou jirani, nahkiw mashi n9raw ( w mouchaal lol)",3.0,No,4.0,4.0,You do not care about,5-7 hours,3.0,7.0,7.0,7.0,8.0,Teachers' teaching method,You do not care about,3,2.0,High,11.0,12.0,Moderate,Moderate,Moderate,High,Low,Moderate,Low,Moderate,Moderate,Very Low,Very Low,Low,Moderate,Moderate,Very High,High,Moderate,High,Moderate,High,Moderate,Moderate,Moderate,High,High,High,Moderate,0,2,2,5,2,0,24,2,1,4,2,1,1,0,5,3,7,1,0,2,0,6,3,9,1,2,1,0,1,2,1,1,2,4,4,1,2,2,2,0,1,0,1,0,2,2,2,0,0,0,1,5.849324779946859,1.3862943611198906,1.6094379124341003,1.6094379124341003,1.3862943611198906,2.0794415416798357,2.0794415416798357,2.0794415416798357,2.1972245773362196,1.3862943611198906,1.0986122886681098,2.4849066497880004,2.5649493574615367,0.0,1.0986122886681098,1.0986122886681098,1.791759469228055,1.0986122886681098,0.0,3.2188758248682006,1.0986122886681098,0.6931471805599453,1.6094379124341003,1.0986122886681098,0.6931471805599453,0.6931471805599453,0.0,1.791759469228055,1.3862943611198906,2.0794415416798357,0.6931471805599453,0.0,1.0986122886681098,0.0,1.9459101490553132,1.3862943611198906,2.302585092994046,0.6931471805599453,1.0986122886681098,0.6931471805599453,0.0,0.6931471805599453,1.0986122886681098,0.6931471805599453,0.6931471805599453,1.0986122886681098,1.6094379124341003,1.6094379124341003,0.6931471805599453,1.0986122886681098,1.0986122886681098,1.0986122886681098,0.0,0.6931471805599453,0.0,0.6931471805599453,0.0,1.0986122886681098,1.0986122886681098,1.0986122886681098,0.0,0.0,0.0,0.6931471805599453
347,Female,Third year,Technical maths,More than 41 hours,In your room (dorms),Alone,"Learning by practicing, Project-based learning, Online courses and tutorials","Books, Online documents, YouTube videos",Yes,Pressure,Lack of time,Teachers' teaching method,Lack of previous knowledge or experience in the field,Bad quality of internet,Private life problems,Teaching language,Not having a good (powerful) computer,"Guergour, thabet, dib, w abdou jirani, nahkiw mashi n9raw ( w mouchaal lol)",2.0,No,4.0,5.0,You do not care about,5-7 hours,3.0,7.0,7.0,8.0,6.0,Lack of previous knowledge or experience in the field,You do not care about,3,2.0,High,12.0,12.0,Moderate,High,Moderate,High,Low,Moderate,Low,Moderate,Moderate,Very Low,Very Low,Low,Moderate,Moderate,High,High,Moderate,High,Moderate,Moderate,Moderate,Moderate,High,High,High,High,High,0,2,2,5,2,0,7,2,1,4,2,6,1,0,5,7,3,1,0,2,0,1,3,9,1,0,1,0,1,2,1,1,2,4,4,1,2,2,0,0,1,0,1,2,2,2,0,0,0,0,0,5.8522024797744745,1.0986122886681098,1.6094379124341003,1.791759469228055,1.3862943611198906,2.0794415416798357,2.0794415416798357,2.1972245773362196,1.9459101490553132,1.3862943611198906,1.0986122886681098,2.5649493574615367,2.5649493574615367,0.0,1.0986122886681098,1.0986122886681098,1.791759469228055,1.0986122886681098,0.0,2.0794415416798357,1.0986122886681098,0.6931471805599453,1.6094379124341003,1.0986122886681098,1.9459101490553132,0.6931471805599453,0.0,1.791759469228055,2.0794415416798357,1.3862943611198906,0.6931471805599453,0.0,1.0986122886681098,0.0,0.6931471805599453,1.3862943611198906,2.302585092994046,0.6931471805599453,0.0,0.6931471805599453,0.0,0.6931471805599453,1.0986122886681098,0.6931471805599453,0.6931471805599453,1.0986122886681098,1.6094379124341003,1.6094379124341003,0.6931471805599453,1.0986122886681098,1.0986122886681098,0.0,0.0,0.6931471805599453,0.0,0.6931471805599453,1.0986122886681098,1.0986122886681098,1.0986122886681098,0.0,0.0,0.0,0.0,0.0
348,Male,Third year,Mathematics,18-25,In the school's library,Alone,"Learning by practicing, Project-based learning, Online courses and tutorials","Books, Online tutorials, Online documents, YouTube videos",Yes,Pressure,Lack of time,Bad quality of internet,Lack of previous knowledge or experience in the field,Lack of previous knowledge or experience in the field,Private life problems,Teaching language,Not having a good (powerful) computer,"Guergour, thabet, dib, w abdou jirani, nahkiw mashi n9raw ( w mouchaal lol)",3.0,Yes,4.0,5.0,You do not care about,5-7 hours,3.0,10.0,7.0,7.0,6.0,Teachers' teaching method,You do not care about,3,2.0,High,12.0,12.0,Moderate,Moderate,Moderate,High,Low,Moderate,Low,Moderate,Moderate,Very Low,Very Low,Low,Moderate,Moderate,Very High,High,High,High,Moderate,Moderate,Moderate,Moderate,Moderate,High,High,High,Very High,1,2,0,1,1,0,7,5,1,4,2,0,1,1,5,7,3,1,1,2,0,6,3,9,1,2,1,0,1,2,1,1,2,4,4,1,2,2,2,0,0,0,1,2,2,2,2,0,0,0,2,5.855071922202427,1.3862943611198906,1.6094379124341003,1.791759469228055,1.3862943611198906,2.3978952727983707,2.0794415416798357,2.0794415416798357,1.9459101490553132,1.3862943611198906,1.0986122886681098,2.5649493574615367,2.5649493574615367,0.6931471805599453,1.0986122886681098,0.0,0.6931471805599453,0.6931471805599453,0.0,2.0794415416798357,1.791759469228055,0.6931471805599453,1.6094379124341003,1.0986122886681098,0.0,0.6931471805599453,0.6931471805599453,1.791759469228055,2.0794415416798357,1.3862943611198906,0.6931471805599453,0.6931471805599453,1.0986122886681098,0.0,1.9459101490553132,1.3862943611198906,2.302585092994046,0.6931471805599453,1.0986122886681098,0.6931471805599453,0.0,0.6931471805599453,1.0986122886681098,0.6931471805599453,0.6931471805599453,1.0986122886681098,1.6094379124341003,1.6094379124341003,0.6931471805599453,1.0986122886681098,1.0986122886681098,1.0986122886681098,0.0,0.0,0.0,0.6931471805599453,1.0986122886681098,1.0986122886681098,1.0986122886681098,1.0986122886681098,0.0,0.0,0.0,1.0986122886681098
349,Female,Third year,Mathematics,18-25,At home,In peer,"Lectures, Learning by practicing, Project-based learning, Online courses and tutorials","Online tutorials, Online documents",Yes,Pressure,Lack of time,Lack of previous knowledge or experience in the field,Lack of previous knowledge or experience in the field,Bad quality of internet,Not having a good (powerful) computer,Teachers' teaching method,Teaching language,"Guergour, thabet, dib, w abdou jirani, nahkiw mashi n9raw ( w mouchaal lol)",3.0,No,3.0,3.0,You do not care about,5-7 hours,3.0,7.0,7.0,7.0,5.0,Private life problems,Positively,3,2.0,High,12.0,13.0,Moderate,High,Moderate,High,Low,Moderate,Low,Moderate,Moderate,Very Low,Very Low,Low,Moderate,Moderate,High,High,High,High,High,High,High,Moderate,High,High,High,Moderate,High,0,2,0,1,0,1,29,23,1,4,2,1,1,0,3,6,7,1,0,2,0,5,1,9,1,0,1,0,1,2,1,1,2,4,4,1,2,2,0,0,0,0,0,0,0,2,0,0,0,2,0,5.857933154483459,1.3862943611198906,1.3862943611198906,1.3862943611198906,1.3862943611198906,2.0794415416798357,2.0794415416798357,2.0794415416798357,1.791759469228055,1.3862943611198906,1.0986122886681098,2.5649493574615367,2.6390573296152584,0.0,1.0986122886681098,0.0,0.6931471805599453,0.0,0.6931471805599453,3.4011973816621555,3.1780538303479458,0.6931471805599453,1.6094379124341003,1.0986122886681098,0.6931471805599453,0.6931471805599453,0.0,1.3862943611198906,1.9459101490553132,2.0794415416798357,0.6931471805599453,0.0,1.0986122886681098,0.0,1.791759469228055,0.6931471805599453,2.302585092994046,0.6931471805599453,0.0,0.6931471805599453,0.0,0.6931471805599453,1.0986122886681098,0.6931471805599453,0.6931471805599453,1.0986122886681098,1.6094379124341003,1.6094379124341003,0.6931471805599453,1.0986122886681098,1.0986122886681098,0.0,0.0,0.0,0.0,0.0,0.0,0.0,1.0986122886681098,0.0,0.0,0.0,1.0986122886681098,0.0
350,Female,Third year,Mathematics,10-17,In your room (dorms),Alone,Mind mapping and visualization,YouTube videos,No,Pressure,Lack of time,Teachers' teaching method,Lack of previous knowledge or experience in the field,Lack of previous knowledge or experience in the field,Teaching language,Private life problems,Not having a good (powerful) computer,"Guergour, thabet, dib, w abdou jirani, nahkiw mashi n9raw ( w mouchaal lol)",3.0,Yes,2.0,4.0,You do not care about,8 hours or more,2.0,8.0,7.0,7.0,9.0,Bad quality of internet,Positively,3,2.0,High,13.0,13.0,Moderate,Moderate,Moderate,High,Low,Moderate,Low,Moderate,Moderate,Very Low,Very Low,Low,Moderate,Moderate,Very High,Moderate,Moderate,High,Moderate,High,Moderate,High,High,High,High,Moderate,Very High,0,2,0,0,2,0,44,30,0,4,2,6,1,1,7,5,3,1,1,2,1,0,1,9,1,2,1,0,1,2,1,1,2,4,4,1,2,2,2,1,1,0,1,0,2,0,0,0,0,2,2,5.860786223465865,1.3862943611198906,1.0986122886681098,1.6094379124341003,1.0986122886681098,2.1972245773362196,2.0794415416798357,2.0794415416798357,2.302585092994046,1.3862943611198906,1.0986122886681098,2.6390573296152584,2.6390573296152584,0.0,1.0986122886681098,0.0,0.0,1.0986122886681098,0.0,3.8066624897703196,3.4339872044851463,0.0,1.6094379124341003,1.0986122886681098,1.9459101490553132,0.6931471805599453,0.6931471805599453,2.0794415416798357,1.791759469228055,1.3862943611198906,0.6931471805599453,0.6931471805599453,1.0986122886681098,0.6931471805599453,0.0,0.6931471805599453,2.302585092994046,0.6931471805599453,1.0986122886681098,0.6931471805599453,0.0,0.6931471805599453,1.0986122886681098,0.6931471805599453,0.6931471805599453,1.0986122886681098,1.6094379124341003,1.6094379124341003,0.6931471805599453,1.0986122886681098,1.0986122886681098,1.0986122886681098,0.6931471805599453,0.6931471805599453,0.0,0.6931471805599453,0.0,1.0986122886681098,0.0,0.0,0.0,0.0,1.0986122886681098,1.0986122886681098
364,Female,Third year,Mathematics,10-17,In the school's library,Alone,"Lectures, Learning by practicing, Project-based learning, Mind mapping and visualization, Interactive workshops, Online courses and tutorials","Books, Online tutorials, Online documents, YouTube videos",Yes,Lack of previous knowledge or experience in the field,Not having a good (powerful) computer,Teachers' teaching method,Lack of previous knowledge or experience in the field,Bad quality of internet,Lack of previous knowledge or experience in the field,Private life problems,Teaching language,"Guergour, thabet, dib, w abdou jirani, nahkiw mashi n9raw ( w mouchaal lol)",1.0,Yes,2.0,4.0,You do not care about,5-7 hours,2.0,7.0,7.0,6.0,8.0,Pressure,Positively,3,2.0,High,12.0,12.0,Moderate,Moderate,Moderate,High,Low,Moderate,Low,Moderate,Moderate,Very Low,Very Low,Low,Moderate,Moderate,High,High,High,Moderate,High,High,Moderate,Moderate,High,High,High,Moderate,High,0,2,0,0,1,0,28,5,1,1,3,6,1,0,1,5,7,1,1,2,0,4,1,9,1,2,1,0,1,2,1,1,2,4,4,1,2,2,0,0,0,1,0,0,2,2,0,0,0,2,0,5.8998973535824915,0.6931471805599453,1.0986122886681098,1.6094379124341003,1.0986122886681098,2.0794415416798357,2.0794415416798357,1.9459101490553132,2.1972245773362196,1.3862943611198906,1.0986122886681098,2.5649493574615367,2.5649493574615367,0.0,1.0986122886681098,0.0,0.0,0.6931471805599453,0.0,3.367295829986474,1.791759469228055,0.6931471805599453,0.6931471805599453,1.3862943611198906,1.9459101490553132,0.6931471805599453,0.0,0.6931471805599453,1.791759469228055,2.0794415416798357,0.6931471805599453,0.6931471805599453,1.0986122886681098,0.0,1.6094379124341003,0.6931471805599453,2.302585092994046,0.6931471805599453,1.0986122886681098,0.6931471805599453,0.0,0.6931471805599453,1.0986122886681098,0.6931471805599453,0.6931471805599453,1.0986122886681098,1.6094379124341003,1.6094379124341003,0.6931471805599453,1.0986122886681098,1.0986122886681098,0.0,0.0,0.0,0.6931471805599453,0.0,0.0,1.0986122886681098,1.0986122886681098,0.0,0.0,0.0,1.0986122886681098,0.0
365,Female,Second year,Mathematics,18-25,In your room (dorms),Alone,"Learning by practicing, Mind mapping and visualization, Online courses and tutorials","Online documents, YouTube videos",No,Teachers' teaching method,Pressure,Lack of time,Lack of previous knowledge or experience in the field,Lack of previous knowledge or experience in the field,Teaching language,Not having a good (powerful) computer,Private life problems,Lack of motivation,2.0,Yes,1.0,3.0,You do not care about,5-7 hours,4.0,10.0,7.0,7.0,8.0,Bad quality of internet,You do not care about,2,2.0,Moderate,7.0,9.0,Moderate,Moderate,Moderate,Moderate,Low,Moderate,Low,Moderate,Moderate,Very Low,Very Low,Low,Moderate,Moderate,High,Moderate,Moderate,Moderate,Moderate,Moderate,Low,Low,Low,Low,Moderate,Low,High,0,1,0,1,2,0,1,17,0,6,4,2,1,1,7,3,5,2,1,2,0,0,3,10,1,2,1,1,1,2,1,1,2,4,4,1,2,2,0,1,1,1,1,2,1,1,1,1,1,1,0,5.902633333401366,1.0986122886681098,0.6931471805599453,1.3862943611198906,1.6094379124341003,2.3978952727983707,2.0794415416798357,2.0794415416798357,2.1972245773362196,1.0986122886681098,1.0986122886681098,2.0794415416798357,2.302585092994046,0.0,0.6931471805599453,0.0,0.6931471805599453,1.0986122886681098,0.0,0.6931471805599453,2.8903717578961645,0.0,1.9459101490553132,1.6094379124341003,1.0986122886681098,0.6931471805599453,0.6931471805599453,2.0794415416798357,1.3862943611198906,1.791759469228055,1.0986122886681098,0.6931471805599453,1.0986122886681098,0.0,0.0,1.3862943611198906,2.3978952727983707,0.6931471805599453,1.0986122886681098,0.6931471805599453,0.6931471805599453,0.6931471805599453,1.0986122886681098,0.6931471805599453,0.6931471805599453,1.0986122886681098,1.6094379124341003,1.6094379124341003,0.6931471805599453,1.0986122886681098,1.0986122886681098,0.0,0.6931471805599453,0.6931471805599453,0.6931471805599453,0.6931471805599453,1.0986122886681098,0.6931471805599453,0.6931471805599453,0.6931471805599453,0.6931471805599453,0.6931471805599453,0.6931471805599453,0.0
366,Male,Third year,Mathematics,10-17,At home,Alone,Online courses and tutorials,"Online tutorials, YouTube videos",No,Not having a good (powerful) computer,Pressure,Lack of time,Lack of previous knowledge or experience in the field,Teachers' teaching method,Teaching language,Private life problems,Lack of previous knowledge or experience in the field,"Guergour, thabet, dib, w abdou jirani, nahkiw mashi n9raw ( w mouchaal lol)",1.0,Yes,1.0,5.0,You do not care about,5-7 hours,5.0,7.0,7.0,7.0,9.0,Bad quality of internet,You do not care about,3,2.0,High,11.0,12.0,Moderate,High,Moderate,High,Low,Moderate,Low,Moderate,Moderate,Very Low,Very Low,Low,Moderate,Moderate,Very High,High,High,High,Moderate,Moderate,Moderate,Moderate,Moderate,High,High,Moderate,High,1,2,0,0,0,0,46,25,0,3,4,2,1,6,7,5,1,1,1,2,0,0,3,9,1,0,1,0,1,2,1,1,2,4,4,1,2,2,2,0,0,0,1,2,2,2,2,0,0,2,0,5.905361848054571,0.6931471805599453,0.6931471805599453,1.791759469228055,1.791759469228055,2.0794415416798357,2.0794415416798357,2.0794415416798357,2.302585092994046,1.3862943611198906,1.0986122886681098,2.4849066497880004,2.5649493574615367,0.6931471805599453,1.0986122886681098,0.0,0.0,0.0,0.0,3.8501476017100584,3.258096538021482,0.0,1.3862943611198906,1.6094379124341003,1.0986122886681098,0.6931471805599453,1.9459101490553132,2.0794415416798357,1.791759469228055,0.6931471805599453,0.6931471805599453,0.6931471805599453,1.0986122886681098,0.0,0.0,1.3862943611198906,2.302585092994046,0.6931471805599453,0.0,0.6931471805599453,0.0,0.6931471805599453,1.0986122886681098,0.6931471805599453,0.6931471805599453,1.0986122886681098,1.6094379124341003,1.6094379124341003,0.6931471805599453,1.0986122886681098,1.0986122886681098,1.0986122886681098,0.0,0.0,0.0,0.6931471805599453,1.0986122886681098,1.0986122886681098,1.0986122886681098,1.0986122886681098,0.0,0.0,1.0986122886681098,0.0
367,Male,Third year,Technical maths,18-25,In your room (dorms),Alone,"Learning by practicing, Online courses and tutorials","Books, Online tutorials, Online documents, YouTube videos",No,Bad quality of internet,Pressure,Lack of time,Lack of previous knowledge or experience in the field,Teachers' teaching method,Teaching language,Not having a good (powerful) computer,Private life problems,"Guergour, thabet, dib, w abdou jirani, nahkiw mashi n9raw ( w mouchaal lol)",2.0,No,3.0,4.0,You do not care about,8 hours or more,3.0,8.0,7.0,6.0,6.0,Lack of previous knowledge or experience in the field,You do not care about,3,2.0,High,12.0,13.0,Moderate,High,Moderate,High,Low,Moderate,Low,Moderate,Moderate,Very Low,Very Low,Low,Moderate,Moderate,Very High,High,High,High,High,High,Moderate,High,High,High,High,Moderate,High,1,2,2,1,2,0,2,5,0,0,4,2,1,6,7,3,5,1,0,2,1,1,3,9,1,0,1,0,1,2,1,1,2,4,4,1,2,2,2,0,0,0,0,0,2,0,0,0,0,2,0,5.908082938168931,1.0986122886681098,1.3862943611198906,1.6094379124341003,1.3862943611198906,2.1972245773362196,2.0794415416798357,1.9459101490553132,1.9459101490553132,1.3862943611198906,1.0986122886681098,2.5649493574615367,2.6390573296152584,0.6931471805599453,1.0986122886681098,1.0986122886681098,0.6931471805599453,1.0986122886681098,0.0,1.0986122886681098,1.791759469228055,0.0,0.0,1.6094379124341003,1.0986122886681098,0.6931471805599453,1.9459101490553132,2.0794415416798357,1.3862943611198906,1.791759469228055,0.6931471805599453,0.0,1.0986122886681098,0.6931471805599453,0.6931471805599453,1.3862943611198906,2.302585092994046,0.6931471805599453,0.0,0.6931471805599453,0.0,0.6931471805599453,1.0986122886681098,0.6931471805599453,0.6931471805599453,1.0986122886681098,1.6094379124341003,1.6094379124341003,0.6931471805599453,1.0986122886681098,1.0986122886681098,1.0986122886681098,0.0,0.0,0.0,0.0,0.0,1.0986122886681098,0.0,0.0,0.0,0.0,1.0986122886681098,0.0
381,Female,Third year,Mathematics,10-17,In your room (dorms),Alone,"Learning by practicing, Online courses and tutorials","Online tutorials, YouTube videos",No,Pressure,Teachers' teaching method,Lack of time,Lack of previous knowledge or experience in the field,Lack of previous knowledge or experience in the field,Private life problems,Private life problems,Not having a good (powerful) computer,"Guergour, thabet, dib, w abdou jirani, nahkiw mashi n9raw ( w mouchaal lol)",2.0,Yes,3.0,4.0,You do not care about,8 hours or more,4.0,8.0,7.0,7.0,9.0,Bad quality of internet,You do not care about,3,2.0,High,10.0,11.0,Moderate,Moderate,Moderate,High,Low,Moderate,Low,Moderate,Moderate,Very Low,Very Low,Low,Moderate,Moderate,High,High,Moderate,Moderate,Moderate,Moderate,Low,Moderate,Moderate,Moderate,Moderate,Moderate,High,0,2,0,0,2,0,2,25,0,4,6,2,1,1,5,5,3,1,1,2,1,0,3,9,1,2,1,0,1,2,1,1,2,4,4,1,2,2,0,0,1,1,1,2,1,2,2,2,1,2,0,5.945420608606575,1.0986122886681098,1.3862943611198906,1.6094379124341003,1.6094379124341003,2.1972245773362196,2.0794415416798357,2.0794415416798357,2.302585092994046,1.3862943611198906,1.0986122886681098,2.3978952727983707,2.4849066497880004,0.0,1.0986122886681098,0.0,0.0,1.0986122886681098,0.0,1.0986122886681098,3.258096538021482,0.0,1.6094379124341003,1.9459101490553132,1.0986122886681098,0.6931471805599453,0.6931471805599453,1.791759469228055,1.791759469228055,1.3862943611198906,0.6931471805599453,0.6931471805599453,1.0986122886681098,0.6931471805599453,0.0,1.3862943611198906,2.302585092994046,0.6931471805599453,1.0986122886681098,0.6931471805599453,0.0,0.6931471805599453,1.0986122886681098,0.6931471805599453,0.6931471805599453,1.0986122886681098,1.6094379124341003,1.6094379124341003,0.6931471805599453,1.0986122886681098,1.0986122886681098,0.0,0.0,0.6931471805599453,0.6931471805599453,0.6931471805599453,1.0986122886681098,0.6931471805599453,1.0986122886681098,1.0986122886681098,1.0986122886681098,0.6931471805599453,1.0986122886681098,0.0
394,Female,Third year,Mathematics,10-17,In the school's library,Alone,"Lectures, Learning by practicing","Books, YouTube videos",No,Private life problems,Bad quality of internet,Lack of previous knowledge or experience in the field,Lack of previous knowledge or experience in the field,Pressure,Lack of time,Teachers' teaching method,Teaching language,"Guergour, thabet, dib, w abdou jirani, nahkiw mashi n9raw ( w mouchaal lol)",3.0,No,1.0,1.0,You do not care about,8 hours or more,3.0,8.0,8.0,6.0,2.0,Not having a good (powerful) computer,Negatively,3,2.0,Moderate,11.0,11.0,Moderate,Moderate,Moderate,High,Low,Moderate,Low,Moderate,Moderate,Very Low,Very Low,Low,Moderate,Moderate,High,High,Moderate,High,Moderate,High,Low,Moderate,High,High,Moderate,High,High,0,2,0,0,1,0,18,7,0,5,0,1,1,4,2,6,7,1,0,2,1,3,0,10,1,2,1,0,1,2,1,1,2,4,4,1,2,2,0,0,1,0,1,0,1,2,0,0,1,0,0,5.978885764901122,1.3862943611198906,0.6931471805599453,0.6931471805599453,1.3862943611198906,2.1972245773362196,2.1972245773362196,1.9459101490553132,1.0986122886681098,1.3862943611198906,1.0986122886681098,2.4849066497880004,2.4849066497880004,0.0,1.0986122886681098,0.0,0.0,0.6931471805599453,0.0,2.9444389791664403,2.0794415416798357,0.0,1.791759469228055,0.0,0.6931471805599453,0.6931471805599453,1.6094379124341003,1.0986122886681098,1.9459101490553132,2.0794415416798357,0.6931471805599453,0.0,1.0986122886681098,0.6931471805599453,1.3862943611198906,0.0,2.3978952727983707,0.6931471805599453,1.0986122886681098,0.6931471805599453,0.0,0.6931471805599453,1.0986122886681098,0.6931471805599453,0.6931471805599453,1.0986122886681098,1.6094379124341003,1.6094379124341003,0.6931471805599453,1.0986122886681098,1.0986122886681098,0.0,0.0,0.6931471805599453,0.0,0.6931471805599453,0.0,0.6931471805599453,1.0986122886681098,0.0,0.0,0.6931471805599453,0.0,0.0
405,Female,Third year,Mathematics,26-33,In your room (dorms),Alone,"Lectures, Learning by practicing, Project-based learning, Mind mapping and visualization","Books, Online documents, YouTube videos",No,Pressure,Lack of previous knowledge or experience in the field,Teachers' teaching method,Lack of previous knowledge or experience in the field,Bad quality of internet,Private life problems,Teaching language,Not having a good (powerful) computer,"Guergour, thabet, dib, w abdou jirani, nahkiw mashi n9raw ( w mouchaal lol)",2.0,No,3.0,4.0,You do not care about,5-7 hours,3.0,7.0,8.0,6.0,6.0,Lack of time,Positively,3,2.0,Moderate,11.0,11.0,Moderate,Moderate,Moderate,High,Low,Moderate,Low,Moderate,Moderate,Very Low,Very Low,Low,Moderate,Moderate,High,High,Moderate,Moderate,Moderate,Moderate,Moderate,Moderate,Moderate,Moderate,High,High,High,0,2,0,2,2,0,27,2,0,4,1,6,1,0,5,7,3,1,0,2,0,2,1,10,1,2,1,0,1,2,1,1,2,4,4,1,2,2,0,0,1,1,1,2,2,2,2,2,0,0,0,6.0063531596017325,1.0986122886681098,1.3862943611198906,1.6094379124341003,1.3862943611198906,2.0794415416798357,2.1972245773362196,1.9459101490553132,1.9459101490553132,1.3862943611198906,1.0986122886681098,2.4849066497880004,2.4849066497880004,0.0,1.0986122886681098,0.0,1.0986122886681098,1.0986122886681098,0.0,3.332204510175204,1.0986122886681098,0.0,1.6094379124341003,0.6931471805599453,1.9459101490553132,0.6931471805599453,0.0,1.791759469228055,2.0794415416798357,1.3862943611198906,0.6931471805599453,0.0,1.0986122886681098,0.0,1.0986122886681098,0.6931471805599453,2.3978952727983707,0.6931471805599453,1.0986122886681098,0.6931471805599453,0.0,0.6931471805599453,1.0986122886681098,0.6931471805599453,0.6931471805599453,1.0986122886681098,1.6094379124341003,1.6094379124341003,0.6931471805599453,1.0986122886681098,1.0986122886681098,0.0,0.0,0.6931471805599453,0.6931471805599453,0.6931471805599453,1.0986122886681098,1.0986122886681098,1.0986122886681098,1.0986122886681098,1.0986122886681098,0.0,0.0,0.0
406,Male,Third year,Mathematics,18-25,In your room (dorms),Alone,"Learning by practicing, Project-based learning","Books, Online documents",No,Private life problems,Lack of previous knowledge or experience in the field,Not having a good (powerful) computer,Lack of previous knowledge or experience in the field,Not having a good (powerful) computer,Lack of time,Bad quality of internet,Teaching language,"Guergour, thabet, dib, w abdou jirani, nahkiw mashi n9raw ( w mouchaal lol)",3.0,Yes,4.0,5.0,You do not care about,5-7 hours,3.0,9.0,8.0,8.0,7.0,Teachers' teaching method,You do not care about,3,2.0,High,11.0,13.0,Moderate,Moderate,Moderate,High,Low,Moderate,Low,Moderate,Moderate,Very Low,Very Low,Low,Moderate,Moderate,Very High,High,High,High,High,High,Low,Moderate,High,High,High,High,High,1,2,0,1,2,0,3,1,0,5,1,3,1,3,2,0,7,1,1,2,0,6,3,9,1,2,1,0,1,2,1,1,2,4,4,1,2,2,2,0,0,0,0,0,1,2,0,0,0,0,0,6.008813185442595,1.3862943611198906,1.6094379124341003,1.791759469228055,1.3862943611198906,2.302585092994046,2.1972245773362196,2.1972245773362196,2.0794415416798357,1.3862943611198906,1.0986122886681098,2.4849066497880004,2.6390573296152584,0.6931471805599453,1.0986122886681098,0.0,0.6931471805599453,1.0986122886681098,0.0,1.3862943611198906,0.6931471805599453,0.0,1.791759469228055,0.6931471805599453,1.3862943611198906,0.6931471805599453,1.3862943611198906,1.0986122886681098,0.0,2.0794415416798357,0.6931471805599453,0.6931471805599453,1.0986122886681098,0.0,1.9459101490553132,1.3862943611198906,2.302585092994046,0.6931471805599453,1.0986122886681098,0.6931471805599453,0.0,0.6931471805599453,1.0986122886681098,0.6931471805599453,0.6931471805599453,1.0986122886681098,1.6094379124341003,1.6094379124341003,0.6931471805599453,1.0986122886681098,1.0986122886681098,1.0986122886681098,0.0,0.0,0.0,0.0,0.0,0.6931471805599453,1.0986122886681098,0.0,0.0,0.0,0.0,0.0
407,Male,Third year,Mathematics,18-25,In your room (dorms),Alone,"Lectures, Learning by practicing, Project-based learning, Online courses and tutorials","Online tutorials, YouTube videos",No,Bad quality of internet,Lack of previous knowledge or experience in the field,Teachers' teaching method,Lack of previous knowledge or experience in the field,Not having a good (powerful) computer,Pressure,Teaching language,Private life problems,"Guergour, thabet, dib, w abdou jirani, nahkiw mashi n9raw ( w mouchaal lol)",3.0,No,5.0,5.0,You do not care about,5-7 hours,4.0,7.0,8.0,8.0,8.0,Lack of time,Positively,3,2.0,High,12.0,13.0,Moderate,High,Moderate,High,Low,Moderate,Low,Moderate,Moderate,Very Low,Very Low,Low,Moderate,Moderate,Very High,High,Moderate,High,High,High,Moderate,High,High,High,High,High,High,1,2,0,1,2,0,29,25,0,0,1,6,1,3,4,7,5,1,0,2,0,2,1,9,1,0,1,0,1,2,1,1,2,4,4,1,2,2,2,0,1,0,0,0,2,0,0,0,0,0,0,6.0112671744041615,1.3862943611198906,1.791759469228055,1.791759469228055,1.6094379124341003,2.0794415416798357,2.1972245773362196,2.1972245773362196,2.1972245773362196,1.3862943611198906,1.0986122886681098,2.5649493574615367,2.6390573296152584,0.6931471805599453,1.0986122886681098,0.0,0.6931471805599453,1.0986122886681098,0.0,3.4011973816621555,3.258096538021482,0.0,0.0,0.6931471805599453,1.9459101490553132,0.6931471805599453,1.3862943611198906,1.6094379124341003,2.0794415416798357,1.791759469228055,0.6931471805599453,0.0,1.0986122886681098,0.0,1.0986122886681098,0.6931471805599453,2.302585092994046,0.6931471805599453,0.0,0.6931471805599453,0.0,0.6931471805599453,1.0986122886681098,0.6931471805599453,0.6931471805599453,1.0986122886681098,1.6094379124341003,1.6094379124341003,0.6931471805599453,1.0986122886681098,1.0986122886681098,1.0986122886681098,0.0,0.6931471805599453,0.0,0.0,0.0,1.0986122886681098,0.0,0.0,0.0,0.0,0.0,0.0
408,Female,Third year,Mathematics,34-41,In the school's library,Alone,"Project-based learning, Mind mapping and visualization","Online tutorials, YouTube videos",Yes,Pressure,Lack of previous knowledge or experience in the field,Lack of time,Lack of previous knowledge or experience in the field,Bad quality of internet,Private life problems,Not having a good (powerful) computer,Teaching language,"Guergour, thabet, dib, w abdou jirani, nahkiw mashi n9raw ( w mouchaal lol)",2.0,No,4.0,5.0,You do not care about,5-7 hours,4.0,8.0,8.0,8.0,7.0,Teachers' teaching method,You do not care about,3,2.0,High,12.0,13.0,Moderate,High,Moderate,Very High,Low,Moderate,Low,Moderate,Moderate,Very Low,Very Low,Low,Moderate,Moderate,High,High,High,High,High,High,Low,Moderate,High,High,High,High,High,0,2,0,3,1,0,47,25,1,4,1,2,1,0,5,3,7,1,0,2,0,6,3,9,1,0,1,2,1,2,1,1,2,4,4,1,2,2,0,0,0,0,0,0,1,2,0,0,0,0,0,6.013715156042802,1.0986122886681098,1.6094379124341003,1.791759469228055,1.6094379124341003,2.1972245773362196,2.1972245773362196,2.1972245773362196,2.0794415416798357,1.3862943611198906,1.0986122886681098,2.5649493574615367,2.6390573296152584,0.0,1.0986122886681098,0.0,1.3862943611198906,0.6931471805599453,0.0,3.871201010907891,3.258096538021482,0.6931471805599453,1.6094379124341003,0.6931471805599453,1.0986122886681098,0.6931471805599453,0.0,1.791759469228055,1.3862943611198906,2.0794415416798357,0.6931471805599453,0.0,1.0986122886681098,0.0,1.9459101490553132,1.3862943611198906,2.302585092994046,0.6931471805599453,0.0,0.6931471805599453,1.0986122886681098,0.6931471805599453,1.0986122886681098,0.6931471805599453,0.6931471805599453,1.0986122886681098,1.6094379124341003,1.6094379124341003,0.6931471805599453,1.0986122886681098,1.0986122886681098,0.0,0.0,0.0,0.0,0.0,0.0,0.6931471805599453,1.0986122886681098,0.0,0.0,0.0,0.0,0.0
409,Female,Third year,Mathematics,10-17,In your room (dorms),Alone,"Lectures, Learning by practicing",Online documents,Yes,Bad quality of internet,Lack of previous knowledge or experience in the field,Private life problems,Lack of previous knowledge or experience in the field,Pressure,Lack of time,Not having a good (powerful) computer,Not having a good (powerful) computer,"Guergour, thabet, dib, w abdou jirani, nahkiw mashi n9raw ( w mouchaal lol)",4.0,No,4.0,4.0,You do not care about,5-7 hours,3.0,9.0,8.0,9.0,4.0,Teachers' teaching method,You do not care about,3,2.0,High,13.0,13.0,Moderate,High,Moderate,High,Low,Moderate,Low,Moderate,Moderate,Very Low,Very Low,Low,Moderate,Moderate,High,High,High,High,High,Moderate,Moderate,High,High,High,High,High,High,0,2,0,0,2,0,18,16,1,0,1,5,1,4,2,3,3,1,0,2,0,6,3,9,1,0,1,0,1,2,1,1,2,4,4,1,2,2,0,0,0,0,0,2,2,0,0,0,0,0,0,6.016157159698354,1.6094379124341003,1.6094379124341003,1.6094379124341003,1.3862943611198906,2.302585092994046,2.1972245773362196,2.302585092994046,1.6094379124341003,1.3862943611198906,1.0986122886681098,2.6390573296152584,2.6390573296152584,0.0,1.0986122886681098,0.0,0.0,1.0986122886681098,0.0,2.9444389791664403,2.833213344056216,0.6931471805599453,0.0,0.6931471805599453,1.791759469228055,0.6931471805599453,1.6094379124341003,1.0986122886681098,1.3862943611198906,1.3862943611198906,0.6931471805599453,0.0,1.0986122886681098,0.0,1.9459101490553132,1.3862943611198906,2.302585092994046,0.6931471805599453,0.0,0.6931471805599453,0.0,0.6931471805599453,1.0986122886681098,0.6931471805599453,0.6931471805599453,1.0986122886681098,1.6094379124341003,1.6094379124341003,0.6931471805599453,1.0986122886681098,1.0986122886681098,0.0,0.0,0.0,0.0,0.0,1.0986122886681098,1.0986122886681098,0.0,0.0,0.0,0.0,0.0,0.0
410,Female,Third year,Mathematics,10-17,In your room (dorms),Alone,"Learning by practicing, Mind mapping and visualization, Online courses and tutorials","Online tutorials, YouTube videos",No,Bad quality of internet,Lack of previous knowledge or experience in the field,Teachers' teaching method,Lack of previous knowledge or experience in the field,Lack of time,Pressure,Not having a good (powerful) computer,Teaching language,"Guergour, thabet, dib, w abdou jirani, nahkiw mashi n9raw ( w mouchaal lol)",3.0,Yes,3.0,2.0,You do not care about,5-7 hours,3.0,9.0,8.0,7.0,7.0,Private life problems,Positively,3,2.0,High,12.0,14.0,Moderate,High,Moderate,High,Low,Moderate,Low,Moderate,Moderate,Very Low,Very Low,Low,Moderate,Moderate,Very High,Very High,High,Very High,High,High,Moderate,High,High,High,High,Moderate,High,0,2,0,0,2,0,1,25,0,0,1,6,1,2,4,3,7,1,1,2,0,5,1,9,1,0,1,0,1,2,1,1,2,4,4,1,2,2,2,2,0,2,0,0,2,0,0,0,0,2,0,6.018593214496234,1.3862943611198906,1.3862943611198906,1.0986122886681098,1.3862943611198906,2.302585092994046,2.1972245773362196,2.0794415416798357,2.0794415416798357,1.3862943611198906,1.0986122886681098,2.5649493574615367,2.70805020110221,0.0,1.0986122886681098,0.0,0.0,1.0986122886681098,0.0,0.6931471805599453,3.258096538021482,0.0,0.0,0.6931471805599453,1.9459101490553132,0.6931471805599453,1.0986122886681098,1.6094379124341003,1.3862943611198906,2.0794415416798357,0.6931471805599453,0.6931471805599453,1.0986122886681098,0.0,1.791759469228055,0.6931471805599453,2.302585092994046,0.6931471805599453,0.0,0.6931471805599453,0.0,0.6931471805599453,1.0986122886681098,0.6931471805599453,0.6931471805599453,1.0986122886681098,1.6094379124341003,1.6094379124341003,0.6931471805599453,1.0986122886681098,1.0986122886681098,1.0986122886681098,1.0986122886681098,0.0,1.0986122886681098,0.0,0.0,1.0986122886681098,0.0,0.0,0.0,0.0,1.0986122886681098,0.0
411,Female,Third year,Mathematics,10-17,In your room (dorms),Alone,"Learning by practicing, Project-based learning, Mind mapping and visualization, Online courses and tutorials","Books, Online tutorials, Online documents, YouTube videos",Yes,Teachers' teaching method,Lack of previous knowledge or experience in the field,Bad quality of internet,Lack of previous knowledge or experience in the field,Teachers' teaching method,Teachers' teaching method,Teachers' teaching method,Teachers' teaching method,"Guergour, thabet, dib, w abdou jirani, nahkiw mashi n9raw ( w mouchaal lol)",3.0,No,3.0,5.0,You do not care about,5-7 hours,4.0,9.0,8.0,8.0,7.0,Teachers' teaching method,Positively,3,2.0,High,13.0,14.0,Moderate,High,Moderate,High,Low,Moderate,Low,Moderate,Moderate,Very Low,Very Low,Low,Moderate,Moderate,Very High,High,Very High,Very High,High,High,Moderate,Moderate,High,High,High,High,High,0,2,0,0,2,0,6,5,1,6,1,0,1,6,6,6,6,1,0,2,0,6,1,9,1,0,1,0,1,2,1,1,2,4,4,1,2,2,2,0,2,2,0,0,2,2,0,0,0,0,0,6.021023349349527,1.3862943611198906,1.3862943611198906,1.791759469228055,1.6094379124341003,2.302585092994046,2.1972245773362196,2.1972245773362196,2.0794415416798357,1.3862943611198906,1.0986122886681098,2.6390573296152584,2.70805020110221,0.0,1.0986122886681098,0.0,0.0,1.0986122886681098,0.0,1.9459101490553132,1.791759469228055,0.6931471805599453,1.9459101490553132,0.6931471805599453,0.0,0.6931471805599453,1.9459101490553132,1.9459101490553132,1.9459101490553132,1.9459101490553132,0.6931471805599453,0.0,1.0986122886681098,0.0,1.9459101490553132,0.6931471805599453,2.302585092994046,0.6931471805599453,0.0,0.6931471805599453,0.0,0.6931471805599453,1.0986122886681098,0.6931471805599453,0.6931471805599453,1.0986122886681098,1.6094379124341003,1.6094379124341003,0.6931471805599453,1.0986122886681098,1.0986122886681098,1.0986122886681098,0.0,1.0986122886681098,1.0986122886681098,0.0,0.0,1.0986122886681098,1.0986122886681098,0.0,0.0,0.0,0.0,0.0
416,Female,Third year,Mathematics,10-17,In your room (dorms),Alone,"Learning by practicing, Project-based learning, Online courses and tutorials","Online tutorials, Online documents, YouTube videos",Yes,Bad quality of internet,Lack of time,Pressure,Lack of previous knowledge or experience in the field,Not having a good (powerful) computer,Private life problems,Lack of previous knowledge or experience in the field,Teaching language,"Guergour, thabet, dib, w abdou jirani, nahkiw mashi n9raw ( w mouchaal lol)",3.0,No,3.0,4.0,You do not care about,5-7 hours,3.0,9.0,8.0,7.0,7.0,Teachers' teaching method,You do not care about,3,2.0,High,12.0,13.0,Moderate,High,Moderate,High,Low,Moderate,Low,Moderate,Moderate,Very Low,Very Low,Low,Moderate,Moderate,Very High,High,High,High,Moderate,Moderate,Moderate,Moderate,High,High,High,High,Very High,0,2,0,0,2,0,7,24,1,0,2,4,1,3,5,1,7,1,0,2,0,6,3,9,1,0,1,0,1,2,1,1,2,4,4,1,2,2,2,0,0,0,1,2,2,2,0,0,0,0,2,6.0330862217988015,1.3862943611198906,1.3862943611198906,1.6094379124341003,1.3862943611198906,2.302585092994046,2.1972245773362196,2.0794415416798357,2.0794415416798357,1.3862943611198906,1.0986122886681098,2.5649493574615367,2.6390573296152584,0.0,1.0986122886681098,0.0,0.0,1.0986122886681098,0.0,2.0794415416798357,3.2188758248682006,0.6931471805599453,0.0,1.0986122886681098,1.6094379124341003,0.6931471805599453,1.3862943611198906,1.791759469228055,0.6931471805599453,2.0794415416798357,0.6931471805599453,0.0,1.0986122886681098,0.0,1.9459101490553132,1.3862943611198906,2.302585092994046,0.6931471805599453,0.0,0.6931471805599453,0.0,0.6931471805599453,1.0986122886681098,0.6931471805599453,0.6931471805599453,1.0986122886681098,1.6094379124341003,1.6094379124341003,0.6931471805599453,1.0986122886681098,1.0986122886681098,1.0986122886681098,0.0,0.0,0.0,0.6931471805599453,1.0986122886681098,1.0986122886681098,1.0986122886681098,0.0,0.0,0.0,0.0,1.0986122886681098
417,Female,Third year,Mathematics,10-17,In your room (dorms),In peer,"Lectures, Learning by practicing, Project-based learning","Online tutorials, Online documents",No,Teachers' teaching method,Lack of time,Lack of previous knowledge or experience in the field,Lack of previous knowledge or experience in the field,Bad quality of internet,Private life problems,Not having a good (powerful) computer,Teaching language,"Guergour, thabet, dib, w abdou jirani, nahkiw mashi n9raw ( w mouchaal lol)",2.0,Yes,3.0,5.0,You do not care about,5-7 hours,3.0,8.0,8.0,8.0,9.0,Pressure,You do not care about,3,2.0,High,12.0,13.0,Moderate,Moderate,Moderate,High,Low,Moderate,Low,Moderate,Moderate,Very Low,Very Low,Low,Moderate,Moderate,Very High,High,Moderate,High,High,High,Moderate,Moderate,Moderate,High,High,High,High,0,2,0,0,2,1,25,23,0,6,2,1,1,0,5,3,7,1,1,2,0,4,3,9,1,2,1,0,1,2,1,1,2,4,4,1,2,2,2,0,1,0,0,0,2,2,2,0,0,0,0,6.035481432524756,1.0986122886681098,1.3862943611198906,1.791759469228055,1.3862943611198906,2.1972245773362196,2.1972245773362196,2.1972245773362196,2.302585092994046,1.3862943611198906,1.0986122886681098,2.5649493574615367,2.6390573296152584,0.0,1.0986122886681098,0.0,0.0,1.0986122886681098,0.6931471805599453,3.258096538021482,3.1780538303479458,0.0,1.9459101490553132,1.0986122886681098,0.6931471805599453,0.6931471805599453,0.0,1.791759469228055,1.3862943611198906,2.0794415416798357,0.6931471805599453,0.6931471805599453,1.0986122886681098,0.0,1.6094379124341003,1.3862943611198906,2.302585092994046,0.6931471805599453,1.0986122886681098,0.6931471805599453,0.0,0.6931471805599453,1.0986122886681098,0.6931471805599453,0.6931471805599453,1.0986122886681098,1.6094379124341003,1.6094379124341003,0.6931471805599453,1.0986122886681098,1.0986122886681098,1.0986122886681098,0.0,0.6931471805599453,0.0,0.0,0.0,1.0986122886681098,1.0986122886681098,1.0986122886681098,0.0,0.0,0.0,0.0
432,Female,Second year,Mathematics,18-25,At home,Alone,"Lectures, Learning by practicing, Project-based learning, Online courses and tutorials","Books, Online documents, YouTube videos",Yes,Lack of previous knowledge or experience in the field,Pressure,Lack of time,Lack of previous knowledge or experience in the field,Not having a good (powerful) computer,Private life problems,Teachers' teaching method,Teaching language,Lack of motivation,3.0,No,5.0,5.0,You do not care about,5-7 hours,4.0,9.0,8.0,8.0,8.0,Bad quality of internet,You do not care about,2,2.0,High,9.0,11.0,Moderate,High,Moderate,High,Low,Moderate,Low,Moderate,Moderate,Very Low,Very Low,Low,Moderate,Moderate,High,High,Moderate,Moderate,Moderate,Moderate,Low,Low,Low,Moderate,High,Moderate,Very High,0,1,0,1,0,0,29,2,1,1,4,2,1,3,5,6,7,2,0,2,0,0,3,9,1,0,1,0,1,2,1,1,2,4,4,1,2,2,0,0,1,1,1,2,1,1,1,2,0,2,2,6.07073772800249,1.3862943611198906,1.791759469228055,1.791759469228055,1.6094379124341003,2.302585092994046,2.1972245773362196,2.1972245773362196,2.1972245773362196,1.0986122886681098,1.0986122886681098,2.302585092994046,2.4849066497880004,0.0,0.6931471805599453,0.0,0.6931471805599453,0.0,0.0,3.4011973816621555,1.0986122886681098,0.6931471805599453,0.6931471805599453,1.6094379124341003,1.0986122886681098,0.6931471805599453,1.3862943611198906,1.791759469228055,1.9459101490553132,2.0794415416798357,1.0986122886681098,0.0,1.0986122886681098,0.0,0.0,1.3862943611198906,2.302585092994046,0.6931471805599453,0.0,0.6931471805599453,0.0,0.6931471805599453,1.0986122886681098,0.6931471805599453,0.6931471805599453,1.0986122886681098,1.6094379124341003,1.6094379124341003,0.6931471805599453,1.0986122886681098,1.0986122886681098,0.0,0.0,0.6931471805599453,0.6931471805599453,0.6931471805599453,1.0986122886681098,0.6931471805599453,0.6931471805599453,0.6931471805599453,1.0986122886681098,0.0,1.0986122886681098,1.0986122886681098
433,Female,Third year,Technical maths,26-33,In the school's library,In peer,"Lectures, Learning by practicing, Mind mapping and visualization, Interactive workshops, Online courses and tutorials","Online tutorials, YouTube videos",Yes,Bad quality of internet,Pressure,Teachers' teaching method,Lack of previous knowledge or experience in the field,Lack of previous knowledge or experience in the field,Teaching language,Bad quality of internet,Bad quality of internet,"Guergour, thabet, dib, w abdou jirani, nahkiw mashi n9raw ( w mouchaal lol)",2.0,Yes,3.0,5.0,You do not care about,5-7 hours,3.0,8.0,8.0,8.0,6.0,Lack of time,Positively,3,2.0,High,11.0,12.0,Moderate,Moderate,Moderate,High,Low,Moderate,Low,Moderate,Moderate,Very Low,Very Low,Low,Moderate,Moderate,Very High,High,High,High,Moderate,Moderate,Low,High,High,High,High,High,High,0,2,2,2,1,1,22,25,1,0,4,6,1,1,7,0,0,1,1,2,0,2,1,9,1,2,1,0,1,2,1,1,2,4,4,1,2,2,2,0,0,0,1,2,1,0,0,0,0,0,0,6.073044534100405,1.0986122886681098,1.3862943611198906,1.791759469228055,1.3862943611198906,2.1972245773362196,2.1972245773362196,2.1972245773362196,1.9459101490553132,1.3862943611198906,1.0986122886681098,2.4849066497880004,2.5649493574615367,0.0,1.0986122886681098,1.0986122886681098,1.0986122886681098,0.6931471805599453,0.6931471805599453,3.1354942159291497,3.258096538021482,0.6931471805599453,0.0,1.6094379124341003,1.9459101490553132,0.6931471805599453,0.6931471805599453,2.0794415416798357,0.0,0.0,0.6931471805599453,0.6931471805599453,1.0986122886681098,0.0,1.0986122886681098,0.6931471805599453,2.302585092994046,0.6931471805599453,1.0986122886681098,0.6931471805599453,0.0,0.6931471805599453,1.0986122886681098,0.6931471805599453,0.6931471805599453,1.0986122886681098,1.6094379124341003,1.6094379124341003,0.6931471805599453,1.0986122886681098,1.0986122886681098,1.0986122886681098,0.0,0.0,0.0,0.6931471805599453,1.0986122886681098,0.6931471805599453,0.0,0.0,0.0,0.0,0.0,0.0
434,Male,Third year,Mathematics,18-25,In the school's library,Alone,"Learning by practicing, Mind mapping and visualization, Online courses and tutorials","Books, Online documents, YouTube videos",No,Private life problems,Pressure,Lack of time,Lack of previous knowledge or experience in the field,Not having a good (powerful) computer,Teachers' teaching method,Lack of previous knowledge or experience in the field,Teaching language,"Guergour, thabet, dib, w abdou jirani, nahkiw mashi n9raw ( w mouchaal lol)",3.0,No,4.0,4.0,You do not care about,8 hours or more,3.0,7.0,8.0,7.0,7.0,Bad quality of internet,You do not care about,3,2.0,Very High,15.0,16.0,Moderate,Very High,Moderate,High,Low,Moderate,Low,Moderate,Moderate,Very Low,Very Low,Low,Moderate,Moderate,Very High,High,Very High,Very High,Very High,High,High,High,High,Very High,High,High,High,1,2,0,1,1,0,1,2,0,5,4,2,1,3,6,1,7,1,0,2,1,0,3,11,1,3,1,0,1,2,1,1,2,4,4,1,2,2,2,0,2,2,2,0,0,0,0,3,0,0,0,6.075346031088684,1.3862943611198906,1.6094379124341003,1.6094379124341003,1.3862943611198906,2.0794415416798357,2.1972245773362196,2.0794415416798357,2.0794415416798357,1.3862943611198906,1.0986122886681098,2.772588722239781,2.833213344056216,0.6931471805599453,1.0986122886681098,0.0,0.6931471805599453,0.6931471805599453,0.0,0.6931471805599453,1.0986122886681098,0.0,1.791759469228055,1.6094379124341003,1.0986122886681098,0.6931471805599453,1.3862943611198906,1.9459101490553132,0.6931471805599453,2.0794415416798357,0.6931471805599453,0.0,1.0986122886681098,0.6931471805599453,0.0,1.3862943611198906,2.4849066497880004,0.6931471805599453,1.3862943611198906,0.6931471805599453,0.0,0.6931471805599453,1.0986122886681098,0.6931471805599453,0.6931471805599453,1.0986122886681098,1.6094379124341003,1.6094379124341003,0.6931471805599453,1.0986122886681098,1.0986122886681098,1.0986122886681098,0.0,1.0986122886681098,1.0986122886681098,1.0986122886681098,0.0,0.0,0.0,0.0,1.3862943611198906,0.0,0.0,0.0
439,Female,Third year,Technical maths,10-17,At home,Alone,"Learning by practicing, Project-based learning, Mind mapping and visualization","Online tutorials, Online documents",No,Pressure,Private life problems,Lack of previous knowledge or experience in the field,Lack of previous knowledge or experience in the field,Not having a good (powerful) computer,Teachers' teaching method,Bad quality of internet,Teaching language,"Guergour, thabet, dib, w abdou jirani, nahkiw mashi n9raw ( w mouchaal lol)",3.0,No,4.0,4.0,You do not care about,8 hours or more,3.0,9.0,8.0,7.0,5.0,Lack of time,You do not care about,3,2.0,Moderate,9.0,10.0,Moderate,Moderate,Moderate,High,Low,Moderate,Low,Moderate,Moderate,Very Low,Very Low,Low,Moderate,Moderate,Moderate,Moderate,Moderate,Moderate,Moderate,Moderate,Low,Moderate,Low,Moderate,Moderate,Moderate,High,0,2,2,0,0,0,5,23,0,4,5,1,1,3,6,0,7,1,0,2,1,2,3,10,1,2,1,0,1,2,1,1,2,4,4,1,2,2,1,1,1,1,1,2,1,2,1,2,1,2,0,6.0867747269123065,1.3862943611198906,1.6094379124341003,1.6094379124341003,1.3862943611198906,2.302585092994046,2.1972245773362196,2.0794415416798357,1.791759469228055,1.3862943611198906,1.0986122886681098,2.302585092994046,2.3978952727983707,0.0,1.0986122886681098,1.0986122886681098,0.0,0.0,0.0,1.791759469228055,3.1780538303479458,0.0,1.6094379124341003,1.791759469228055,0.6931471805599453,0.6931471805599453,1.3862943611198906,1.9459101490553132,0.0,2.0794415416798357,0.6931471805599453,0.0,1.0986122886681098,0.6931471805599453,1.0986122886681098,1.3862943611198906,2.3978952727983707,0.6931471805599453,1.0986122886681098,0.6931471805599453,0.0,0.6931471805599453,1.0986122886681098,0.6931471805599453,0.6931471805599453,1.0986122886681098,1.6094379124341003,1.6094379124341003,0.6931471805599453,1.0986122886681098,1.0986122886681098,0.6931471805599453,0.6931471805599453,0.6931471805599453,0.6931471805599453,0.6931471805599453,1.0986122886681098,0.6931471805599453,1.0986122886681098,0.6931471805599453,1.0986122886681098,0.6931471805599453,1.0986122886681098,0.0
440,Female,Third year,Mathematics,10-17,In your room (dorms),Alone,"Lectures, Learning by practicing, Project-based learning, Mind mapping and visualization","Online documents, YouTube videos",No,Pressure,Private life problems,Lack of time,Lack of previous knowledge or experience in the field,Lack of previous knowledge or experience in the field,Teachers' teaching method,Not having a good (powerful) computer,Teaching language,"Guergour, thabet, dib, w abdou jirani, nahkiw mashi n9raw ( w mouchaal lol)",3.0,Yes,4.0,4.0,You do not care about,8 hours or more,3.0,8.0,8.0,7.0,7.0,Bad quality of internet,You do not care about,3,2.0,High,12.0,13.0,Moderate,High,Moderate,High,Low,Moderate,Low,Moderate,Moderate,Very Low,Very Low,Low,Moderate,Moderate,Very High,High,Moderate,Moderate,Moderate,High,Low,High,High,High,High,High,High,0,2,0,0,2,0,27,17,0,4,5,2,1,1,6,3,7,1,1,2,1,0,3,9,1,0,1,0,1,2,1,1,2,4,4,1,2,2,2,0,1,1,1,0,1,0,0,0,0,0,0,6.089044875446846,1.3862943611198906,1.6094379124341003,1.6094379124341003,1.3862943611198906,2.1972245773362196,2.1972245773362196,2.0794415416798357,2.0794415416798357,1.3862943611198906,1.0986122886681098,2.5649493574615367,2.6390573296152584,0.0,1.0986122886681098,0.0,0.0,1.0986122886681098,0.0,3.332204510175204,2.8903717578961645,0.0,1.6094379124341003,1.791759469228055,1.0986122886681098,0.6931471805599453,0.6931471805599453,1.9459101490553132,1.3862943611198906,2.0794415416798357,0.6931471805599453,0.6931471805599453,1.0986122886681098,0.6931471805599453,0.0,1.3862943611198906,2.302585092994046,0.6931471805599453,0.0,0.6931471805599453,0.0,0.6931471805599453,1.0986122886681098,0.6931471805599453,0.6931471805599453,1.0986122886681098,1.6094379124341003,1.6094379124341003,0.6931471805599453,1.0986122886681098,1.0986122886681098,1.0986122886681098,0.0,0.6931471805599453,0.6931471805599453,0.6931471805599453,0.0,0.6931471805599453,0.0,0.0,0.0,0.0,0.0,0.0
441,Male,Third year,Mathematics,10-17,In the school's library,Alone,"Learning by practicing, Project-based learning, Online courses and tutorials","Online tutorials, YouTube videos",No,Teachers' teaching method,Private life problems,Bad quality of internet,Lack of previous knowledge or experience in the field,Lack of previous knowledge or experience in the field,Lack of time,Teaching language,Pressure,"Guergour, thabet, dib, w abdou jirani, nahkiw mashi n9raw ( w mouchaal lol)",3.0,Yes,3.0,3.0,You do not care about,8 hours or more,5.0,8.0,8.0,8.0,2.0,Not having a good (powerful) computer,You do not care about,3,2.0,High,13.0,13.0,Moderate,High,Moderate,High,Low,Moderate,Low,Moderate,Moderate,Very Low,Very Low,Low,Moderate,Moderate,High,Very High,Moderate,Moderate,Moderate,Moderate,Moderate,High,High,High,High,High,High,1,2,0,0,1,0,7,25,0,6,5,0,1,1,2,7,4,1,1,2,1,3,3,9,1,0,1,0,1,2,1,1,2,4,4,1,2,2,0,2,1,1,1,2,2,0,0,0,0,0,0,6.091309882077698,1.3862943611198906,1.3862943611198906,1.3862943611198906,1.791759469228055,2.1972245773362196,2.1972245773362196,2.1972245773362196,1.0986122886681098,1.3862943611198906,1.0986122886681098,2.6390573296152584,2.6390573296152584,0.6931471805599453,1.0986122886681098,0.0,0.0,0.6931471805599453,0.0,2.0794415416798357,3.258096538021482,0.0,1.9459101490553132,1.791759469228055,0.0,0.6931471805599453,0.6931471805599453,1.0986122886681098,2.0794415416798357,1.6094379124341003,0.6931471805599453,0.6931471805599453,1.0986122886681098,0.6931471805599453,1.3862943611198906,1.3862943611198906,2.302585092994046,0.6931471805599453,0.0,0.6931471805599453,0.0,0.6931471805599453,1.0986122886681098,0.6931471805599453,0.6931471805599453,1.0986122886681098,1.6094379124341003,1.6094379124341003,0.6931471805599453,1.0986122886681098,1.0986122886681098,0.0,1.0986122886681098,0.6931471805599453,0.6931471805599453,0.6931471805599453,1.0986122886681098,1.0986122886681098,0.0,0.0,0.0,0.0,0.0,0.0
444,Female,Third year,Technical maths,26-33,In the school's library,Alone,"Lectures, Learning by practicing, Mind mapping and visualization, Interactive workshops","Books, Online tutorials, Online documents",Yes,Lack of previous knowledge or experience in the field,Teachers' teaching method,Bad quality of internet,Lack of previous knowledge or experience in the field,Pressure,Teaching language,Not having a good (powerful) computer,Private life problems,"Guergour, thabet, dib, w abdou jirani, nahkiw mashi n9raw ( w mouchaal lol)",3.0,Yes,4.0,5.0,You do not care about,5-7 hours,4.0,8.0,8.0,7.0,8.0,Lack of time,You do not care about,3,2.0,High,11.0,11.0,Moderate,High,Moderate,High,Low,Moderate,Low,Moderate,Moderate,Very Low,Very Low,Low,Moderate,Moderate,High,Moderate,Moderate,Moderate,Moderate,Moderate,Low,Moderate,Moderate,High,High,Moderate,High,0,2,2,2,1,0,21,4,1,1,6,0,1,4,7,3,5,1,1,2,0,2,3,9,1,0,1,0,1,2,1,1,2,4,4,1,2,2,0,1,1,1,1,2,1,2,2,0,0,2,0,6.09807428216624,1.3862943611198906,1.6094379124341003,1.791759469228055,1.6094379124341003,2.1972245773362196,2.1972245773362196,2.0794415416798357,2.1972245773362196,1.3862943611198906,1.0986122886681098,2.4849066497880004,2.4849066497880004,0.0,1.0986122886681098,1.0986122886681098,1.0986122886681098,0.6931471805599453,0.0,3.091042453358316,1.6094379124341003,0.6931471805599453,0.6931471805599453,1.9459101490553132,0.0,0.6931471805599453,1.6094379124341003,2.0794415416798357,1.3862943611198906,1.791759469228055,0.6931471805599453,0.6931471805599453,1.0986122886681098,0.0,1.0986122886681098,1.3862943611198906,2.302585092994046,0.6931471805599453,0.0,0.6931471805599453,0.0,0.6931471805599453,1.0986122886681098,0.6931471805599453,0.6931471805599453,1.0986122886681098,1.6094379124341003,1.6094379124341003,0.6931471805599453,1.0986122886681098,1.0986122886681098,0.0,0.6931471805599453,0.6931471805599453,0.6931471805599453,0.6931471805599453,1.0986122886681098,0.6931471805599453,1.0986122886681098,1.0986122886681098,0.0,0.0,1.0986122886681098,0.0
445,Female,Third year,Mathematics,10-17,In the school's library,In peer,"Lectures, Mind mapping and visualization, Online courses and tutorials","Books, Online tutorials, Online documents",Yes,Private life problems,Teachers' teaching method,Pressure,Lack of previous knowledge or experience in the field,Lack of time,Not having a good (powerful) computer,Lack of previous knowledge or experience in the field,Teaching language,"Guergour, thabet, dib, w abdou jirani, nahkiw mashi n9raw ( w mouchaal lol)",2.0,Yes,3.0,3.0,You do not care about,5-7 hours,2.0,10.0,8.0,8.0,7.0,Bad quality of internet,You do not care about,3,2.0,Moderate,12.0,11.0,Moderate,Moderate,Moderate,High,Low,Moderate,Low,Moderate,Moderate,Very Low,Very Low,Low,Moderate,Moderate,High,High,Moderate,Moderate,Moderate,Moderate,Low,Moderate,High,High,High,High,High,0,2,0,0,1,1,30,4,1,5,6,4,1,2,3,1,7,1,1,2,0,0,3,10,1,2,1,0,1,2,1,1,2,4,4,1,2,2,0,0,1,1,1,2,1,2,0,0,0,0,0,6.100318952020064,1.0986122886681098,1.3862943611198906,1.3862943611198906,1.0986122886681098,2.3978952727983707,2.1972245773362196,2.1972245773362196,2.0794415416798357,1.3862943611198906,1.0986122886681098,2.5649493574615367,2.4849066497880004,0.0,1.0986122886681098,0.0,0.0,0.6931471805599453,0.6931471805599453,3.4339872044851463,1.6094379124341003,0.6931471805599453,1.791759469228055,1.9459101490553132,1.6094379124341003,0.6931471805599453,1.0986122886681098,1.3862943611198906,0.6931471805599453,2.0794415416798357,0.6931471805599453,0.6931471805599453,1.0986122886681098,0.0,0.0,1.3862943611198906,2.3978952727983707,0.6931471805599453,1.0986122886681098,0.6931471805599453,0.0,0.6931471805599453,1.0986122886681098,0.6931471805599453,0.6931471805599453,1.0986122886681098,1.6094379124341003,1.6094379124341003,0.6931471805599453,1.0986122886681098,1.0986122886681098,0.0,0.0,0.6931471805599453,0.6931471805599453,0.6931471805599453,1.0986122886681098,0.6931471805599453,1.0986122886681098,0.0,0.0,0.0,0.0,0.0
446,Male,Third year,Mathematics,10-17,In your room (dorms),Alone,"Learning by practicing, Project-based learning, Online courses and tutorials","Online tutorials, YouTube videos",No,Bad quality of internet,Teachers' teaching method,Pressure,Lack of previous knowledge or experience in the field,Lack of time,Teaching language,Pressure,Pressure,"Guergour, thabet, dib, w abdou jirani, nahkiw mashi n9raw ( w mouchaal lol)",2.0,Yes,4.0,5.0,You do not care about,8 hours or more,3.0,6.0,8.0,7.0,7.0,Lack of previous knowledge or experience in the field,You do not care about,3,2.0,High,12.0,12.0,Moderate,Moderate,Moderate,High,Low,Moderate,Low,Moderate,Moderate,Very Low,Very Low,Low,Moderate,Moderate,High,Moderate,High,Moderate,Moderate,High,Moderate,High,High,High,High,High,High,1,2,0,0,2,0,7,25,0,0,6,4,1,2,7,4,4,1,1,2,1,1,3,9,1,2,1,0,1,2,1,1,2,4,4,1,2,2,0,1,0,1,1,0,2,0,0,0,0,0,0,6.102558594613569,1.0986122886681098,1.6094379124341003,1.791759469228055,1.3862943611198906,1.9459101490553132,2.1972245773362196,2.0794415416798357,2.0794415416798357,1.3862943611198906,1.0986122886681098,2.5649493574615367,2.5649493574615367,0.6931471805599453,1.0986122886681098,0.0,0.0,1.0986122886681098,0.0,2.0794415416798357,3.258096538021482,0.0,0.0,1.9459101490553132,1.6094379124341003,0.6931471805599453,1.0986122886681098,2.0794415416798357,1.6094379124341003,1.6094379124341003,0.6931471805599453,0.6931471805599453,1.0986122886681098,0.6931471805599453,0.6931471805599453,1.3862943611198906,2.302585092994046,0.6931471805599453,1.0986122886681098,0.6931471805599453,0.0,0.6931471805599453,1.0986122886681098,0.6931471805599453,0.6931471805599453,1.0986122886681098,1.6094379124341003,1.6094379124341003,0.6931471805599453,1.0986122886681098,1.0986122886681098,0.0,0.6931471805599453,0.0,0.6931471805599453,0.6931471805599453,0.0,1.0986122886681098,0.0,0.0,0.0,0.0,0.0,0.0
456,Male,Third year,Mathematics,10-17,In your room (dorms),Alone,"Learning by practicing, Project-based learning","Books, Online tutorials",No,Lack of previous knowledge or experience in the field,Lack of time,Teachers' teaching method,Lack of previous knowledge or experience in the field,Private life problems,Bad quality of internet,Teaching language,Not having a good (powerful) computer,"Guergour, thabet, dib, w abdou jirani, nahkiw mashi n9raw ( w mouchaal lol)",3.0,No,3.0,4.0,You do not care about,5-7 hours,4.0,7.0,9.0,9.0,7.0,Pressure,Positively,3,2.0,High,14.0,14.0,Moderate,High,Moderate,High,Low,Moderate,Low,Moderate,Moderate,Very Low,Very Low,Low,Moderate,Moderate,High,High,Very High,High,High,High,High,High,Very High,Very High,Very High,High,High,1,2,0,0,2,0,3,3,0,1,2,6,1,5,0,7,3,1,0,2,0,4,1,9,1,0,1,0,1,2,1,1,2,4,4,1,2,2,0,0,2,0,0,0,0,0,3,3,2,0,0,6.124683390894205,1.3862943611198906,1.3862943611198906,1.6094379124341003,1.6094379124341003,2.0794415416798357,2.302585092994046,2.302585092994046,2.0794415416798357,1.3862943611198906,1.0986122886681098,2.70805020110221,2.70805020110221,0.6931471805599453,1.0986122886681098,0.0,0.0,1.0986122886681098,0.0,1.3862943611198906,1.3862943611198906,0.0,0.6931471805599453,1.0986122886681098,1.9459101490553132,0.6931471805599453,1.791759469228055,0.0,2.0794415416798357,1.3862943611198906,0.6931471805599453,0.0,1.0986122886681098,0.0,1.6094379124341003,0.6931471805599453,2.302585092994046,0.6931471805599453,0.0,0.6931471805599453,0.0,0.6931471805599453,1.0986122886681098,0.6931471805599453,0.6931471805599453,1.0986122886681098,1.6094379124341003,1.6094379124341003,0.6931471805599453,1.0986122886681098,1.0986122886681098,0.0,0.0,1.0986122886681098,0.0,0.0,0.0,0.0,0.0,1.3862943611198906,1.3862943611198906,1.0986122886681098,0.0,0.0
475,Male,Third year,Mathematics,10-17,In your room (dorms),Alone,"Learning by practicing, Mind mapping and visualization, Online courses and tutorials","Books, Online tutorials, YouTube videos",No,Pressure,Teachers' teaching method,Lack of time,Lack of previous knowledge or experience in the field,Lack of time,Lack of previous knowledge or experience in the field,Teaching language,Private life problems,"Guergour, thabet, dib, w abdou jirani, nahkiw mashi n9raw ( w mouchaal lol)",3.0,Yes,5.0,5.0,You do not care about,5-7 hours,3.0,9.0,10.0,10.0,6.0,Bad quality of internet,You do not care about,3,2.0,High,14.0,14.0,Moderate,High,Moderate,Very High,Low,Moderate,Low,Moderate,Moderate,Very Low,Very Low,Low,Moderate,Moderate,High,High,Very High,Very High,High,High,High,Moderate,High,Very High,Very High,High,High,1,2,0,0,2,0,1,6,0,4,6,2,1,2,1,7,5,1,1,2,0,0,3,9,1,0,1,2,1,2,1,1,2,4,4,1,2,2,0,0,2,2,0,0,0,2,0,3,2,0,0,6.16541785423142,1.3862943611198906,1.791759469228055,1.791759469228055,1.3862943611198906,2.302585092994046,2.3978952727983707,2.3978952727983707,1.9459101490553132,1.3862943611198906,1.0986122886681098,2.70805020110221,2.70805020110221,0.6931471805599453,1.0986122886681098,0.0,0.0,1.0986122886681098,0.0,0.6931471805599453,1.9459101490553132,0.0,1.6094379124341003,1.9459101490553132,1.0986122886681098,0.6931471805599453,1.0986122886681098,0.6931471805599453,2.0794415416798357,1.791759469228055,0.6931471805599453,0.6931471805599453,1.0986122886681098,0.0,0.0,1.3862943611198906,2.302585092994046,0.6931471805599453,0.0,0.6931471805599453,1.0986122886681098,0.6931471805599453,1.0986122886681098,0.6931471805599453,0.6931471805599453,1.0986122886681098,1.6094379124341003,1.6094379124341003,0.6931471805599453,1.0986122886681098,1.0986122886681098,0.0,0.0,1.0986122886681098,1.0986122886681098,0.0,0.0,0.0,1.0986122886681098,0.0,1.3862943611198906,1.0986122886681098,0.0,0.0
