record_id,what is your gender,in which year of your studies are you currently enrolled,what was your bac specialty,how many hours per week do you spend studying personnal efforts,where do you prefer to study,you prefer to study,what learning methods do help you understand better,what types of resources do you use most,do you use a planer or a schedule in your revisions,for the next 8 questions you will have a list of problems obstacles classify them according to how much they influence your studies 1 first,2 second,3 third,4 fourth,5 fifth,6 sixth,7 seventh,8 eighth,other problems that you face,rate your satisfaction with the school s program,do you engage in any external activities not related to the study field,your level of motivation for joining ensia,how much do you like the field of artificial intelligence,how do other s feedback influence you,how many hours do you sleep,how well do you handle stress and pressure,in a scale of 1 to 10 how do you rate your level in the following fields 1 english,2 programming,3 computer science,4 mathematics,4 forth,how do others feedbacks influence you,year_ordinal,inferred_year_from_grades,1y average s1,1y average s2,1y average,1y foundational mathematics,1y dsa1,1y digital systems,1y information technology essentials,1y english 1,1y cpsct,1y oop,1y introduction to linux,1y linear algebra,1y mathematical analysis 1,1y introduction to statistics,1y english 2,1y intensive english,1y seminar,1y analysis i,1y algebra,1y a com i,1y intro prog c,1y analysis ii,1y a com ii,1y proba stat,2y average s1,2y average s2,2y average,2y dsa 2,2y logic,2y mathematical analysis 2,2y databases,2y probability,2y web development,2y introduction to business,2y theory of computing,2y operating systems,2y computer architecture,2y statistical inference,2y introduction to ai,2y mathematical analysis 3,2y electronic circuits labs,2y analysis iii,2y dsa,2y archi 1,2y complexity,2y proba stat ii,2y lin alg ii,2y intro ai,2y oper res,2y archi ii,2y oper syst,2y soft eng,2y web prog,2y intro busin
1,Male,Second year,Technical maths,10-17,At home,Alone,Learning by practicing;Project-based learning;Online courses and tutorials,Books;YouTube videos,No,Lack of previous knowledge or experience in the field,Pressure,Lack of time,Teachers' teaching method,Bad quality of internet,Not having a good (powerful) computer,Private life problems,Teaching language,Lack of motivation,3.0,Yes,4.0,5.0,You do not care about,8 hours or more,2.0,7.0,8.0,6.0,4.0,Lack of previous knowledge or experience in the field,You do not care about,2,1.0,11.0,8.0,9.0,Moderate,Moderate,Low,Moderate,Moderate,Moderate,Moderate,Low,Moderate,Moderate,Low,Moderate,High,High,High,Moderate,High,Low,High,High,Low,10.0,9.0,10.0,Moderate,Moderate,Moderate,Moderate,Low,High,Moderate,Moderate,Low,Low,Low,Low,Moderate,Moderate,High,High,Moderate,Moderate,Moderate,Moderate,Low,Low,Moderate,Moderate,Moderate,Moderate,High
2,Female,Second year,Mathematics,18-25,In the school's library,Alone,Online courses and tutorials,YouTube videos,Yes,Teachers' teaching method,Pressure,Lack of time,Teaching language,Lack of previous knowledge or experience in the field,Private life problems,Bad quality of internet,Not having a good (powerful) computer,Lack of motivation,1.0,Yes,2.0,2.0,You do not care about,5-7 hours,1.0,5.0,5.0,3.0,9.0,Lack of previous knowledge or experience in the field,You do not care about,2,1.0,10.0,10.0,10.0,High,High,Low,Low,Moderate,High,High,Low,Very High,Very High,High,Moderate,High,High,High,Moderate,High,Low,High,High,Low,10.0,9.0,10.0,Moderate,Moderate,Moderate,Moderate,Low,High,Moderate,Moderate,Low,Low,Low,Low,Moderate,Moderate,High,High,Moderate,Moderate,Moderate,Moderate,Low,Low,Moderate,Moderate,Moderate,Moderate,High
3,Female,Second year,Technical maths,10-17,In your room (dorms),Alone,Learning by practicing;Mind mapping and visualization;Interactive workshops;Online courses and tutorials,Online tutorials;Online documents;YouTube videos,Yes,Lack of previous knowledge or experience in the field,Pressure,Lack of time,Teachers' teaching method,Bad quality of internet,Teaching language,Private life problems,Bad quality of internet,Lack of motivation,3.0,Yes,3.0,4.0,Negatively,5-7 hours,4.0,6.0,4.0,5.0,7.0,Lack of previous knowledge or experience in the field,You do not care about,2,1.0,10.0,11.0,10.0,High,High,Low,Low,Moderate,High,High,Low,Very High,Very High,High,Moderate,High,High,High,Moderate,High,Low,High,High,Low,10.0,9.0,10.0,Moderate,Moderate,Moderate,Moderate,Low,High,Moderate,Moderate,Low,Low,Low,Low,Moderate,Moderate,High,High,Moderate,Moderate,Moderate,Moderate,Low,Low,Moderate,Moderate,Moderate,Moderate,High
4,Male,Second year,Mathematics,10-17,In the school's library,With a group,Online courses and tutorials,Online tutorials;YouTube videos,No,Teachers' teaching method,Lack of time,Pressure,Lack of previous knowledge or experience in the field,Private life problems,Bad quality of internet,Private life problems,Not having a good (powerful) computer,Lack of motivation,3.0,Yes,5.0,5.0,Positively,8 hours or more,3.0,8.0,8.0,8.0,7.0,Lack of previous knowledge or experience in the field,You do not care about,2,2.0,11.0,9.0,10.0,Moderate,High,Moderate,High,High,Moderate,High,Low,Low,Moderate,High,High,High,High,High,Moderate,High,Low,High,High,Low,10.0,9.0,10.0,Moderate,Moderate,Moderate,Moderate,Low,High,Moderate,Moderate,Low,Low,Low,Low,Moderate,Moderate,High,High,Moderate,Moderate,Moderate,Moderate,Low,Low,Moderate,Moderate,Moderate,Moderate,High
5,Male,Second year,Science,10-17,In the school's library,Alone,Online courses and tutorials,Online tutorials;YouTube videos,No,Lack of previous knowledge or experience in the field,Lack of time,Teachers' teaching method,Pressure,Private life problems,Not having a good (powerful) computer,Teaching language,Bad quality of internet,Lack of motivation,3.0,Yes,5.0,4.0,Negatively,5-7 hours,3.0,7.0,6.0,6.0,2.0,Lack of previous knowledge or experience in the field,You do not care about,2,1.0,11.0,9.0,10.0,Moderate,High,Moderate,High,High,Moderate,Moderate,Moderate,Low,Low,Moderate,High,High,High,High,Moderate,High,Low,High,High,Low,10.0,9.0,10.0,Moderate,Moderate,Moderate,Moderate,Low,High,Moderate,Moderate,Low,Low,Low,Low,Moderate,Moderate,High,High,Moderate,Moderate,Moderate,Moderate,Low,Low,Moderate,Moderate,Moderate,Moderate,High
6,Female,Third year,Mathematics,10-17,In the school's library,Alone,Learning by practicing;Project-based learning;Online courses and tutorials,Online tutorials;Online documents;YouTube videos,Yes,Pressure,Lack of time,Lack of previous knowledge or experience in the field,Teachers' teaching method,Private life problems,Bad quality of internet,Not having a good (powerful) computer,Teaching language,"Guergour, thabet, dib, w abdou jirani, nahkiw mashi n9raw ( w mouchaal lol)",3.0,No,4.0,5.0,Positively,8 hours or more,3.0,7.0,7.0,5.0,3.0,Bad quality of internet,You do not care about,3,2.0,11.0,10.0,10.0,Moderate,Moderate,Moderate,High,High,Moderate,High,Moderate,Low,Moderate,Low,High,High,High,High,Moderate,High,Low,High,High,Low,10.0,9.0,10.0,Moderate,Moderate,Moderate,Moderate,Low,High,Moderate,Moderate,Low,Low,Low,Low,Moderate,Moderate,High,High,Moderate,Moderate,Moderate,Moderate,Low,Low,Moderate,Moderate,Moderate,Moderate,High
7,Female,Second year,Science,18-25,In your room (dorms),Alone,"Lectures, Learning by practicing, Mind mapping and visualization","Books, Online tutorials, YouTube videos",No,Teaching language,Pressure,Lack of previous knowledge or experience in the field,Lack of previous knowledge or experience in the field,Teachers' teaching method,Bad quality of internet,Not having a good (powerful) computer,Private life problems,Lack of motivation,2.0,No,4.0,5.0,You do not care about,5-7 hours,5.0,6.0,3.0,2.0,5.0,Lack of time,Negatively,2,1.0,12.0,8.0,10.0,Moderate,Moderate,Moderate,High,High,High,Moderate,Moderate,Low,Moderate,Low,High,High,High,High,Moderate,High,Low,High,High,Low,10.0,9.0,10.0,Moderate,Moderate,Moderate,Moderate,Low,High,Moderate,Moderate,Low,Low,Low,Low,Moderate,Moderate,High,High,Moderate,Moderate,Moderate,Moderate,Low,Low,Moderate,Moderate,Moderate,Moderate,High
8,Male,Second year,Technical maths,10-17,In your room (dorms),Alone,Online courses and tutorials,YouTube videos,No,Bad quality of internet,Pressure,Not having a good (powerful) computer,Private life problems,Teaching language,Teachers' teaching method,Lack of time,Lack of previous knowledge or experience in the field,Lack of motivation,2.0,Yes,2.0,2.0,Negatively,5-7 hours,1.0,6.0,3.0,5.0,2.0,Lack of previous knowledge or experience in the field,You do not care about,2,1.0,12.0,9.0,10.0,Moderate,Moderate,High,High,High,High,Low,Moderate,Low,Very Low,Moderate,Moderate,High,High,High,Moderate,High,Low,High,High,Low,10.0,9.0,10.0,Moderate,Moderate,Moderate,Moderate,Low,High,Moderate,Moderate,Low,Low,Low,Low,Moderate,Moderate,High,High,Moderate,Moderate,Moderate,Moderate,Low,Low,Moderate,Moderate,Moderate,Moderate,High
9,Female,Second year,Technical maths,10-17,In your room (dorms),Alone,Lectures,YouTube videos,No,Pressure,Lack of time,Lack of previous knowledge or experience in the field,Not having a good (powerful) computer,Teachers' teaching method,Bad quality of internet,Teaching language,Private life problems,Lack of motivation,2.0,No,2.0,2.0,Negatively,8 hours or more,4.0,8.0,5.0,5.0,6.0,Lack of previous knowledge or experience in the field,You do not care about,2,1.0,12.0,9.0,10.0,Very High,Moderate,Moderate,Moderate,High,High,Moderate,High,Low,Low,Moderate,High,High,High,High,Moderate,High,Low,High,High,Low,10.0,9.0,10.0,Moderate,Moderate,Moderate,Moderate,Low,High,Moderate,Moderate,Low,Low,Low,Low,Moderate,Moderate,High,High,Moderate,Moderate,Moderate,Moderate,Low,Low,Moderate,Moderate,Moderate,Moderate,High
10,Female,Second year,Science,34-41,In the school's library,Alone,"Learning by practicing, Online courses and tutorials","Online tutorials, Online documents, YouTube videos",Yes,Lack of time,Teachers' teaching method,Lack of previous knowledge or experience in the field,Lack of previous knowledge or experience in the field,Bad quality of internet,Not having a good (powerful) computer,Teaching language,Private life problems,Lack of motivation,3.0,No,4.0,5.0,You do not care about,4 hours or less,3.0,8.0,7.0,8.0,8.0,Pressure,You do not care about,2,1.0,13.0,8.0,10.0,Very High,Moderate,Moderate,Moderate,High,High,Low,High,Moderate,Low,Moderate,High,High,High,High,Moderate,Moderate,Low,Moderate,High,Moderate,10.0,9.0,10.0,Moderate,Moderate,Moderate,Moderate,Low,High,Moderate,Moderate,Low,Low,Low,Low,Moderate,Moderate,High,High,Moderate,Moderate,Moderate,Moderate,Low,Low,Moderate,Moderate,Moderate,Moderate,High
11,Female,Second year,Mathematics,More than 41 hours,In the school's library,In peer,"Learning by practicing, Mind mapping and visualization, Online courses and tutorials","Online tutorials, Online documents, YouTube videos",No,Teachers' teaching method,Pressure,Lack of time,Lack of previous knowledge or experience in the field,Bad quality of internet,Not having a good (powerful) computer,Private life problems,Not having a good (powerful) computer,Lack of motivation,2.0,No,5.0,4.0,You do not care about,5-7 hours,2.0,7.0,4.0,4.0,6.0,Lack of previous knowledge or experience in the field,You do not care about,2,1.0,13.0,9.0,10.0,Very High,Moderate,Moderate,Moderate,High,High,Moderate,High,Low,Low,Moderate,High,Very High,High,High,Moderate,Moderate,Moderate,Moderate,High,Very Low,10.0,9.0,10.0,Moderate,Moderate,Moderate,Moderate,Low,High,Moderate,Moderate,Low,Low,Low,Low,Moderate,Moderate,High,High,Moderate,Moderate,Moderate,Moderate,Low,Low,Moderate,Moderate,Moderate,Moderate,High
12,Male,Second year,Mathematics,10-17,In the school's library,In peer,Lectures,Online tutorials;YouTube videos,No,Teaching language,Pressure,Lack of previous knowledge or experience in the field,Teachers' teaching method,Lack of time,Private life problems,Not having a good (powerful) computer,Private life problems,.,2.0,Yes,3.0,4.0,You do not care about,5-7 hours,5.0,8.0,6.0,6.0,6.0,Lack of previous knowledge or experience in the field,You do not care about,2,2.0,13.0,9.0,10.0,Moderate,Low,Low,High,High,Moderate,Moderate,High,Moderate,High,Moderate,High,Very High,High,High,Moderate,Moderate,Moderate,Moderate,High,Very Low,10.0,9.0,10.0,Moderate,Moderate,Moderate,Moderate,Low,High,Moderate,Moderate,Low,Low,Low,Low,Moderate,Moderate,High,High,Moderate,Moderate,Moderate,Moderate,Low,Low,Moderate,Moderate,Moderate,Moderate,High
13,Female,Second year,Science,10-17,In your room (dorms),In peer,Lectures;Learning by practicing;Online courses and tutorials,Books;Online documents,No,Pressure,Lack of time,Teachers' teaching method,Private life problems,Bad quality of internet,Lack of previous knowledge or experience in the field,Teachers' teaching method,Not having a good (powerful) computer,Lack of motivation,3.0,No,4.0,4.0,Negatively,5-7 hours,3.0,8.0,5.0,6.0,6.0,Lack of previous knowledge or experience in the field,You do not care about,2,1.0,10.0,12.0,11.0,Moderate,High,Moderate,Moderate,High,Moderate,High,High,Very Low,Low,Low,High,Very High,High,High,Moderate,Moderate,Moderate,Moderate,High,Very Low,10.0,9.0,10.0,Moderate,Moderate,Moderate,Moderate,Low,High,Moderate,Moderate,Low,Low,Low,Low,Moderate,Moderate,High,High,Moderate,Moderate,Moderate,Moderate,Low,Low,Moderate,Moderate,Moderate,Moderate,High
14,Male,Second year,Mathematics,More than 41 hours,In the dorms' library,Alone,"Learning by practicing, Online courses and tutorials","Online tutorials, YouTube videos",No,Teachers' teaching method,Teaching language,Pressure,Lack of previous knowledge or experience in the field,Lack of time,Not having a good (powerful) computer,Bad quality of internet,Private life problems,Lack of motivation,1.0,Yes,5.0,1.0,You do not care about,5-7 hours,1.0,4.0,8.0,7.0,9.0,Lack of previous knowledge or experience in the field,Negatively,2,1.0,11.0,10.0,11.0,Moderate,High,Moderate,Moderate,High,High,High,High,Moderate,Low,Low,High,High,Moderate,High,High,Moderate,Moderate,High,Moderate,Low,10.0,9.0,10.0,Moderate,Moderate,Moderate,Moderate,Low,High,Moderate,Moderate,Low,Low,Low,Low,Moderate,Moderate,High,High,Moderate,Moderate,Moderate,Moderate,Low,Low,Moderate,Moderate,Moderate,Moderate,High
15,Male,Third year,Mathematics,10-17,In your room (dorms),Alone,Lectures;Learning by practicing;Project-based learning;Online courses and tutorials,Online documents,Yes,Lack of time,Teachers' teaching method,Pressure,Lack of time,Lack of time,Lack of time,Lack of time,Lack of time,"Guergour, thabet, dib, w abdou jirani, nahkiw mashi n9raw ( w mouchaal lol)",2.0,Yes,2.0,5.0,You do not care about,8 hours or more,5.0,10.0,8.0,8.0,3.0,Bad quality of internet,You do not care about,3,1.0,11.0,12.0,11.0,Moderate,High,Moderate,Moderate,High,High,High,High,Moderate,Low,Low,High,High,Moderate,High,High,Moderate,Moderate,High,Moderate,Low,10.0,9.0,10.0,Moderate,Moderate,Moderate,Moderate,Low,High,Moderate,Moderate,Low,Low,Low,Low,Moderate,Moderate,High,High,Moderate,Moderate,Moderate,Moderate,Low,Low,Moderate,Moderate,Moderate,Moderate,High
16,Female,Second year,Science,26-33,In your room (dorms),Alone,Lectures;Learning by practicing;Mind mapping and visualization;Online courses and tutorials,Books;Online tutorials;Online documents;YouTube videos,Yes,Bad quality of internet,Lack of time,Teachers' teaching method,Private life problems,Pressure,Lack of previous knowledge or experience in the field,Teaching language,Not having a good (powerful) computer,Lack of motivation,3.0,Yes,4.0,5.0,Positively,8 hours or more,3.0,8.0,8.0,8.0,6.0,Lack of previous knowledge or experience in the field,You do not care about,2,1.0,12.0,10.0,11.0,Moderate,High,Low,High,High,High,Moderate,High,Low,Low,Low,High,High,Moderate,High,High,Moderate,Moderate,High,Moderate,Low,10.0,9.0,10.0,Moderate,Moderate,Moderate,Moderate,Low,High,Moderate,Moderate,Low,Low,Low,Low,Moderate,Moderate,High,High,Moderate,Moderate,Moderate,Moderate,Low,Low,Moderate,Moderate,Moderate,Moderate,High
17,Male,Second year,Science,10-17,In your room (dorms),With a group,Learning by practicing,YouTube videos,No,Private life problems,Teachers' teaching method,Lack of previous knowledge or experience in the field,Pressure,Lack of time,Bad quality of internet,Teaching language,Not having a good (powerful) computer,Lack of motivation,3.0,Yes,1.0,4.0,You do not care about,8 hours or more,5.0,8.0,3.0,3.0,7.0,Lack of previous knowledge or experience in the field,You do not care about,2,1.0,12.0,10.0,11.0,High,Moderate,Low,Moderate,High,Moderate,Moderate,Moderate,Low,Low,High,Moderate,High,Moderate,High,High,Moderate,Moderate,High,Moderate,Low,10.0,9.0,10.0,Moderate,Moderate,Moderate,Moderate,Low,High,Moderate,Moderate,Low,Low,Low,Low,Moderate,Moderate,High,High,Moderate,Moderate,Moderate,Moderate,Low,Low,Moderate,Moderate,Moderate,Moderate,High
18,Male,Third year,Mathematics,10-17,In the school's library,Alone,Learning by practicing,Books;YouTube videos,No,Private life problems,Lack of time,Teachers' teaching method,Lack of previous knowledge or experience in the field,Pressure,Teaching language,Bad quality of internet,Not having a good (powerful) computer,Nothing,3.0,Yes,5.0,4.0,You do not care about,8 hours or more,3.0,6.0,8.0,8.0,7.0,Bad quality of internet,You do not care about,3,2.0,12.0,10.0,11.0,High,Moderate,Moderate,Moderate,Low,Moderate,High,Moderate,Moderate,High,Moderate,Low,High,Moderate,High,High,Moderate,Moderate,High,Moderate,Low,10.0,9.0,10.0,Moderate,Moderate,Moderate,Moderate,Low,High,Moderate,Moderate,Low,Low,Low,Low,Moderate,Moderate,High,High,Moderate,Moderate,Moderate,Moderate,Low,Low,Moderate,Moderate,Moderate,Moderate,High
19,Female,Second year,Mathematics,18-25,In your room (dorms),Alone,"Lectures, Learning by practicing, Project-based learning, Mind mapping and visualization, Interactive workshops","Books, Online documents, YouTube videos",Yes,Lack of time,Lack of previous knowledge or experience in the field,Teachers' teaching method,Lack of previous knowledge or experience in the field,Bad quality of internet,Teaching language,Not having a good (powerful) computer,Private life problems,Lack of motivation,2.0,Yes,3.0,3.0,You do not care about,5-7 hours,4.0,6.0,5.0,3.0,3.0,Pressure,Negatively,2,1.0,12.0,10.0,11.0,High,Moderate,Moderate,Moderate,Low,Very High,Moderate,Moderate,Moderate,High,Moderate,Low,High,High,High,Moderate,Moderate,Moderate,High,High,Low,10.0,9.0,10.0,Moderate,Moderate,Moderate,Moderate,Low,High,Moderate,Moderate,Low,Low,Low,Low,Moderate,Moderate,High,High,Moderate,Moderate,Moderate,Moderate,Low,Low,Moderate,Moderate,Moderate,Moderate,High
20,Female,Second year,Mathematics,18-25,At home,Alone,Learning by practicing;Project-based learning;Mind mapping and visualization;Interactive workshops;Online courses and tutorials,Books;Online tutorials;Online documents;YouTube videos,No,Lack of time,Pressure,ما,Teachers' teaching method,Bad quality of internet,Lack of previous knowledge or experience in the field,Private life problems,Lack of previous knowledge or experience in the field,Transportation,3.0,Yes,4.0,4.0,You do not care about,5-7 hours,3.0,8.0,7.0,8.0,6.0,Lack of previous knowledge or experience in the field,You do not care about,2,1.0,12.0,10.0,11.0,Moderate,Moderate,Moderate,High,Very High,Very High,Moderate,Moderate,Moderate,Low,High,High,High,High,High,Moderate,Moderate,Moderate,High,High,Low,10.0,9.0,10.0,Moderate,Moderate,Moderate,Moderate,Low,High,Moderate,Moderate,Low,Low,Low,Low,Moderate,Moderate,High,High,Moderate,Moderate,Moderate,Moderate,Low,Low,Moderate,Moderate,Moderate,Moderate,High
21,Male,Second year,Mathematics,10-17,At home,Alone,Learning by practicing,YouTube videos,No,Teachers' teaching method,Lack of time,Lack of previous knowledge or experience in the field,Lack of previous knowledge or experience in the field,Private life problems,Teaching language,Bad quality of internet,Not having a good (powerful) computer,Lack of motivation,2.0,Yes,3.0,5.0,You do not care about,5-7 hours,2.0,7.0,5.0,5.0,3.0,Pressure,You do not care about,2,1.0,12.0,11.0,11.0,Moderate,Moderate,Moderate,High,Very High,High,High,Moderate,Moderate,Low,High,High,High,High,Very High,Moderate,Moderate,Moderate,High,High,Moderate,10.0,9.0,10.0,Moderate,Moderate,Moderate,Moderate,Low,High,Moderate,Moderate,Low,Low,Low,Low,Moderate,Moderate,High,High,Moderate,Moderate,Moderate,Moderate,Low,Low,Moderate,Moderate,Moderate,Moderate,High
22,Male,Second year,Mathematics,10-17,In your room (dorms),Alone,"Learning by practicing, Project-based learning","Online documents, YouTube videos",No,Teachers' teaching method,Lack of time,Pressure,Lack of previous knowledge or experience in the field,Lack of previous knowledge or experience in the field,Teaching language,Private life problems,Not having a good (powerful) computer,Lack of motivation,2.0,Yes,2.0,4.0,You do not care about,8 hours or more,1.0,5.0,6.0,5.0,7.0,Bad quality of internet,You do not care about,2,1.0,12.0,11.0,11.0,Moderate,Moderate,Moderate,High,Very High,High,High,Moderate,Moderate,Low,High,High,Moderate,High,High,High,Low,High,High,Moderate,Low,10.0,9.0,10.0,Moderate,Moderate,Moderate,Moderate,Low,High,Moderate,Moderate,Low,Low,Low,Low,Moderate,Moderate,High,High,Moderate,Moderate,Moderate,Moderate,Low,Low,Moderate,Moderate,Moderate,Moderate,High
23,Female,Second year,Mathematics,34-41,In the school's library,Alone,"Learning by practicing, Mind mapping and visualization, Online courses and tutorials",YouTube videos,Yes,Lack of time,Teachers' teaching method,Pressure,Lack of previous knowledge or experience in the field,Bad quality of internet,Teaching language,Not having a good (powerful) computer,Private life problems,Lack of motivation,2.0,No,5.0,5.0,You do not care about,5-7 hours,4.0,8.0,5.0,6.0,7.0,Lack of previous knowledge or experience in the field,Positively,2,1.0,12.0,11.0,11.0,Moderate,Moderate,Moderate,High,Very High,High,Moderate,Moderate,Moderate,Low,High,High,High,High,High,Moderate,High,Moderate,High,High,Low,10.0,9.0,10.0,Moderate,Moderate,Moderate,Moderate,Low,High,Moderate,Moderate,Low,Low,Low,Low,Moderate,Moderate,High,High,Moderate,Moderate,Moderate,Moderate,Low,Low,Moderate,Moderate,Moderate,Moderate,High
24,Female,Second year,Mathematics,26-33,In your room (dorms),Alone,Learning by practicing;Mind mapping and visualization,Books;Online tutorials;Online documents;YouTube videos,Yes,Pressure,Lack of time,Private life problems,Lack of previous knowledge or experience in the field,Teachers' teaching method,Bad quality of internet,Teaching language,Not having a good (powerful) computer,Trying to balence life with studies,2.0,Yes,5.0,3.0,You do not care about,5-7 hours,2.0,10.0,6.0,4.0,5.0,Lack of previous knowledge or experience in the field,You do not care about,2,1.0,12.0,11.0,11.0,Moderate,Moderate,Moderate,Moderate,Very High,High,Moderate,Moderate,Moderate,Low,Moderate,Very High,High,High,High,Moderate,High,Moderate,High,High,Low,10.0,9.0,10.0,Moderate,Moderate,Moderate,Moderate,Low,High,Moderate,Moderate,Low,Low,Low,Low,Moderate,Moderate,High,High,Moderate,Moderate,Moderate,Moderate,Low,Low,Moderate,Moderate,Moderate,Moderate,High
25,Female,Second year,Science,18-25,In your room (dorms),Alone,Learning by practicing,YouTube videos,Yes,Pressure,Lack of time,Bad quality of internet,Lack of previous knowledge or experience in the field,Teachers' teaching method,Teaching language,Not having a good (powerful) computer,Private life problems,Lack of motivation,3.0,No,4.0,4.0,You do not care about,5-7 hours,3.0,7.0,6.0,6.0,8.0,Lack of previous knowledge or experience in the field,You do not care about,2,1.0,12.0,11.0,11.0,Moderate,Moderate,Moderate,Moderate,Very High,High,Moderate,Moderate,Moderate,Low,Moderate,Very High,High,High,High,Moderate,Moderate,Low,High,High,High,10.0,9.0,10.0,Moderate,Moderate,Moderate,Moderate,Low,High,Moderate,Moderate,Low,Low,Low,Low,Moderate,Moderate,High,High,Moderate,Moderate,Moderate,Moderate,Low,Low,Moderate,Moderate,Moderate,Moderate,High
26,Female,Second year,Science,34-41,In your room (dorms),Alone,Learning by practicing,Online documents,No,Private life problems,Lack of time,Pressure,Lack of previous knowledge or experience in the field,Lack of previous knowledge or experience in the field,Bad quality of internet,Teaching language,Not having a good (powerful) computer,Lack of motivation,2.0,No,3.0,5.0,You do not care about,5-7 hours,3.0,9.0,6.0,6.0,9.0,Teachers' teaching method,Positively,2,1.0,12.0,11.0,11.0,Moderate,Moderate,Moderate,Moderate,Very High,High,Moderate,Moderate,Moderate,Low,Moderate,Very High,High,High,High,Moderate,Moderate,Moderate,Moderate,Very High,Moderate,10.0,9.0,10.0,Moderate,Moderate,Moderate,Moderate,Low,High,Moderate,Moderate,Low,Low,Low,Low,Moderate,Moderate,High,High,Moderate,Moderate,Moderate,Moderate,Low,Low,Moderate,Moderate,Moderate,Moderate,High
27,Female,Second year,Mathematics,10-17,In the school's library,In peer,Learning by practicing;Interactive workshops,YouTube videos,No,Lack of time,Pressure,Teachers' teaching method,Lack of previous knowledge or experience in the field,Bad quality of internet,Teaching language,Private life problems,Not having a good (powerful) computer,Lack of motivation,3.0,Yes,3.0,4.0,You do not care about,8 hours or more,3.0,6.0,5.0,5.0,5.0,Lack of previous knowledge or experience in the field,You do not care about,2,1.0,12.0,11.0,11.0,High,High,Moderate,High,High,Moderate,Moderate,High,Moderate,Moderate,Moderate,High,High,High,High,Moderate,Moderate,Moderate,Moderate,Very High,Moderate,10.0,9.0,10.0,Moderate,Moderate,Moderate,Moderate,Low,High,Moderate,Moderate,Low,Low,Low,Low,Moderate,Moderate,High,High,Moderate,Moderate,Moderate,Moderate,Low,Low,Moderate,Moderate,Moderate,Moderate,High
28,Female,Second year,Science,18-25,In the school's library,Alone,Mind mapping and visualization;Online courses and tutorials,Online documents;YouTube videos,Yes,Pressure,Lack of time,Lack of previous knowledge or experience in the field,Teaching language,Teaching language,Bad quality of internet,Not having a good (powerful) computer,Private life problems,Lack of motivation,2.0,Yes,3.0,5.0,You do not care about,5-7 hours,1.0,7.0,5.0,6.0,7.0,Lack of previous knowledge or experience in the field,You do not care about,2,2.0,12.0,11.0,11.0,High,High,Moderate,High,High,Moderate,Moderate,High,Moderate,Moderate,Moderate,High,High,High,High,Moderate,Moderate,Moderate,Moderate,Very High,Moderate,10.0,9.0,10.0,Moderate,Moderate,Moderate,Moderate,Low,High,Moderate,Moderate,Low,Low,Low,Low,Moderate,Moderate,High,High,Moderate,Moderate,Moderate,Moderate,Low,Low,Moderate,Moderate,Moderate,Moderate,High
29,Male,Third year,Mathematics,18-25,In your room (dorms),With a group,Lectures;Learning by practicing;Online courses and tutorials,Online tutorials;YouTube videos,No,Lack of time,Pressure,Lack of previous knowledge or experience in the field,Private life problems,Teaching language,Teachers' teaching method,Bad quality of internet,Not having a good (powerful) computer,"Guergour, thabet, dib, w abdou jirani, nahkiw mashi n9raw ( w mouchaal lol)",3.0,Yes,4.0,3.0,You do not care about,5-7 hours,2.0,6.0,6.0,6.0,7.0,Bad quality of internet,You do not care about,3,2.0,12.0,11.0,11.0,High,High,Moderate,High,High,Moderate,Moderate,High,Moderate,Moderate,Moderate,High,High,High,High,Moderate,Moderate,Moderate,Moderate,Very High,Moderate,10.0,9.0,10.0,Moderate,Moderate,Moderate,Moderate,Low,High,Moderate,Moderate,Low,Low,Low,Low,Moderate,Moderate,High,High,Moderate,Moderate,Moderate,Moderate,Low,Low,Moderate,Moderate,Moderate,Moderate,High
30,Male,Third year,Science,10-17,In your room (dorms),Alone,Lectures;Learning by practicing,Online documents;YouTube videos,No,Private life problems,Lack of previous knowledge or experience in the field,Pressure,Lack of time,Teachers' teaching method,Teaching language,Bad quality of internet,Not having a good (powerful) computer,"Guergour, thabet, dib, w abdou jirani, nahkiw mashi n9raw ( w mouchaal lol)",2.0,No,4.0,3.0,You do not care about,5-7 hours,3.0,5.0,4.0,4.0,5.0,Bad quality of internet,You do not care about,3,2.0,13.0,9.0,11.0,Moderate,Moderate,Moderate,Moderate,Moderate,High,Moderate,Moderate,Low,Moderate,Moderate,Moderate,High,High,High,Moderate,Moderate,Moderate,Moderate,Very High,Moderate,10.0,9.0,10.0,Moderate,Moderate,Moderate,Moderate,Low,High,Moderate,Moderate,Low,Low,Low,Low,Moderate,Moderate,High,High,Moderate,Moderate,Moderate,Moderate,Low,Low,Moderate,Moderate,Moderate,Moderate,High
31,Female,Second year,Science,18-25,In the school's library,Alone,"Learning by practicing, Mind mapping and visualization, Online courses and tutorials","Online documents, YouTube videos",Yes,Pressure,Lack of time,Teachers' teaching method,Lack of previous knowledge or experience in the field,Bad quality of internet,Lack of previous knowledge or experience in the field,Private life problems,Not having a good (powerful) computer,Lack of motivation,3.0,Yes,3.0,5.0,You do not care about,8 hours or more,3.0,7.0,6.0,6.0,6.0,Teaching language,You do not care about,2,1.0,13.0,9.0,11.0,Moderate,Moderate,Moderate,Moderate,Moderate,High,Low,Moderate,Moderate,Moderate,Moderate,Moderate,High,High,High,Moderate,High,Low,Moderate,High,Moderate,10.0,9.0,10.0,Moderate,Moderate,Moderate,Moderate,Low,High,Moderate,Moderate,Low,Low,Low,Low,Moderate,Moderate,High,High,Moderate,Moderate,Moderate,Moderate,Low,Low,Moderate,Moderate,Moderate,Moderate,High
32,Female,Second year,Mathematics,10-17,At home,Alone,"Lectures, Learning by practicing, Project-based learning","Books, YouTube videos",Yes,Lack of time,Pressure,Lack of previous knowledge or experience in the field,Lack of previous knowledge or experience in the field,Not having a good (powerful) computer,Bad quality of internet,Lack of time,Lack of time,Lack of motivation,3.0,No,3.0,5.0,You do not care about,8 hours or more,3.0,7.0,6.0,6.0,5.0,Private life problems,Positively,2,1.0,13.0,10.0,11.0,Moderate,Moderate,Moderate,Moderate,Moderate,High,High,Moderate,Low,Moderate,Moderate,Moderate,High,High,High,Moderate,Moderate,Moderate,High,High,Low,10.0,9.0,10.0,Moderate,Moderate,Moderate,Moderate,Low,High,Moderate,Moderate,Low,Low,Low,Low,Moderate,Moderate,High,High,Moderate,Moderate,Moderate,Moderate,Low,Low,Moderate,Moderate,Moderate,Moderate,High
33,Female,Second year,Science,18-25,In your room (dorms),Alone,"Lectures, Learning by practicing, Project-based learning, Mind mapping and visualization","Online tutorials, Online documents, YouTube videos, couses and slides sent by our teachers",Yes,Bad quality of internet,Lack of time,Pressure,Lack of previous knowledge or experience in the field,Lack of previous knowledge or experience in the field,Teaching language,Not having a good (powerful) computer,Private life problems,Lack of motivation,3.0,Yes,4.0,3.0,You do not care about,5-7 hours,2.0,8.0,7.0,8.0,6.0,Teachers' teaching method,Positively,2,1.0,13.0,10.0,11.0,Moderate,Moderate,Moderate,Moderate,Moderate,High,High,Moderate,Low,Moderate,Moderate,Moderate,High,High,High,Moderate,High,Moderate,Moderate,High,Moderate,10.0,9.0,10.0,Moderate,Moderate,Moderate,Moderate,Low,High,Moderate,Moderate,Low,Low,Low,Low,Moderate,Moderate,High,High,Moderate,Moderate,Moderate,Moderate,Low,Low,Moderate,Moderate,Moderate,Moderate,High
34,Female,Second year,Mathematics,10-17,At home,Alone,"Learning by practicing, Mind mapping and visualization, Online courses and tutorials","Online tutorials, Online documents, YouTube videos, asking friends",Yes,Private life problems,Pressure,Lack of time,Lack of previous knowledge or experience in the field,Lack of previous knowledge or experience in the field,Teachers' teaching method,Not having a good (powerful) computer,Teaching language,Lack of motivation,2.0,Yes,5.0,4.0,You do not care about,5-7 hours,1.0,7.0,5.0,3.0,4.0,Bad quality of internet,Negatively,2,1.0,13.0,10.0,11.0,Moderate,Moderate,Moderate,Moderate,Moderate,High,Moderate,Moderate,Low,Moderate,Moderate,Moderate,Very High,High,High,Moderate,High,Moderate,Moderate,Very High,Moderate,10.0,9.0,10.0,Moderate,Moderate,Moderate,Moderate,Low,High,Moderate,Moderate,Low,Low,Low,Low,Moderate,Moderate,High,High,Moderate,Moderate,Moderate,Moderate,Low,Low,Moderate,Moderate,Moderate,Moderate,High
35,Female,Second year,Science,More than 41 hours,In your room (dorms),Alone,"Learning by practicing, Mind mapping and visualization, Online courses and tutorials","Online tutorials, Online documents, YouTube videos",No,Teachers' teaching method,Lack of time,Pressure,Lack of previous knowledge or experience in the field,Lack of previous knowledge or experience in the field,Private life problems,Not having a good (powerful) computer,Teaching language,Lack of motivation,1.0,No,1.0,5.0,You do not care about,4 hours or less,1.0,10.0,6.0,7.0,8.0,Bad quality of internet,Positively,2,1.0,13.0,10.0,11.0,Moderate,Moderate,Moderate,Moderate,Moderate,High,Moderate,Moderate,Low,Moderate,Moderate,Moderate,High,High,High,Moderate,High,Moderate,High,High,Moderate,10.0,9.0,10.0,Moderate,Moderate,Moderate,Moderate,Low,High,Moderate,Moderate,Low,Low,Low,Low,Moderate,Moderate,High,High,Moderate,Moderate,Moderate,Moderate,Low,Low,Moderate,Moderate,Moderate,Moderate,High
36,Female,Second year,Science,More than 41 hours,In the school's library,Alone,"Lectures, Learning by practicing, Mind mapping and visualization","Books, Online documents, YouTube videos",Yes,Lack of previous knowledge or experience in the field,Pressure,Lack of time,Lack of previous knowledge or experience in the field,Bad quality of internet,Private life problems,Teaching language,Not having a good (powerful) computer,Lack of motivation,2.0,No,4.0,4.0,You do not care about,5-7 hours,3.0,7.0,5.0,4.0,4.0,Teachers' teaching method,Positively,2,1.0,13.0,10.0,11.0,Moderate,Moderate,Moderate,Moderate,Moderate,High,Moderate,Moderate,Moderate,Moderate,Moderate,Moderate,High,High,High,Moderate,High,Moderate,Moderate,Very High,Low,10.0,9.0,10.0,Moderate,Moderate,Moderate,Moderate,Low,High,Moderate,Moderate,Low,Low,Low,Low,Moderate,Moderate,High,High,Moderate,Moderate,Moderate,Moderate,Low,Low,Moderate,Moderate,Moderate,Moderate,High
37,Female,Second year,Mathematics,26-33,In the school's library,Alone,"Learning by practicing, Mind mapping and visualization","Books, Online tutorials, Online documents, YouTube videos",No,Pressure,Teachers' teaching method,Lack of time,Lack of previous knowledge or experience in the field,Private life problems,Lack of previous knowledge or experience in the field,Teaching language,Not having a good (powerful) computer,Lack of motivation,2.0,Yes,4.0,2.0,You do not care about,5-7 hours,4.0,8.0,5.0,5.0,8.0,Bad quality of internet,You do not care about,2,1.0,13.0,10.0,11.0,Moderate,Moderate,Moderate,Moderate,Moderate,High,Moderate,Moderate,Moderate,Moderate,Moderate,Moderate,High,High,High,High,Moderate,Moderate,High,High,Moderate,10.0,9.0,10.0,Moderate,Moderate,Moderate,Moderate,Low,High,Moderate,Moderate,Low,Low,Low,Low,Moderate,Moderate,High,High,Moderate,Moderate,Moderate,Moderate,Low,Low,Moderate,Moderate,Moderate,Moderate,High
38,Female,Second year,Science,18-25,In your room (dorms),Alone,"Learning by practicing, Project-based learning, Mind mapping and visualization, Interactive workshops, Online courses and tutorials","Online tutorials, Online documents, YouTube videos",Yes,Teachers' teaching method,Lack of time,Lack of previous knowledge or experience in the field,Lack of previous knowledge or experience in the field,Pressure,Bad quality of internet,Teaching language,Private life problems,Lack of motivation,3.0,No,5.0,5.0,You do not care about,5-7 hours,5.0,9.0,6.0,6.0,8.0,Lack of time,You do not care about,2,1.0,13.0,10.0,11.0,Moderate,Moderate,Moderate,Moderate,Moderate,High,Moderate,Moderate,Moderate,Moderate,Moderate,Moderate,Very High,High,High,Moderate,High,Moderate,Moderate,Very High,Moderate,10.0,9.0,10.0,Moderate,Moderate,Moderate,Moderate,Low,High,Moderate,Moderate,Low,Low,Low,Low,Moderate,Moderate,High,High,Moderate,Moderate,Moderate,Moderate,Low,Low,Moderate,Moderate,Moderate,Moderate,High
39,Female,Second year,Science,10-17,At home,Alone,"Learning by practicing, Mind mapping and visualization","Books, YouTube videos",No,Pressure,Lack of time,Teachers' teaching method,Lack of previous knowledge or experience in the field,Private life problems,Bad quality of internet,Teaching language,Not having a good (powerful) computer,Lack of motivation,2.0,No,3.0,5.0,You do not care about,8 hours or more,2.0,8.0,6.0,6.0,5.0,Lack of previous knowledge or experience in the field,You do not care about,2,1.0,13.0,10.0,11.0,Moderate,Moderate,Moderate,Moderate,Moderate,High,Moderate,Moderate,Moderate,Moderate,Moderate,Moderate,Very High,High,High,Moderate,High,Moderate,Moderate,High,Moderate,10.0,9.0,10.0,Moderate,Moderate,Moderate,Moderate,Low,High,Moderate,Moderate,Low,Low,Low,Low,Moderate,Moderate,High,High,Moderate,Moderate,Moderate,Moderate,Low,Low,Moderate,Moderate,Moderate,Moderate,High
40,Female,Second year,Science,26-33,At home,Alone,"Learning by practicing, Online courses and tutorials","Books, Online tutorials, Online documents, YouTube videos",Yes,Lack of time,Teachers' teaching method,Pressure,Lack of previous knowledge or experience in the field,Private life problems,Bad quality of internet,Teaching language,Not having a good (powerful) computer,Lack of motivation,2.0,No,2.0,3.0,You do not care about,5-7 hours,3.0,6.0,6.0,6.0,4.0,Lack of previous knowledge or experience in the field,You do not care about,2,1.0,12.0,11.0,12.0,Moderate,Moderate,Moderate,Moderate,Moderate,High,High,Moderate,Low,Moderate,Moderate,Moderate,High,High,High,Moderate,High,High,High,Very High,Moderate,10.0,9.0,10.0,Moderate,Moderate,Moderate,Moderate,Low,High,Moderate,Moderate,Low,Low,Low,Low,Moderate,Moderate,High,High,Moderate,Moderate,Moderate,Moderate,Low,Low,Moderate,Moderate,Moderate,Moderate,High
41,Male,Second year,Mathematics,18-25,In the school's library,Alone,Learning by practicing;Project-based learning;Mind mapping and visualization;Interactive workshops;Online courses and tutorials,Online tutorials;YouTube videos,No,Lack of time,Lack of previous knowledge or experience in the field,Pressure,Teachers' teaching method,Bad quality of internet,Not having a good (powerful) computer,Teaching language,Private life problems,Lack of motivation,2.0,Yes,3.0,3.0,Negatively,5-7 hours,3.0,8.0,6.0,4.0,4.0,Lack of previous knowledge or experience in the field,You do not care about,2,1.0,12.0,11.0,12.0,Moderate,Moderate,Moderate,Moderate,Very High,High,High,High,Moderate,Low,Moderate,Very High,High,High,High,Moderate,High,High,High,Very High,Moderate,10.0,9.0,10.0,Moderate,Moderate,Moderate,Moderate,Low,High,Moderate,Moderate,Low,Low,Low,Low,Moderate,Moderate,High,High,Moderate,Moderate,Moderate,Moderate,Low,Low,Moderate,Moderate,Moderate,Moderate,High
42,Female,Second year,Mathematics,10-17,In your room (dorms),Alone,"Lectures, Learning by practicing","Online tutorials, Online documents",Yes,Lack of time,Bad quality of internet,Pressure,Lack of previous knowledge or experience in the field,Teachers' teaching method,Private life problems,Not having a good (powerful) computer,Teaching language,Lack of motivation,2.0,No,2.0,5.0,You do not care about,5-7 hours,1.0,7.0,5.0,6.0,8.0,Lack of previous knowledge or experience in the field,Positively,2,1.0,12.0,11.0,12.0,Moderate,Moderate,Moderate,Moderate,Very High,Moderate,High,High,Moderate,Low,Moderate,Very High,High,High,High,Moderate,High,Moderate,High,High,Moderate,10.0,9.0,10.0,Moderate,Moderate,Moderate,Moderate,Low,High,Moderate,Moderate,Low,Low,Low,Low,Moderate,Moderate,High,High,Moderate,Moderate,Moderate,Moderate,Low,Low,Moderate,Moderate,Moderate,Moderate,High
43,Female,Second year,Mathematics,10-17,In the school's library,In peer,Learning by practicing;Online courses and tutorials,Online documents;YouTube videos,No,Lack of previous knowledge or experience in the field,Pressure,Teachers' teaching method,Lack of time,Bad quality of internet,Private life problems,Not having a good (powerful) computer,Teaching language,Lack of motivation,3.0,No,5.0,5.0,Positively,5-7 hours,4.0,6.0,6.0,7.0,7.0,Lack of previous knowledge or experience in the field,You do not care about,2,1.0,12.0,12.0,12.0,High,High,Moderate,Moderate,High,High,Moderate,High,Moderate,Moderate,Moderate,Moderate,High,High,High,Moderate,High,Moderate,High,High,Moderate,10.0,9.0,10.0,Moderate,Moderate,Moderate,Moderate,Low,High,Moderate,Moderate,Low,Low,Low,Low,Moderate,Moderate,High,High,Moderate,Moderate,Moderate,Moderate,Low,Low,Moderate,Moderate,Moderate,Moderate,High
44,Male,Second year,Technical maths,26-33,In your room (dorms),Alone,Learning by practicing;Online courses and tutorials,Books;YouTube videos,No,Teachers' teaching method,Lack of time,ما,Private life problems,Bad quality of internet,Lack of previous knowledge or experience in the field,Teaching language,Not having a good (powerful) computer,Lack of motivation,2.0,No,5.0,5.0,Positively,5-7 hours,2.0,7.0,7.0,8.0,5.0,Lack of previous knowledge or experience in the field,You do not care about,2,1.0,12.0,12.0,12.0,Moderate,Moderate,High,High,High,Moderate,High,High,Moderate,Moderate,Moderate,High,High,High,High,Moderate,High,Moderate,High,High,Moderate,10.0,9.0,10.0,Moderate,Moderate,Moderate,Moderate,Low,High,Moderate,Moderate,Low,Low,Low,Low,Moderate,Moderate,High,High,Moderate,Moderate,Moderate,Moderate,Low,Low,Moderate,Moderate,Moderate,Moderate,High
45,Female,Fourth year,Technical maths,10-17,In your room (dorms),Alone,Lectures;Learning by practicing;Mind mapping and visualization;Online courses and tutorials,Books;Online tutorials;Online documents;YouTube videos,Yes,Pressure,Lack of previous knowledge or experience in the field,Teachers' teaching method,Not having a good (powerful) computer,Lack of time,Private life problems,Teaching language,Bad quality of internet,"social media addiction , health problems, not being able to work on a team in group projects",2.0,Yes,2.0,3.0,You do not care about,5-7 hours,1.0,7.0,2.0,5.0,2.0,Unknown,Unknown,4,3.0,12.0,12.0,12.0,Moderate,Moderate,Low,Moderate,High,Moderate,Low,Low,Moderate,Moderate,Moderate,High,High,High,High,Moderate,High,Moderate,High,High,Moderate,10.0,9.0,10.0,Moderate,Moderate,Moderate,Moderate,Low,High,Moderate,Moderate,Low,Low,Low,Low,Moderate,Moderate,High,High,Moderate,Moderate,Moderate,Moderate,Low,Low,Moderate,Moderate,Moderate,Moderate,High
46,Female,Second year,Science,18-25,In your room (dorms),Alone,Lectures;Learning by practicing;Mind mapping and visualization;Online courses and tutorials,Online tutorials;YouTube videos,No,Pressure,Lack of previous knowledge or experience in the field,Lack of time,Private life problems,Teachers' teaching method,Teaching language,Bad quality of internet,Not having a good (powerful) computer,Teacher’s rating,2.0,Yes,1.0,1.0,You do not care about,8 hours or more,1.0,9.0,5.0,6.0,7.0,Lack of previous knowledge or experience in the field,You do not care about,2,1.0,12.0,12.0,12.0,Moderate,Low,High,Very High,Moderate,Very Low,High,Very High,Very High,High,High,Moderate,High,High,High,Moderate,High,Moderate,High,High,Moderate,10.0,9.0,10.0,Moderate,Moderate,Moderate,Moderate,Low,High,Moderate,Moderate,Low,Low,Low,Low,Moderate,Moderate,High,High,Moderate,Moderate,Moderate,Moderate,Low,Low,Moderate,Moderate,Moderate,Moderate,High
47,Female,Second year,Science,18-25,In the school's library,Alone,Lectures;Learning by practicing;Mind mapping and visualization;Online courses and tutorials,Online tutorials;Online documents,Yes,Private life problems,Pressure,Lack of previous knowledge or experience in the field,Lack of time,Teachers' teaching method,Bad quality of internet,Teaching language,Not having a good (powerful) computer,Lack of energy,3.0,No,4.0,5.0,You do not care about,5-7 hours,1.0,7.0,6.0,6.0,6.0,Lack of previous knowledge or experience in the field,You do not care about,2,1.0,12.0,13.0,12.0,Moderate,Moderate,Moderate,Moderate,High,High,High,High,Moderate,Moderate,Moderate,High,High,High,High,Moderate,High,Moderate,High,High,Moderate,10.0,9.0,10.0,Moderate,Moderate,Moderate,Moderate,Low,High,Moderate,Moderate,Low,Low,Low,Low,Moderate,Moderate,High,High,Moderate,Moderate,Moderate,Moderate,Low,Low,Moderate,Moderate,Moderate,Moderate,High
48,Male,Third year,Mathematics,10-17,In the school's library,Alone,Lectures;Learning by practicing;Mind mapping and visualization;Online courses and tutorials,Online tutorials;Online documents;YouTube videos;Chat GPT,No,Pressure,Teaching language,Lack of time,Lack of previous knowledge or experience in the field,Teachers' teaching method,Private life problems,Bad quality of internet,Not having a good (powerful) computer,"Guergour, thabet, dib, w abdou jirani, nahkiw mashi n9raw ( w mouchaal lol)",2.0,Yes,3.0,3.0,You do not care about,5-7 hours,3.0,6.0,7.0,7.0,8.0,Bad quality of internet,You do not care about,3,2.0,12.0,13.0,12.0,Moderate,High,Moderate,Moderate,Moderate,Moderate,Moderate,High,Moderate,Moderate,Moderate,High,High,High,High,Moderate,High,Moderate,High,High,Moderate,10.0,9.0,10.0,Moderate,Moderate,Moderate,Moderate,Low,High,Moderate,Moderate,Low,Low,Low,Low,Moderate,Moderate,High,High,Moderate,Moderate,Moderate,Moderate,Low,Low,Moderate,Moderate,Moderate,Moderate,High
49,Female,Second year,Mathematics,18-25,In your room (dorms),Alone,"Lectures, Project-based learning, Interactive workshops, Online courses and tutorials","Books, YouTube videos",No,Teaching language,Lack of previous knowledge or experience in the field,Bad quality of internet,Lack of previous knowledge or experience in the field,Teachers' teaching method,Not having a good (powerful) computer,Pressure,Private life problems,Lack of motivation,3.0,Yes,5.0,5.0,You do not care about,4 hours or less,2.0,3.0,5.0,5.0,5.0,Lack of time,Positively,2,1.0,13.0,11.0,12.0,Moderate,High,Moderate,Moderate,Moderate,High,High,High,Low,Moderate,Moderate,High,High,High,High,Moderate,High,Moderate,High,High,Moderate,10.0,9.0,10.0,Moderate,Moderate,Moderate,Moderate,Low,High,Moderate,Moderate,Low,Low,Low,Low,Moderate,Moderate,High,High,Moderate,Moderate,Moderate,Moderate,Low,Low,Moderate,Moderate,Moderate,Moderate,High
50,Female,Second year,Science,18-25,In your room (dorms),Alone,"Lectures, Online courses and tutorials","Books, Online tutorials, Online documents, YouTube videos",Yes,Pressure,Lack of time,Teachers' teaching method,Lack of previous knowledge or experience in the field,Bad quality of internet,Private life problems,Teaching language,Not having a good (powerful) computer,Lack of motivation,2.0,No,3.0,3.0,You do not care about,5-7 hours,2.0,9.0,6.0,7.0,7.0,Lack of previous knowledge or experience in the field,You do not care about,2,1.0,13.0,11.0,12.0,Moderate,High,Moderate,Moderate,Moderate,High,High,High,Moderate,Moderate,Moderate,High,High,High,High,Moderate,Moderate,Moderate,High,High,High,10.0,9.0,10.0,Moderate,Moderate,Moderate,Moderate,Low,High,Moderate,Moderate,Low,Low,Low,Low,Moderate,Moderate,High,High,Moderate,Moderate,Moderate,Moderate,Low,Low,Moderate,Moderate,Moderate,Moderate,High
51,Female,Second year,Mathematics,18-25,In your room (dorms),Alone,"Learning by practicing, Interactive workshops","Books, YouTube videos",Yes,Bad quality of internet,Not having a good (powerful) computer,Lack of time,Lack of previous knowledge or experience in the field,Teachers' teaching method,Lack of previous knowledge or experience in the field,Teaching language,Private life problems,Lack of motivation,2.0,No,2.0,5.0,You do not care about,5-7 hours,3.0,7.0,3.0,2.0,8.0,Pressure,You do not care about,2,1.0,13.0,11.0,12.0,Moderate,High,Moderate,Moderate,Moderate,High,Moderate,High,Moderate,Moderate,Moderate,High,High,High,Very High,Moderate,High,Moderate,High,Very High,High,10.0,9.0,10.0,Moderate,Moderate,Moderate,Moderate,Low,High,Moderate,Moderate,Low,Low,Low,Low,Moderate,Moderate,High,High,Moderate,Moderate,Moderate,Moderate,Low,Low,Moderate,Moderate,Moderate,Moderate,High
52,Female,Second year,Science,More than 41 hours,In the school's library,Alone,"Lectures, Learning by practicing, Mind mapping and visualization","Books, YouTube videos",No,Pressure,Teachers' teaching method,Lack of previous knowledge or experience in the field,Lack of previous knowledge or experience in the field,Teaching language,Not having a good (powerful) computer,Private life problems,Private life problems,Lack of motivation,2.0,Yes,5.0,5.0,You do not care about,5-7 hours,3.0,5.0,5.0,4.0,6.0,Lack of time,Positively,2,1.0,13.0,11.0,12.0,Moderate,High,Moderate,Moderate,Moderate,High,Moderate,High,Moderate,Moderate,Moderate,High,High,High,High,High,High,High,High,High,Moderate,10.0,9.0,10.0,Moderate,Moderate,Moderate,Moderate,Low,High,Moderate,Moderate,Low,Low,Low,Low,Moderate,Moderate,High,High,Moderate,Moderate,Moderate,Moderate,Low,Low,Moderate,Moderate,Moderate,Moderate,High
53,Male,Second year,Mathematics,10-17,In the school's library,Alone,"Lectures, Learning by practicing, Online courses and tutorials","Books, Online documents, YouTube videos",No,Lack of time,Private life problems,Pressure,Lack of previous knowledge or experience in the field,Bad quality of internet,Teachers' teaching method,Teaching language,Not having a good (powerful) computer,Lack of motivation,2.0,Yes,2.0,4.0,You do not care about,5-7 hours,2.0,8.0,6.0,7.0,7.0,Lack of previous knowledge or experience in the field,You do not care about,2,1.0,13.0,11.0,12.0,Moderate,High,Moderate,Moderate,Moderate,High,Moderate,High,Moderate,Moderate,Moderate,High,Very High,High,High,Moderate,High,High,High,Very High,Moderate,10.0,9.0,10.0,Moderate,Moderate,Moderate,Moderate,Low,High,Moderate,Moderate,Low,Low,Low,Low,Moderate,Moderate,High,High,Moderate,Moderate,Moderate,Moderate,Low,Low,Moderate,Moderate,Moderate,Moderate,High
54,Male,Second year,Mathematics,18-25,In the school's library,Alone,"Learning by practicing, Mind mapping and visualization, Online courses and tutorials","Books, YouTube videos",No,Lack of previous knowledge or experience in the field,Private life problems,Pressure,Lack of previous knowledge or experience in the field,Bad quality of internet,Lack of time,Not having a good (powerful) computer,Teaching language,Lack of motivation,2.0,No,4.0,5.0,You do not care about,5-7 hours,2.0,9.0,4.0,5.0,7.0,Pressure,You do not care about,2,1.0,13.0,11.0,12.0,Moderate,High,Moderate,Moderate,Moderate,Moderate,Moderate,High,High,Moderate,Moderate,High,Very High,High,High,Moderate,High,Moderate,Moderate,Moderate,Moderate,10.0,9.0,10.0,Moderate,Moderate,Moderate,Moderate,Low,High,Moderate,Moderate,Low,Low,Low,Low,Moderate,Moderate,High,High,Moderate,Moderate,Moderate,Moderate,Low,Low,Moderate,Moderate,Moderate,Moderate,High
55,Female,Second year,Science,26-33,In the school's library,Alone,Lectures;Learning by practicing;Mind mapping and visualization,Online tutorials;YouTube videos,No,Lack of time,Pressure,Lack of previous knowledge or experience in the field,Private life problems,Bad quality of internet,Not having a good (powerful) computer,Teachers' teaching method,Teaching language,Lack of motivation,3.0,No,2.0,3.0,Negatively,8 hours or more,2.0,7.0,5.0,3.0,4.0,Lack of previous knowledge or experience in the field,You do not care about,2,1.0,13.0,11.0,12.0,Moderate,Moderate,Low,High,High,Moderate,Moderate,Moderate,Low,Low,Moderate,High,Very High,High,High,Moderate,High,Moderate,Moderate,Moderate,Moderate,10.0,9.0,10.0,Moderate,Moderate,Moderate,Moderate,Low,High,Moderate,Moderate,Low,Low,Low,Low,Moderate,Moderate,High,High,Moderate,Moderate,Moderate,Moderate,Low,Low,Moderate,Moderate,Moderate,Moderate,High
56,Female,Second year,Science,18-25,In your room (dorms),Alone,Learning by practicing,Books;Online tutorials;Online documents;YouTube videos,Yes,Pressure,Not having a good (powerful) computer,Teachers' teaching method,Lack of time,Private life problems,Private life problems,Lack of previous knowledge or experience in the field,Teaching language,Lack of motivation,2.0,No,1.0,1.0,Positively,8 hours or more,3.0,8.0,7.0,9.0,8.0,Lack of previous knowledge or experience in the field,You do not care about,2,1.0,13.0,11.0,12.0,High,Moderate,Moderate,Moderate,High,Moderate,High,Moderate,Moderate,Low,Moderate,High,Very High,High,High,Moderate,High,Moderate,Moderate,Moderate,Moderate,10.0,9.0,10.0,Moderate,Moderate,Moderate,Moderate,Low,High,Moderate,Moderate,Low,Low,Low,Low,Moderate,Moderate,High,High,Moderate,Moderate,Moderate,Moderate,Low,Low,Moderate,Moderate,Moderate,Moderate,High
57,Male,Second year,Mathematics,26-33,In your room (dorms),Alone,Lectures;Learning by practicing;Mind mapping and visualization,Books;Online tutorials;Online documents;YouTube videos,Yes,Lack of time,Lack of previous knowledge or experience in the field,Bad quality of internet,Not having a good (powerful) computer,Pressure,Private life problems,Teachers' teaching method,Teaching language,Lack of motivation,3.0,No,5.0,5.0,Positively,5-7 hours,3.0,8.0,7.0,6.0,5.0,Lack of previous knowledge or experience in the field,You do not care about,2,1.0,13.0,11.0,12.0,High,Moderate,Moderate,Moderate,High,Moderate,High,Moderate,Moderate,Low,Moderate,High,Very High,High,High,Moderate,High,Moderate,Moderate,Moderate,Moderate,10.0,9.0,10.0,Moderate,Moderate,Moderate,Moderate,Low,High,Moderate,Moderate,Low,Low,Low,Low,Moderate,Moderate,High,High,Moderate,Moderate,Moderate,Moderate,Low,Low,Moderate,Moderate,Moderate,Moderate,High
58,Male,Third year,Science,10-17,In your room (dorms),Alone,Lectures;Learning by practicing;Project-based learning;Mind mapping and visualization;Online courses and tutorials,Online tutorials;YouTube videos,No,Teachers' teaching method,Lack of time,Lack of previous knowledge or experience in the field,Pressure,Teaching language,Lack of previous knowledge or experience in the field,Private life problems,Not having a good (powerful) computer,"Guergour, thabet, dib, w abdou jirani, nahkiw mashi n9raw ( w mouchaal lol)",2.0,No,3.0,5.0,Positively,5-7 hours,3.0,6.0,7.0,7.0,6.0,Bad quality of internet,You do not care about,3,2.0,13.0,12.0,12.0,Moderate,High,Moderate,Moderate,High,High,High,Moderate,Moderate,High,Moderate,High,Very High,High,High,Moderate,High,Moderate,Moderate,Moderate,Moderate,10.0,9.0,10.0,Moderate,Moderate,Moderate,Moderate,Low,High,Moderate,Moderate,Low,Low,Low,Low,Moderate,Moderate,High,High,Moderate,Moderate,Moderate,Moderate,Low,Low,Moderate,Moderate,Moderate,Moderate,High
59,Male,Second year,Mathematics,More than 41 hours,At home,In peer,"Learning by practicing, Mind mapping and visualization, Online courses and tutorials","Online tutorials, Online documents, YouTube videos",No,Pressure,Teachers' teaching method,Lack of time,Lack of previous knowledge or experience in the field,Bad quality of internet,Private life problems,Not having a good (powerful) computer,Teaching language,Lack of motivation,2.0,No,3.0,4.0,You do not care about,8 hours or more,3.0,7.0,7.0,8.0,5.0,Lack of previous knowledge or experience in the field,Positively,2,1.0,13.0,12.0,12.0,Moderate,High,Moderate,Moderate,High,High,High,Moderate,Moderate,High,Moderate,High,High,High,High,High,High,Moderate,High,Very High,Moderate,10.0,9.0,10.0,Moderate,Moderate,Moderate,Moderate,Low,High,Moderate,Moderate,Low,Low,Low,Low,Moderate,Moderate,High,High,Moderate,Moderate,Moderate,Moderate,Low,Low,Moderate,Moderate,Moderate,Moderate,High
60,Female,Second year,Mathematics,26-33,In the school's library,Alone,Learning by practicing;Mind mapping and visualization,Books;Online documents;YouTube videos,Yes,Pressure,Lack of time,Lack of previous knowledge or experience in the field,Teachers' teaching method,Bad quality of internet,Private life problems,Teaching language,Not having a good (powerful) computer,The lack of الشغف,4.0,Yes,5.0,4.0,Positively,8 hours or more,5.0,8.0,7.0,8.0,8.0,Lack of previous knowledge or experience in the field,You do not care about,2,1.0,13.0,12.0,12.0,High,Moderate,Very High,High,Very High,Very High,Moderate,Very High,Moderate,Low,Moderate,Very High,High,High,High,High,High,Moderate,High,Very High,Moderate,10.0,9.0,10.0,Moderate,Moderate,Moderate,Moderate,Low,High,Moderate,Moderate,Low,Low,Low,Low,Moderate,Moderate,High,High,Moderate,Moderate,Moderate,Moderate,Low,Low,Moderate,Moderate,Moderate,Moderate,High
61,Female,Second year,Mathematics,10-17,In your room (dorms),In peer,Learning by practicing,"Online documents, YouTube videos",No,Lack of previous knowledge or experience in the field,Teachers' teaching method,Bad quality of internet,Lack of previous knowledge or experience in the field,Lack of time,Teaching language,Private life problems,Not having a good (powerful) computer,Lack of motivation,2.0,Yes,5.0,4.0,You do not care about,5-7 hours,1.0,8.0,3.0,3.0,6.0,Pressure,Positively,2,1.0,14.0,10.0,12.0,High,Moderate,Very High,High,Very High,High,High,Very High,Moderate,Low,Moderate,Very High,High,High,High,High,High,Moderate,High,Very High,Low,10.0,9.0,10.0,Moderate,Moderate,Moderate,Moderate,Low,High,Moderate,Moderate,Low,Low,Low,Low,Moderate,Moderate,High,High,Moderate,Moderate,Moderate,Moderate,Low,Low,Moderate,Moderate,Moderate,Moderate,High
62,Female,Second year,Science,34-41,In your room (dorms),Alone,"Learning by practicing, Mind mapping and visualization, Online courses and tutorials","Books, Online tutorials, Online documents, YouTube videos",Yes,Lack of time,Pressure,Bad quality of internet,Lack of previous knowledge or experience in the field,Teachers' teaching method,Private life problems,Not having a good (powerful) computer,Teaching language,Lack of motivation,2.0,Yes,5.0,5.0,You do not care about,5-7 hours,1.0,8.0,5.0,5.0,8.0,Lack of previous knowledge or experience in the field,You do not care about,2,1.0,14.0,10.0,12.0,High,Moderate,Very High,High,Very High,High,Moderate,Very High,Moderate,Low,Moderate,Very High,Very High,High,High,High,High,Moderate,High,High,Moderate,10.0,9.0,10.0,Moderate,Moderate,Moderate,Moderate,Low,High,Moderate,Moderate,Low,Low,Low,Low,Moderate,Moderate,High,High,Moderate,Moderate,Moderate,Moderate,Low,Low,Moderate,Moderate,Moderate,Moderate,High
63,Female,Second year,Science,18-25,In your room (dorms),In peer,Lectures;Learning by practicing;Project-based learning;Mind mapping and visualization;Online courses and tutorials,Books;Online tutorials;Online documents;YouTube videos,Yes,Teachers' teaching method,Pressure,Lack of time,Pressure,Bad quality of internet,Private life problems,Not having a good (powerful) computer,Teaching language,Lack of motivation,2.0,Yes,3.0,5.0,Negatively,5-7 hours,4.0,8.0,6.0,7.0,8.0,Lack of previous knowledge or experience in the field,You do not care about,2,2.0,14.0,10.0,12.0,High,Moderate,Very High,High,Very High,High,Moderate,Very High,Moderate,Low,Moderate,Very High,Very High,High,High,High,High,Moderate,High,High,Moderate,10.0,9.0,10.0,Moderate,Moderate,Moderate,Moderate,Low,High,Moderate,Moderate,Low,Low,Low,Low,Moderate,Moderate,High,High,Moderate,Moderate,Moderate,Moderate,Low,Low,Moderate,Moderate,Moderate,Moderate,High
64,Female,Second year,Mathematics,26-33,In the school's library,In peer,"Learning by practicing, Mind mapping and visualization, Interactive workshops, Online courses and tutorials","Online tutorials, Online documents, YouTube videos",No,Teachers' teaching method,Lack of time,Lack of previous knowledge or experience in the field,Lack of previous knowledge or experience in the field,Pressure,Private life problems,Bad quality of internet,Teaching language,Lack of motivation,2.0,No,2.0,3.0,You do not care about,5-7 hours,3.0,8.0,5.0,4.0,7.0,Not having a good (powerful) computer,Positively,2,1.0,14.0,11.0,12.0,High,Moderate,Very High,High,Very High,High,High,Very High,Moderate,Low,Moderate,Very High,Very High,High,Very High,High,Moderate,Moderate,Moderate,Very High,Moderate,10.0,9.0,10.0,Moderate,Moderate,Moderate,Moderate,Low,High,Moderate,Moderate,Low,Low,Low,Low,Moderate,Moderate,High,High,Moderate,Moderate,Moderate,Moderate,Low,Low,Moderate,Moderate,Moderate,Moderate,High
65,Female,Second year,Mathematics,34-41,In your room (dorms),Alone,"Lectures, Learning by practicing, Mind mapping and visualization, Online courses and tutorials","Books, Online tutorials, Online documents, YouTube videos",Yes,Teachers' teaching method,Lack of time,Pressure,Lack of previous knowledge or experience in the field,Bad quality of internet,Teaching language,Lack of time,Lack of time,Lack of motivation,2.0,No,3.0,4.0,You do not care about,5-7 hours,3.0,8.0,7.0,7.0,7.0,Lack of previous knowledge or experience in the field,Positively,2,1.0,14.0,11.0,12.0,High,Moderate,Very High,High,Very High,High,Moderate,Very High,Moderate,Low,Moderate,Very High,Very High,High,High,Moderate,High,Moderate,High,Very High,Moderate,10.0,9.0,10.0,Moderate,Moderate,Moderate,Moderate,Low,High,Moderate,Moderate,Low,Low,Low,Low,Moderate,Moderate,High,High,Moderate,Moderate,Moderate,Moderate,Low,Low,Moderate,Moderate,Moderate,Moderate,High
66,Female,Second year,Science,26-33,In your room (dorms),Alone,"Lectures, Learning by practicing, Online courses and tutorials","Online tutorials, Online documents",Yes,Lack of time,Pressure,Bad quality of internet,Lack of previous knowledge or experience in the field,Lack of previous knowledge or experience in the field,Private life problems,Teaching language,Not having a good (powerful) computer,Lack of motivation,2.0,Yes,4.0,2.0,You do not care about,5-7 hours,4.0,8.0,6.0,7.0,7.0,Teachers' teaching method,Negatively,2,1.0,14.0,11.0,12.0,High,Moderate,Very High,High,Very High,Very High,High,Very High,High,Low,Moderate,Very High,High,High,High,Moderate,High,Low,Moderate,Very High,Moderate,10.0,9.0,10.0,Moderate,Moderate,Moderate,Moderate,Low,High,Moderate,Moderate,Low,Low,Low,Low,Moderate,Moderate,High,High,Moderate,Moderate,Moderate,Moderate,Low,Low,Moderate,Moderate,Moderate,Moderate,High
67,Male,Second year,Mathematics,10-17,In your room (dorms),Alone,"Learning by practicing, Project-based learning, Online courses and tutorials","Books, Online tutorials, Online documents, YouTube videos",No,Pressure,Private life problems,Lack of time,Lack of previous knowledge or experience in the field,Teachers' teaching method,Bad quality of internet,Lack of previous knowledge or experience in the field,Teaching language,Lack of motivation,3.0,Yes,5.0,5.0,You do not care about,5-7 hours,4.0,9.0,7.0,7.0,8.0,Not having a good (powerful) computer,You do not care about,2,1.0,14.0,11.0,12.0,High,Moderate,Very High,High,Very High,Very High,High,Very High,Low,Low,Moderate,Very High,Very High,High,Very High,High,Moderate,High,High,High,Moderate,10.0,9.0,10.0,Moderate,Moderate,Moderate,Moderate,Low,High,Moderate,Moderate,Low,Low,Low,Low,Moderate,Moderate,High,High,Moderate,Moderate,Moderate,Moderate,Low,Low,Moderate,Moderate,Moderate,Moderate,High
68,Female,Second year,Mathematics,26-33,In your room (dorms),Alone,"Learning by practicing, Mind mapping and visualization, Interactive workshops","Books, Online tutorials",No,Private life problems,Pressure,Lack of time,Lack of previous knowledge or experience in the field,Teachers' teaching method,Bad quality of internet,Not having a good (powerful) computer,Teaching language,Lack of motivation,2.0,Yes,2.0,5.0,You do not care about,8 hours or more,1.0,8.0,5.0,4.0,6.0,Lack of previous knowledge or experience in the field,You do not care about,2,1.0,14.0,11.0,12.0,High,Moderate,Very High,High,Very High,Very High,Moderate,Very High,Moderate,Low,Moderate,Very High,High,High,Very High,Moderate,High,High,Moderate,High,Moderate,10.0,9.0,10.0,Moderate,Moderate,Moderate,Moderate,Low,High,Moderate,Moderate,Low,Low,Low,Low,Moderate,Moderate,High,High,Moderate,Moderate,Moderate,Moderate,Low,Low,Moderate,Moderate,Moderate,Moderate,High
69,Male,Second year,Science,26-33,In your room (dorms),Alone,"Lectures, Learning by practicing, Project-based learning, Mind mapping and visualization, Online courses and tutorials","Online tutorials, Online documents, YouTube videos",No,Teachers' teaching method,Lack of time,Private life problems,Lack of previous knowledge or experience in the field,Pressure,Lack of previous knowledge or experience in the field,Bad quality of internet,Not having a good (powerful) computer,Lack of motivation,2.0,No,3.0,4.0,You do not care about,5-7 hours,3.0,6.0,8.0,7.0,6.0,Teaching language,Negatively,2,1.0,14.0,12.0,12.0,High,Moderate,Very High,High,Very High,High,High,Very High,Moderate,Low,Moderate,Very High,High,High,High,High,High,High,High,High,Low,10.0,9.0,10.0,Moderate,Moderate,Moderate,Moderate,Low,High,Moderate,Moderate,Low,Low,Low,Low,Moderate,Moderate,High,High,Moderate,Moderate,Moderate,Moderate,Low,Low,Moderate,Moderate,Moderate,Moderate,High
70,Female,Second year,Science,26-33,In your room (dorms),In peer,Lectures;Learning by practicing;Mind mapping and visualization,Books;YouTube videos,No,Teachers' teaching method,Pressure,Private life problems,Lack of time,Lack of previous knowledge or experience in the field,Bad quality of internet,Teaching language,Not having a good (powerful) computer,Lack of motivation,2.0,No,5.0,3.0,Positively,5-7 hours,3.0,7.0,6.0,6.0,7.0,Lack of previous knowledge or experience in the field,You do not care about,2,1.0,13.0,12.0,13.0,Moderate,High,High,High,High,High,High,High,Moderate,Low,Moderate,High,High,High,High,High,High,High,High,High,Low,10.0,9.0,10.0,Moderate,Moderate,Moderate,Moderate,Low,High,Moderate,Moderate,Low,Low,Low,Low,Moderate,Moderate,High,High,Moderate,Moderate,Moderate,Moderate,Low,Low,Moderate,Moderate,Moderate,Moderate,High
71,Female,Second year,Mathematics,34-41,In your room (dorms),Alone,Learning by practicing;Mind mapping and visualization,Online tutorials;Online documents;YouTube videos,No,Pressure,Lack of time,Bad quality of internet,Teachers' teaching method,Lack of previous knowledge or experience in the field,Private life problems,Teaching language,Not having a good (powerful) computer,Lack of motivation,2.0,Yes,3.0,5.0,You do not care about,5-7 hours,4.0,8.0,5.0,6.0,6.0,Lack of previous knowledge or experience in the field,You do not care about,2,1.0,13.0,12.0,13.0,Moderate,Moderate,Moderate,High,Very High,High,Moderate,High,Moderate,Moderate,Moderate,Very High,High,High,High,High,High,High,High,High,Low,10.0,9.0,10.0,Moderate,Moderate,Moderate,Moderate,Low,High,Moderate,Moderate,Low,Low,Low,Low,Moderate,Moderate,High,High,Moderate,Moderate,Moderate,Moderate,Low,Low,Moderate,Moderate,Moderate,Moderate,High
72,Male,Second year,Science,18-25,In your room (dorms),Alone,Lectures;Learning by practicing;Online courses and tutorials,Books,No,Lack of time,Pressure,Lack of previous knowledge or experience in the field,Teachers' teaching method,Teaching language,Private life problems,Bad quality of internet,Not having a good (powerful) computer,Lack of motivation,3.0,Yes,4.0,5.0,You do not care about,8 hours or more,4.0,6.0,7.0,6.0,5.0,Lack of previous knowledge or experience in the field,You do not care about,2,2.0,13.0,12.0,13.0,Moderate,Moderate,High,High,High,Moderate,High,High,High,High,Moderate,High,High,High,High,High,High,High,High,High,Low,10.0,9.0,10.0,Moderate,Moderate,Moderate,Moderate,Low,High,Moderate,Moderate,Low,Low,Low,Low,Moderate,Moderate,High,High,Moderate,Moderate,Moderate,Moderate,Low,Low,Moderate,Moderate,Moderate,Moderate,High
73,Male,Third year,Mathematics,10-17,In your room (dorms),In peer,Lectures;Project-based learning,Online documents;YouTube videos,No,Teachers' teaching method,Pressure,Lack of previous knowledge or experience in the field,Lack of time,Bad quality of internet,Teaching language,Private life problems,Not having a good (powerful) computer,"Guergour, thabet, dib, w abdou jirani, nahkiw mashi n9raw ( w mouchaal lol)",3.0,Yes,4.0,4.0,Negatively,8 hours or more,4.0,7.0,6.0,7.0,5.0,Bad quality of internet,You do not care about,3,2.0,13.0,12.0,13.0,High,High,High,High,High,Moderate,High,High,Moderate,High,Moderate,High,High,High,High,High,High,High,High,High,Low,10.0,9.0,10.0,Moderate,Moderate,Moderate,Moderate,Low,High,Moderate,Moderate,Low,Low,Low,Low,Moderate,Moderate,High,High,Moderate,Moderate,Moderate,Moderate,Low,Low,Moderate,Moderate,Moderate,Moderate,High
74,Male,Second year,Technical maths,18-25,In your room (dorms),Alone,"Lectures, Learning by practicing, Online courses and tutorials","Online documents, YouTube videos",No,Teaching language,Lack of time,Teachers' teaching method,Lack of previous knowledge or experience in the field,Pressure,Bad quality of internet,Private life problems,Not having a good (powerful) computer,Lack of motivation,1.0,Yes,2.0,3.0,You do not care about,8 hours or more,3.0,2.0,6.0,6.0,8.0,Lack of previous knowledge or experience in the field,You do not care about,2,1.0,13.0,13.0,13.0,High,High,High,High,High,High,High,High,High,High,Moderate,High,High,High,Very High,High,Moderate,High,Very High,High,Moderate,10.0,9.0,10.0,Moderate,Moderate,Moderate,Moderate,Low,High,Moderate,Moderate,Low,Low,Low,Low,Moderate,Moderate,High,High,Moderate,Moderate,Moderate,Moderate,Low,Low,Moderate,Moderate,Moderate,Moderate,High
75,Female,Second year,Science,18-25,In the school's library,With a group,Learning by practicing;Project-based learning;Mind mapping and visualization,YouTube videos,Yes,Lack of time,Bad quality of internet,Private life problems,Pressure,Teachers' teaching method,Lack of previous knowledge or experience in the field,Not having a good (powerful) computer,Teaching language,Lack of motivation,3.0,Yes,4.0,4.0,Positively,5-7 hours,5.0,8.0,6.0,7.0,7.0,Lack of previous knowledge or experience in the field,You do not care about,2,1.0,13.0,13.0,13.0,Moderate,Moderate,Moderate,Moderate,Very High,High,High,High,Moderate,High,Moderate,High,High,High,Very High,High,Moderate,High,Very High,High,Moderate,10.0,9.0,10.0,Moderate,Moderate,Moderate,Moderate,Low,High,Moderate,Moderate,Low,Low,Low,Low,Moderate,Moderate,High,High,Moderate,Moderate,Moderate,Moderate,Low,Low,Moderate,Moderate,Moderate,Moderate,High
76,Male,Second year,Mathematics,10-17,In your room (dorms),Alone,Learning by practicing,Online documents,No,Pressure,Teaching language,Teachers' teaching method,Lack of previous knowledge or experience in the field,Bad quality of internet,Lack of previous knowledge or experience in the field,Private life problems,Bad quality of internet,Lack of motivation,2.0,Yes,2.0,3.0,You do not care about,5-7 hours,4.0,6.0,8.0,9.0,7.0,Lack of time,You do not care about,2,1.0,13.0,13.0,13.0,Moderate,Moderate,Moderate,Moderate,Very High,High,High,High,Moderate,High,Moderate,High,High,High,High,High,Moderate,High,High,High,High,10.0,9.0,10.0,Moderate,Moderate,Moderate,Moderate,Low,High,Moderate,Moderate,Low,Low,Low,Low,Moderate,Moderate,High,High,Moderate,Moderate,Moderate,Moderate,Low,Low,Moderate,Moderate,Moderate,Moderate,High
77,Female,Second year,Mathematics,34-41,In the school's library,Alone,Lectures;Learning by practicing;Mind mapping and visualization;Online courses and tutorials,Books;Online tutorials;Online documents;YouTube videos,No,Pressure,Lack of time,Teachers' teaching method,Lack of previous knowledge or experience in the field,Bad quality of internet,Private life problems,Not having a good (powerful) computer,Teaching language,Lack of motivation,3.0,Yes,5.0,5.0,You do not care about,5-7 hours,2.0,10.0,9.0,7.0,8.0,Lack of previous knowledge or experience in the field,You do not care about,2,1.0,13.0,13.0,13.0,Moderate,Moderate,Moderate,High,High,High,High,High,Moderate,Moderate,High,High,High,High,High,High,Moderate,High,High,High,High,10.0,9.0,10.0,Moderate,Moderate,Moderate,Moderate,Low,High,Moderate,Moderate,Low,Low,Low,Low,Moderate,Moderate,High,High,Moderate,Moderate,Moderate,Moderate,Low,Low,Moderate,Moderate,Moderate,Moderate,High
78,Male,Fourth year,Technical maths,10-17,In your room (dorms),Alone,Mind mapping and visualization,Books;YouTube videos,Yes,Private life problems,Lack of time,Pressure,Teachers' teaching method,Pressure,Bad quality of internet,Lack of previous knowledge or experience in the field,Not having a good (powerful) computer,"The not organized study schedule put by the school , some modules requires TD and they do not have ...",1.0,No,2.0,3.0,You do not care about,8 hours or more,2.0,7.0,5.0,5.0,5.0,Unknown,Unknown,4,3.0,13.0,13.0,13.0,High,High,High,High,Very High,Low,Moderate,Moderate,High,High,High,High,High,High,High,High,Moderate,High,High,High,High,10.0,9.0,10.0,Moderate,Moderate,Moderate,Moderate,Low,High,Moderate,Moderate,Low,Low,Low,Low,Moderate,Moderate,High,High,Moderate,Moderate,Moderate,Moderate,Low,Low,Moderate,Moderate,Moderate,Moderate,High
79,Female,Second year,Mathematics,18-25,In your room (dorms),Alone,Online courses and tutorials,Online tutorials;YouTube videos;Private courses,No,Teachers' teaching method,Lack of time,Lack of time,Lack of previous knowledge or experience in the field,Teaching language,Teaching language,Not having a good (powerful) computer,Private life problems,Lack of motivation,3.0,Yes,4.0,4.0,Negatively,5-7 hours,3.0,8.0,8.0,7.0,7.0,Lack of previous knowledge or experience in the field,You do not care about,2,1.0,13.0,13.0,13.0,High,Moderate,Moderate,Moderate,High,Moderate,Moderate,Very High,High,High,High,High,High,High,High,High,Moderate,High,High,High,High,10.0,9.0,10.0,Moderate,Moderate,Moderate,Moderate,Low,High,Moderate,Moderate,Low,Low,Low,Low,Moderate,Moderate,High,High,Moderate,Moderate,Moderate,Moderate,Low,Low,Moderate,Moderate,Moderate,Moderate,High
80,Male,Fourth year,Technical maths,10-17,At home,In peer,Lectures;Learning by practicing;Project-based learning;Online courses and tutorials,Books;Online documents,No,Pressure,Teachers' teaching method,Lack of previous knowledge or experience in the field,Not having a good (powerful) computer,Bad quality of internet,Private life problems,Teaching language,Lack of time,"The not organized study schedule put by the school , some modules requires TD and they do not have ...",2.0,No,3.0,4.0,You do not care about,5-7 hours,3.0,7.0,7.0,7.0,6.0,Unknown,Unknown,4,3.0,13.0,13.0,13.0,Moderate,Moderate,Moderate,Moderate,High,Moderate,High,Moderate,Moderate,High,Moderate,Moderate,High,High,High,High,Moderate,High,High,High,High,10.0,9.0,10.0,Moderate,Moderate,Moderate,Moderate,Low,High,Moderate,Moderate,Low,Low,Low,Low,Moderate,Moderate,High,High,Moderate,Moderate,Moderate,Moderate,Low,Low,Moderate,Moderate,Moderate,Moderate,High
81,Female,Second year,Science,26-33,In your room (dorms),Alone,Lectures;Learning by practicing;Mind mapping and visualization;Online courses and tutorials,Online tutorials;Online documents;YouTube videos;Chat Gpt,No,Pressure,Teachers' teaching method,Lack of time,Lack of previous knowledge or experience in the field,Bad quality of internet,Private life problems,Teaching language,Not having a good (powerful) computer,Lack of motivation,2.0,Yes,4.0,4.0,Positively,5-7 hours,2.0,7.0,7.0,6.0,5.0,Lack of previous knowledge or experience in the field,You do not care about,2,1.0,13.0,13.0,13.0,High,High,High,Moderate,Moderate,Moderate,High,High,Moderate,Moderate,Moderate,High,High,High,High,High,Moderate,High,High,High,High,10.0,9.0,10.0,Moderate,Moderate,Moderate,Moderate,Low,High,Moderate,Moderate,Low,Low,Low,Low,Moderate,Moderate,High,High,Moderate,Moderate,Moderate,Moderate,Low,Low,Moderate,Moderate,Moderate,Moderate,High
82,Male,Second year,Technical maths,10-17,In your room (dorms),Alone,Learning by practicing;Mind mapping and visualization;Online courses and tutorials,Books;Online documents;YouTube videos,Yes,Pressure,Lack of time,Teaching language,Lack of previous knowledge or experience in the field,Bad quality of internet,Teachers' teaching method,Not having a good (powerful) computer,Private life problems,Lack of motivation,2.0,No,1.0,2.0,You do not care about,8 hours or more,1.0,3.0,4.0,2.0,3.0,Lack of previous knowledge or experience in the field,You do not care about,2,1.0,13.0,13.0,13.0,Moderate,High,Very Low,Moderate,Very Low,Very Low,Moderate,Low,Low,Moderate,Moderate,Very Low,High,High,High,High,Moderate,High,High,High,High,10.0,9.0,10.0,Moderate,Moderate,Moderate,Moderate,Low,High,Moderate,Moderate,Low,Low,Low,Low,Moderate,Moderate,High,High,Moderate,Moderate,Moderate,Moderate,Low,Low,Moderate,Moderate,Moderate,Moderate,High
83,Male,Third year,Mathematics,10-17,In your room (dorms),Alone,Mind mapping and visualization;Online courses and tutorials,Books;Online documents,Yes,Lack of time,Pressure,Private life problems,Teachers' teaching method,Lack of previous knowledge or experience in the field,Not having a good (powerful) computer,Teaching language,Bad quality of internet,"Guergour, thabet, dib, w abdou jirani, nahkiw mashi n9raw ( w mouchaal lol)",3.0,No,3.0,3.0,Negatively,8 hours or more,2.0,7.0,6.0,6.0,7.0,Bad quality of internet,You do not care about,3,2.0,13.0,13.0,13.0,Moderate,High,Very Low,Moderate,Very Low,Very Low,Moderate,Low,Low,Moderate,Moderate,Very Low,High,High,High,High,Moderate,High,High,High,High,10.0,9.0,10.0,Moderate,Moderate,Moderate,Moderate,Low,High,Moderate,Moderate,Low,Low,Low,Low,Moderate,Moderate,High,High,Moderate,Moderate,Moderate,Moderate,Low,Low,Moderate,Moderate,Moderate,Moderate,High
84,Female,Fourth year,Mathematics,10-17,In your room (dorms),Alone,Learning by practicing;Project-based learning;Mind mapping and visualization,Online tutorials;YouTube videos,Yes,Lack of time,Bad quality of internet,Lack of previous knowledge or experience in the field,Pressure,Not having a good (powerful) computer,Private life problems,Teachers' teaching method,Teaching language,"The not organized study schedule put by the school , some modules requires TD and they do not have ...",2.0,Yes,4.0,4.0,You do not care about,5-7 hours,4.0,9.0,7.0,9.0,8.0,Unknown,Unknown,4,3.0,13.0,13.0,13.0,Moderate,High,Very Low,Moderate,Very Low,Very Low,Moderate,Low,Low,Moderate,Moderate,Very Low,High,High,High,High,Moderate,High,High,High,High,10.0,9.0,10.0,Moderate,Moderate,Moderate,Moderate,Low,High,Moderate,Moderate,Low,Low,Low,Low,Moderate,Moderate,High,High,Moderate,Moderate,Moderate,Moderate,Low,Low,Moderate,Moderate,Moderate,Moderate,High
85,Female,Third year,Science,26-33,At home,Alone,Lectures;Learning by practicing;Mind mapping and visualization,Online tutorials;Online documents,No,Lack of time,Pressure,Teachers' teaching method,Lack of previous knowledge or experience in the field,Bad quality of internet,Private life problems,Teaching language,Not having a good (powerful) computer,"Guergour, thabet, dib, w abdou jirani, nahkiw mashi n9raw ( w mouchaal lol)",2.0,No,2.0,4.0,Negatively,5-7 hours,5.0,8.0,7.0,6.0,7.0,Bad quality of internet,You do not care about,3,2.0,13.0,13.0,13.0,Moderate,High,Very Low,Moderate,Very Low,Very Low,Moderate,Low,Low,Moderate,Moderate,Very Low,High,High,High,High,Moderate,High,High,High,High,10.0,9.0,10.0,Moderate,Moderate,Moderate,Moderate,Low,High,Moderate,Moderate,Low,Low,Low,Low,Moderate,Moderate,High,High,Moderate,Moderate,Moderate,Moderate,Low,Low,Moderate,Moderate,Moderate,Moderate,High
86,Female,Fourth year,Mathematics,10-17,In your room (dorms),In peer,Learning by practicing;Mind mapping and visualization,Online documents;YouTube videos,Yes,Teachers' teaching method,Lack of time,Lack of previous knowledge or experience in the field,Bad quality of internet,Not having a good (powerful) computer,Private life problems,Pressure,Pressure,"The not organized study schedule put by the school , some modules requires TD and they do not have ...",2.0,No,3.0,4.0,You do not care about,5-7 hours,2.0,9.0,7.0,7.0,6.0,Unknown,Unknown,4,3.0,13.0,14.0,13.0,Moderate,High,Very Low,Moderate,Very Low,Very Low,Moderate,Low,Low,Moderate,Moderate,Very Low,High,High,High,High,Moderate,High,High,High,High,10.0,9.0,10.0,Moderate,Moderate,Moderate,Moderate,Low,High,Moderate,Moderate,Low,Low,Low,Low,Moderate,Moderate,High,High,Moderate,Moderate,Moderate,Moderate,Low,Low,Moderate,Moderate,Moderate,Moderate,High
87,Female,Second year,Science,26-33,In the school's library,Alone,"Learning by practicing, Project-based learning, Mind mapping and visualization","Books, Online tutorials, Online documents, YouTube videos",Yes,Lack of time,Pressure,Teachers' teaching method,Lack of previous knowledge or experience in the field,Private life problems,Bad quality of internet,Not having a good (powerful) computer,Teaching language,Lack of motivation,3.0,No,4.0,5.0,You do not care about,5-7 hours,3.0,7.0,7.0,8.0,9.0,Lack of previous knowledge or experience in the field,Positively,2,1.0,14.0,12.0,13.0,Moderate,High,Very Low,Moderate,Very Low,High,High,Low,Moderate,Moderate,Moderate,Very Low,High,High,Very High,High,High,Moderate,Very High,Very High,Moderate,10.0,9.0,10.0,Moderate,Moderate,Moderate,Moderate,Low,High,Moderate,Moderate,Low,Low,Low,Low,Moderate,Moderate,High,High,Moderate,Moderate,Moderate,Moderate,Low,Low,Moderate,Moderate,Moderate,Moderate,High
88,Female,Second year,Mathematics,34-41,In the school's library,Alone,"Learning by practicing, Online courses and tutorials","Online tutorials, YouTube videos",Yes,Pressure,Lack of time,Lack of previous knowledge or experience in the field,Lack of previous knowledge or experience in the field,Teachers' teaching method,Not having a good (powerful) computer,Bad quality of internet,Teaching language,Lack of motivation,2.0,Yes,3.0,3.0,You do not care about,5-7 hours,2.0,9.0,3.0,4.0,7.0,Private life problems,Positively,2,1.0,14.0,12.0,13.0,Moderate,High,Very Low,Moderate,Very Low,High,Moderate,Low,Moderate,Moderate,Moderate,Very Low,Very High,High,High,High,High,Moderate,High,Very High,High,10.0,9.0,10.0,Moderate,Moderate,Moderate,Moderate,Low,High,Moderate,Moderate,Low,Low,Low,Low,Moderate,Moderate,High,High,Moderate,Moderate,Moderate,Moderate,Low,Low,Moderate,Moderate,Moderate,Moderate,High
89,Male,Second year,Science,18-25,In your room (dorms),Alone,Learning by practicing;Project-based learning,Online tutorials;Online documents;YouTube videos,No,Lack of time,Pressure,Lack of previous knowledge or experience in the field,Teachers' teaching method,Bad quality of internet,Private life problems,Not having a good (powerful) computer,Teaching language,Feeling like the program is not really going to be that useful in the future wich leads to me not putting that much effort (less so in this year however),3.0,Yes,4.0,4.0,Positively,5-7 hours,3.0,9.0,7.0,8.0,5.0,Lack of previous knowledge or experience in the field,You do not care about,2,1.0,14.0,12.0,13.0,High,Moderate,High,Very High,Very High,High,Moderate,High,Moderate,Moderate,Moderate,High,Very High,High,High,High,High,Moderate,High,Very High,High,10.0,9.0,10.0,Moderate,Moderate,Moderate,Moderate,Low,High,Moderate,Moderate,Low,Low,Low,Low,Moderate,Moderate,High,High,Moderate,Moderate,Moderate,Moderate,Low,Low,Moderate,Moderate,Moderate,Moderate,High
90,Male,Second year,Mathematics,18-25,In your room (dorms),Alone,Lectures;Learning by practicing;Project-based learning;Online courses and tutorials,Online tutorials;Online documents;YouTube videos,No,Lack of time,Teachers' teaching method,Private life problems,Pressure,Lack of previous knowledge or experience in the field,Bad quality of internet,Teaching language,Not having a good (powerful) computer,Lack of motivation,3.0,No,4.0,4.0,Negatively,8 hours or more,3.0,7.0,7.0,7.0,7.0,Lack of previous knowledge or experience in the field,You do not care about,2,1.0,14.0,12.0,13.0,High,High,High,High,High,High,Moderate,High,Moderate,Moderate,Moderate,High,Very High,High,High,High,High,Moderate,High,Very High,High,10.0,9.0,10.0,Moderate,Moderate,Moderate,Moderate,Low,High,Moderate,Moderate,Low,Low,Low,Low,Moderate,Moderate,High,High,Moderate,Moderate,Moderate,Moderate,Low,Low,Moderate,Moderate,Moderate,Moderate,High
91,Male,Second year,Mathematics,10-17,In the school's library,Alone,Lectures,Books;YouTube videos,No,Bad quality of internet,Lack of time,Teachers' teaching method,Pressure,Not having a good (powerful) computer,Lack of previous knowledge or experience in the field,Private life problems,Teaching language,Lack of motivation,1.0,No,2.0,2.0,You do not care about,5-7 hours,4.0,7.0,7.0,5.0,7.0,Lack of previous knowledge or experience in the field,You do not care about,2,1.0,14.0,12.0,13.0,High,Moderate,Low,High,Very High,Low,Low,Moderate,Low,Very Low,High,Very High,Very High,High,High,High,High,Moderate,High,Very High,High,10.0,9.0,10.0,Moderate,Moderate,Moderate,Moderate,Low,High,Moderate,Moderate,Low,Low,Low,Low,Moderate,Moderate,High,High,Moderate,Moderate,Moderate,Moderate,Low,Low,Moderate,Moderate,Moderate,Moderate,High
92,Male,Second year,Science,10-17,In your room (dorms),Alone,"Learning by practicing, Project-based learning, Online courses and tutorials","Books, Online tutorials, Online documents, YouTube videos",Yes,Teachers' teaching method,Teachers' teaching method,Teachers' teaching method,Lack of previous knowledge or experience in the field,Teachers' teaching method,Teachers' teaching method,Pressure,Lack of time,Lack of motivation,1.0,Yes,1.0,3.0,You do not care about,5-7 hours,5.0,9.0,9.0,9.0,8.0,Teachers' teaching method,You do not care about,2,1.0,14.0,13.0,13.0,High,Moderate,Low,High,Very High,High,High,Moderate,High,Very Low,High,Very High,High,High,Very High,High,Moderate,High,High,High,Moderate,10.0,9.0,10.0,Moderate,Moderate,Moderate,Moderate,Low,High,Moderate,Moderate,Low,Low,Low,Low,Moderate,Moderate,High,High,Moderate,Moderate,Moderate,Moderate,Low,Low,Moderate,Moderate,Moderate,Moderate,High
93,Female,Second year,Mathematics,18-25,At home,Alone,Lectures;Learning by practicing;Mind mapping and visualization;Online courses and tutorials,Online tutorials;YouTube videos,Yes,Lack of time,Pressure,Private life problems,Lack of previous knowledge or experience in the field,Bad quality of internet,Teachers' teaching method,Teaching language,Not having a good (powerful) computer,fighting the urge to go and live in a cottage in the mountains,3.0,Yes,4.0,5.0,Negatively,8 hours or more,1.0,9.0,5.0,6.0,7.0,Lack of previous knowledge or experience in the field,You do not care about,2,2.0,14.0,13.0,13.0,Low,Moderate,Moderate,Moderate,Very High,High,High,Moderate,Low,Moderate,Moderate,Very High,High,High,Very High,High,Moderate,High,High,High,Moderate,10.0,9.0,10.0,Moderate,Moderate,Moderate,Moderate,Low,High,Moderate,Moderate,Low,Low,Low,Low,Moderate,Moderate,High,High,Moderate,Moderate,Moderate,Moderate,Low,Low,Moderate,Moderate,Moderate,Moderate,High
94,Female,Second year,Science,18-25,In the school's library,Alone,"Lectures, Learning by practicing, Project-based learning, Mind mapping and visualization, Interactive workshops, Online courses and tutorials","Books, Online documents, YouTube videos",No,Lack of time,Lack of previous knowledge or experience in the field,Private life problems,Lack of previous knowledge or experience in the field,Teachers' teaching method,Bad quality of internet,Teaching language,Not having a good (powerful) computer,Lack of motivation,3.0,No,3.0,3.0,You do not care about,5-7 hours,4.0,7.0,5.0,6.0,6.0,Pressure,Negatively,2,1.0,14.0,13.0,13.0,Low,Moderate,Moderate,Moderate,Very High,High,High,Moderate,Moderate,Moderate,Moderate,Very High,Very High,High,High,Moderate,Very High,Moderate,High,Very High,Moderate,10.0,9.0,10.0,Moderate,Moderate,Moderate,Moderate,Low,High,Moderate,Moderate,Low,Low,Low,Low,Moderate,Moderate,High,High,Moderate,Moderate,Moderate,Moderate,Low,Low,Moderate,Moderate,Moderate,Moderate,High
95,Female,Second year,Science,10-17,At home,In peer,Learning by practicing,"Books, Online tutorials, Online documents, YouTube videos",No,Teachers' teaching method,Lack of time,Lack of previous knowledge or experience in the field,Lack of previous knowledge or experience in the field,Bad quality of internet,Private life problems,Not having a good (powerful) computer,Teaching language,Lack of motivation,2.0,No,3.0,5.0,You do not care about,8 hours or more,3.0,6.0,5.0,5.0,6.0,Pressure,You do not care about,2,1.0,14.0,13.0,13.0,Low,Moderate,Moderate,Moderate,Very High,High,High,Moderate,Moderate,Moderate,Moderate,Very High,High,High,Very High,High,High,High,Very High,High,Moderate,10.0,9.0,10.0,Moderate,Moderate,Moderate,Moderate,Low,High,Moderate,Moderate,Low,Low,Low,Low,Moderate,Moderate,High,High,Moderate,Moderate,Moderate,Moderate,Low,Low,Moderate,Moderate,Moderate,Moderate,High
96,Female,Third year,Science,18-25,At home,In peer,Learning by practicing;Mind mapping and visualization;Interactive workshops;Online courses and tutorials,Books;Online documents;YouTube videos,No,Lack of time,Lack of previous knowledge or experience in the field,Teachers' teaching method,Pressure,Private life problems,Bad quality of internet,Teaching language,Not having a good (powerful) computer,"Guergour, thabet, dib, w abdou jirani, nahkiw mashi n9raw ( w mouchaal lol)",2.0,No,3.0,4.0,Negatively,5-7 hours,3.0,7.0,6.0,6.0,6.0,Bad quality of internet,You do not care about,3,2.0,14.0,13.0,13.0,High,Moderate,Moderate,Moderate,High,High,High,Moderate,Moderate,High,Moderate,Very High,High,High,Very High,High,High,High,Very High,High,Moderate,10.0,9.0,10.0,Moderate,Moderate,Moderate,Moderate,Low,High,Moderate,Moderate,Low,Low,Low,Low,Moderate,Moderate,High,High,Moderate,Moderate,Moderate,Moderate,Low,Low,Moderate,Moderate,Moderate,Moderate,High
97,Male,Second year,Mathematics,18-25,In your room (dorms),Alone,"Mind mapping and visualization, Online courses and tutorials","Books, Online tutorials, Online documents, YouTube videos, Private courses",Yes,Private life problems,Lack of previous knowledge or experience in the field,Teachers' teaching method,Lack of previous knowledge or experience in the field,Pressure,Bad quality of internet,Teaching language,Not having a good (powerful) computer,Lack of motivation,2.0,No,2.0,3.0,You do not care about,8 hours or more,4.0,8.0,6.0,5.0,8.0,Lack of time,You do not care about,2,1.0,14.0,13.0,13.0,High,Moderate,Moderate,Moderate,High,High,High,Moderate,Moderate,High,Moderate,Very High,High,High,Very High,High,Moderate,High,High,High,Moderate,10.0,9.0,10.0,Moderate,Moderate,Moderate,Moderate,Low,High,Moderate,Moderate,Low,Low,Low,Low,Moderate,Moderate,High,High,Moderate,Moderate,Moderate,Moderate,Low,Low,Moderate,Moderate,Moderate,Moderate,High
98,Female,Second year,Mathematics,18-25,At home,In peer,Learning by practicing;Online courses and tutorials,Online documents;YouTube videos,Yes,Teachers' teaching method,Lack of previous knowledge or experience in the field,Lack of time,Bad quality of internet,Pressure,Teaching language,Private life problems,Not having a good (powerful) computer,Lack of motivation,1.0,No,3.0,3.0,Positively,5-7 hours,2.0,7.0,7.0,6.0,6.0,Lack of previous knowledge or experience in the field,You do not care about,2,1.0,14.0,13.0,13.0,High,Moderate,High,High,High,High,High,High,Moderate,High,Moderate,High,High,High,Very High,High,Moderate,High,High,High,Moderate,10.0,9.0,10.0,Moderate,Moderate,Moderate,Moderate,Low,High,Moderate,Moderate,Low,Low,Low,Low,Moderate,Moderate,High,High,Moderate,Moderate,Moderate,Moderate,Low,Low,Moderate,Moderate,Moderate,Moderate,High
99,Male,Second year,Science,10-17,In the school's library,In peer,"Learning by practicing, Project-based learning, Mind mapping and visualization","YouTube videos, Private courses",No,Lack of previous knowledge or experience in the field,Teaching language,Teachers' teaching method,Lack of previous knowledge or experience in the field,Bad quality of internet,Lack of time,Private life problems,Not having a good (powerful) computer,Lack of motivation,3.0,Yes,3.0,5.0,You do not care about,8 hours or more,5.0,6.0,7.0,8.0,6.0,Pressure,You do not care about,2,1.0,14.0,13.0,13.0,High,Moderate,High,High,High,High,High,High,Moderate,High,Moderate,High,Very High,High,Very High,High,High,High,Very High,High,High,10.0,9.0,10.0,Moderate,Moderate,Moderate,Moderate,Low,High,Moderate,Moderate,Low,Low,Low,Low,Moderate,Moderate,High,High,Moderate,Moderate,Moderate,Moderate,Low,Low,Moderate,Moderate,Moderate,Moderate,High
100,Female,Third year,Science,10-17,At home,Alone,Learning by practicing;Project-based learning;Mind mapping and visualization;Online courses and tutorials,Books;Online tutorials;Online documents;YouTube videos,No,Lack of time,Pressure,Teachers' teaching method,Private life problems,Lack of previous knowledge or experience in the field,Not having a good (powerful) computer,Bad quality of internet,Teaching language,"Perhaps the challenge lies in the lack of resources for theoretical exercises, or the kind of exos that we find in exams",3.0,Yes,4.0,5.0,Positively,5-7 hours,4.0,7.0,8.0,7.0,7.0,Bad quality of internet,You do not care about,3,2.0,14.0,13.0,13.0,High,Moderate,High,High,High,High,High,High,Moderate,Very High,Moderate,High,Very High,High,Very High,High,High,High,Very High,High,High,10.0,9.0,10.0,Moderate,Moderate,Moderate,Moderate,Low,High,Moderate,Moderate,Low,Low,Low,Low,Moderate,Moderate,High,High,Moderate,Moderate,Moderate,Moderate,Low,Low,Moderate,Moderate,Moderate,Moderate,High
101,Female,Second year,Science,18-25,At home,Alone,Lectures;Online courses and tutorials,Online documents,No,Lack of time,Pressure,Lack of previous knowledge or experience in the field,Private life problems,Teachers' teaching method,Bad quality of internet,Not having a good (powerful) computer,Teaching language,nothing,2.0,Yes,4.0,3.0,You do not care about,8 hours or more,5.0,7.0,8.0,8.0,6.0,Lack of previous knowledge or experience in the field,You do not care about,2,1.0,14.0,13.0,13.0,High,Moderate,High,High,High,High,High,High,Moderate,High,Moderate,High,Very High,High,Very High,High,High,High,Very High,High,High,10.0,9.0,10.0,Moderate,Moderate,Moderate,Moderate,Low,High,Moderate,Moderate,Low,Low,Low,Low,Moderate,Moderate,High,High,Moderate,Moderate,Moderate,Moderate,Low,Low,Moderate,Moderate,Moderate,Moderate,High
102,Female,Second year,Mathematics,18-25,In the dorms' library,In peer,Learning by practicing,YouTube videos,Yes,Pressure,Lack of previous knowledge or experience in the field,Teachers' teaching method,Lack of time,Teaching language,Private life problems,Bad quality of internet,Not having a good (powerful) computer,Lack of motivation,2.0,No,3.0,3.0,Negatively,5-7 hours,2.0,5.0,6.0,6.0,6.0,Lack of previous knowledge or experience in the field,You do not care about,2,1.0,14.0,13.0,13.0,Moderate,Moderate,High,Moderate,High,High,Moderate,Moderate,Moderate,Moderate,Moderate,Moderate,Very High,High,Very High,High,High,High,Very High,High,High,10.0,9.0,10.0,Moderate,Moderate,Moderate,Moderate,Low,High,Moderate,Moderate,Low,Low,Low,Low,Moderate,Moderate,High,High,Moderate,Moderate,Moderate,Moderate,Low,Low,Moderate,Moderate,Moderate,Moderate,High
103,Female,Third year,Mathematics,10-17,At home,Alone,Lectures;Learning by practicing,Online tutorials;YouTube videos,No,Lack of previous knowledge or experience in the field,Bad quality of internet,Teachers' teaching method,Pressure,Pressure,Teaching language,Lack of time,Private life problems,"Guergour, thabet, dib, w abdou jirani, nahkiw mashi n9raw ( w mouchaal lol)",2.0,Yes,2.0,2.0,You do not care about,8 hours or more,4.0,7.0,7.0,7.0,9.0,Bad quality of internet,You do not care about,3,3.0,14.0,13.0,13.0,Moderate,Moderate,High,Moderate,High,High,Moderate,Moderate,Moderate,High,High,High,Very High,High,Very High,High,High,High,Very High,High,High,10.0,9.0,10.0,Moderate,Moderate,Moderate,Moderate,Low,High,Moderate,Moderate,Low,Low,Low,Low,Moderate,Moderate,High,High,Moderate,Moderate,Moderate,Moderate,Low,Low,Moderate,Moderate,Moderate,Moderate,High
104,Male,Second year,Mathematics,18-25,In your room (dorms),Alone,"Mind mapping and visualization, Online courses and tutorials","Online tutorials, Online documents, YouTube videos",Yes,Teachers' teaching method,Lack of previous knowledge or experience in the field,Pressure,Lack of previous knowledge or experience in the field,Lack of time,Bad quality of internet,Teaching language,Not having a good (powerful) computer,Lack of motivation,2.0,Yes,3.0,3.0,You do not care about,5-7 hours,3.0,6.0,6.0,6.0,8.0,Private life problems,Negatively,2,1.0,14.0,13.0,13.0,Moderate,Moderate,High,Moderate,High,Moderate,High,Moderate,Moderate,High,High,High,High,High,Very High,High,Moderate,High,Very High,High,Moderate,10.0,9.0,10.0,Moderate,Moderate,Moderate,Moderate,Low,High,Moderate,Moderate,Low,Low,Low,Low,Moderate,Moderate,High,High,Moderate,Moderate,Moderate,Moderate,Low,Low,Moderate,Moderate,Moderate,Moderate,High
105,Female,Third year,Technical maths,18-25,In the school's library,With a group,Learning by practicing;Project-based learning;Mind mapping and visualization;Interactive workshops,Online tutorials;YouTube videos,Yes,Lack of time,Pressure,Teachers' teaching method,Lack of previous knowledge or experience in the field,Bad quality of internet,Private life problems,Not having a good (powerful) computer,Teaching language,"Guergour, thabet, dib, w abdou jirani, nahkiw mashi n9raw ( w mouchaal lol)",3.0,Yes,3.0,5.0,Positively,5-7 hours,4.0,8.0,7.0,8.0,7.0,Bad quality of internet,You do not care about,3,2.0,14.0,13.0,13.0,Moderate,High,High,Moderate,High,Very High,High,Moderate,Moderate,High,Moderate,High,High,High,Very High,High,Moderate,High,Very High,High,Moderate,10.0,9.0,10.0,Moderate,Moderate,Moderate,Moderate,Low,High,Moderate,Moderate,Low,Low,Low,Low,Moderate,Moderate,High,High,Moderate,Moderate,Moderate,Moderate,Low,Low,Moderate,Moderate,Moderate,Moderate,High
106,Female,Second year,Mathematics,18-25,In the school's library,With a group,Lectures;Online courses and tutorials,Online documents;YouTube videos,Yes,Pressure,Teachers' teaching method,Lack of time,Bad quality of internet,Private life problems,Teaching language,Private life problems,Not having a good (powerful) computer,Exhausted at any time,2.0,Yes,3.0,2.0,Negatively,8 hours or more,2.0,7.0,7.0,7.0,8.0,Lack of previous knowledge or experience in the field,You do not care about,2,1.0,14.0,13.0,13.0,High,High,Moderate,High,High,Very High,High,High,Moderate,Very High,Moderate,High,High,High,Very High,High,Moderate,High,Very High,High,Moderate,10.0,9.0,10.0,Moderate,Moderate,Moderate,Moderate,Low,High,Moderate,Moderate,Low,Low,Low,Low,Moderate,Moderate,High,High,Moderate,Moderate,Moderate,Moderate,Low,Low,Moderate,Moderate,Moderate,Moderate,High
107,Female,Third year,Science,18-25,At home,In peer,Learning by practicing;Project-based learning;Mind mapping and visualization;Online courses and tutorials,Online documents;YouTube videos,Yes,Lack of time,Pressure,Lack of previous knowledge or experience in the field,Teachers' teaching method,Bad quality of internet,Private life problems,Teachers' teaching method,Not having a good (powerful) computer,"Guergour, thabet, dib, w abdou jirani, nahkiw mashi n9raw ( w mouchaal lol)",3.0,No,3.0,5.0,Positively,5-7 hours,3.0,8.0,8.0,8.0,8.0,Bad quality of internet,You do not care about,3,2.0,14.0,13.0,13.0,High,High,Moderate,High,High,Very High,High,High,Moderate,Very High,Moderate,High,High,High,Very High,High,Moderate,High,Very High,High,Moderate,10.0,9.0,10.0,Moderate,Moderate,Moderate,Moderate,Low,High,Moderate,Moderate,Low,Low,Low,Low,Moderate,Moderate,High,High,Moderate,Moderate,Moderate,Moderate,Low,Low,Moderate,Moderate,Moderate,Moderate,High
108,Female,Second year,Mathematics,10-17,At home,Alone,Online courses and tutorials,Online documents,No,Lack of time,Pressure,Lack of previous knowledge or experience in the field,Lack of previous knowledge or experience in the field,Bad quality of internet,Not having a good (powerful) computer,Teaching language,Private life problems,Lack of motivation,2.0,No,4.0,4.0,You do not care about,5-7 hours,2.0,7.0,6.0,6.0,5.0,Teachers' teaching method,Negatively,2,1.0,15.0,11.0,13.0,High,High,Moderate,High,High,High,Moderate,High,Low,Very High,Moderate,High,Very High,High,Very High,High,High,Moderate,High,Very High,High,10.0,9.0,10.0,Moderate,Moderate,Moderate,Moderate,Low,High,Moderate,Moderate,Low,Low,Low,Low,Moderate,Moderate,High,High,Moderate,Moderate,Moderate,Moderate,Low,Low,Moderate,Moderate,Moderate,Moderate,High
109,Male,Second year,Mathematics,10-17,In your room (dorms),Alone,Online courses and tutorials,YouTube videos,No,Lack of time,Lack of previous knowledge or experience in the field,Pressure,Lack of previous knowledge or experience in the field,Teachers' teaching method,Bad quality of internet,Not having a good (powerful) computer,Teaching language,Lack of motivation,4.0,No,4.0,5.0,You do not care about,5-7 hours,2.0,7.0,5.0,3.0,5.0,Private life problems,Positively,2,1.0,15.0,12.0,13.0,High,High,Moderate,High,High,High,High,High,High,Very High,Moderate,High,Very High,High,High,High,High,High,Moderate,High,Moderate,10.0,9.0,10.0,Moderate,Moderate,Moderate,Moderate,Low,High,Moderate,Moderate,Low,Low,Low,Low,Moderate,Moderate,High,High,Moderate,Moderate,Moderate,Moderate,Low,Low,Moderate,Moderate,Moderate,Moderate,High
110,Female,Second year,Mathematics,18-25,In the school's library,In peer,"Learning by practicing, Project-based learning, Online courses and tutorials","Books, Online tutorials, Online documents, YouTube videos",Yes,Teachers' teaching method,Lack of time,Lack of previous knowledge or experience in the field,Lack of previous knowledge or experience in the field,Not having a good (powerful) computer,Bad quality of internet,Private life problems,Teaching language,Lack of motivation,2.0,Yes,4.0,4.0,You do not care about,5-7 hours,2.0,9.0,5.0,5.0,7.0,Pressure,You do not care about,2,1.0,15.0,12.0,13.0,High,High,Moderate,High,High,High,High,High,Moderate,Very High,Moderate,High,Very High,High,High,Moderate,Very High,Moderate,Very High,Very High,Moderate,10.0,9.0,10.0,Moderate,Moderate,Moderate,Moderate,Low,High,Moderate,Moderate,Low,Low,Low,Low,Moderate,Moderate,High,High,Moderate,Moderate,Moderate,Moderate,Low,Low,Moderate,Moderate,Moderate,Moderate,High
111,Male,Second year,Mathematics,18-25,In your room (dorms),Alone,Learning by practicing,"Books, YouTube videos",Yes,Lack of time,Pressure,Teachers' teaching method,Lack of previous knowledge or experience in the field,Teaching language,Bad quality of internet,Not having a good (powerful) computer,Private life problems,Lack of motivation,3.0,Yes,3.0,4.0,You do not care about,5-7 hours,2.0,8.0,6.0,6.0,5.0,Lack of previous knowledge or experience in the field,Positively,2,1.0,15.0,12.0,13.0,High,High,Moderate,High,High,High,High,High,Moderate,Very High,Moderate,High,Very High,High,Very High,High,High,High,High,Very High,Moderate,10.0,9.0,10.0,Moderate,Moderate,Moderate,Moderate,Low,High,Moderate,Moderate,Low,Low,Low,Low,Moderate,Moderate,High,High,Moderate,Moderate,Moderate,Moderate,Low,Low,Moderate,Moderate,Moderate,Moderate,High
112,Female,Second year,Science,18-25,In the school's library,In peer,"Learning by practicing, Mind mapping and visualization, Online courses and tutorials",YouTube videos,Yes,Lack of time,Pressure,Private life problems,Lack of previous knowledge or experience in the field,Bad quality of internet,Lack of previous knowledge or experience in the field,Not having a good (powerful) computer,Teaching language,Lack of motivation,2.0,No,3.0,4.0,You do not care about,5-7 hours,3.0,8.0,6.0,7.0,8.0,Teachers' teaching method,Negatively,2,1.0,15.0,12.0,13.0,High,High,Moderate,High,High,High,Moderate,High,Moderate,Very High,Moderate,High,Very High,High,Very High,High,Very High,Moderate,High,Very High,Moderate,10.0,9.0,10.0,Moderate,Moderate,Moderate,Moderate,Low,High,Moderate,Moderate,Low,Low,Low,Low,Moderate,Moderate,High,High,Moderate,Moderate,Moderate,Moderate,Low,Low,Moderate,Moderate,Moderate,Moderate,High
113,Male,Second year,Science,18-25,In your room (dorms),Alone,"Learning by practicing, Mind mapping and visualization, Online courses and tutorials","Books, Online tutorials, Online documents, YouTube videos",Yes,Private life problems,Teachers' teaching method,Lack of previous knowledge or experience in the field,Lack of previous knowledge or experience in the field,Not having a good (powerful) computer,Pressure,Bad quality of internet,Teaching language,Lack of motivation,2.0,Yes,5.0,4.0,You do not care about,5-7 hours,4.0,6.0,5.0,7.0,7.0,Lack of time,Negatively,2,1.0,15.0,12.0,13.0,High,High,Moderate,High,High,Very High,High,High,Moderate,Very High,Moderate,High,Very High,High,Very High,High,High,High,High,High,Low,10.0,9.0,10.0,Moderate,Moderate,Moderate,Moderate,Low,High,Moderate,Moderate,Low,Low,Low,Low,Moderate,Moderate,High,High,Moderate,Moderate,Moderate,Moderate,Low,Low,Moderate,Moderate,Moderate,Moderate,High
114,Female,Second year,Science,More than 41 hours,In your room (dorms),With a group,Learning by practicing,"Online tutorials, YouTube videos",Yes,Lack of previous knowledge or experience in the field,Lack of time,Teachers' teaching method,Lack of previous knowledge or experience in the field,Private life problems,Bad quality of internet,Teaching language,Not having a good (powerful) computer,Lack of motivation,2.0,No,3.0,4.0,You do not care about,5-7 hours,3.0,8.0,7.0,3.0,8.0,Pressure,You do not care about,2,1.0,15.0,12.0,13.0,High,High,Moderate,High,High,Very High,High,High,Moderate,Very High,Moderate,High,Very High,High,Very High,Moderate,High,High,High,High,Moderate,10.0,9.0,10.0,Moderate,Moderate,Moderate,Moderate,Low,High,Moderate,Moderate,Low,Low,Low,Low,Moderate,Moderate,High,High,Moderate,Moderate,Moderate,Moderate,Low,Low,Moderate,Moderate,Moderate,Moderate,High
115,Male,Second year,Mathematics,18-25,In the school's library,In peer,"Lectures, Learning by practicing, Project-based learning","Books, Online documents, YouTube videos",No,Private life problems,Teachers' teaching method,Pressure,Lack of previous knowledge or experience in the field,Lack of previous knowledge or experience in the field,Bad quality of internet,Teaching language,Not having a good (powerful) computer,Lack of motivation,1.0,No,4.0,5.0,You do not care about,8 hours or more,2.0,8.0,7.0,8.0,3.0,Lack of time,Negatively,2,1.0,15.0,13.0,13.0,High,High,Moderate,High,High,High,High,High,Moderate,Very High,Moderate,High,High,High,Very High,High,Moderate,High,High,High,Moderate,10.0,9.0,10.0,Moderate,Moderate,Moderate,Moderate,Low,High,Moderate,Moderate,Low,Low,Low,Low,Moderate,Moderate,High,High,Moderate,Moderate,Moderate,Moderate,Low,Low,Moderate,Moderate,Moderate,Moderate,High
116,Male,Second year,Science,10-17,In your room (dorms),Alone,Mind mapping and visualization;Online courses and tutorials,YouTube videos,No,Lack of previous knowledge or experience in the field,Teachers' teaching method,Lack of time,Pressure,Private life problems,Not having a good (powerful) computer,Bad quality of internet,Teaching language,Lack of motivation,2.0,No,5.0,4.0,You do not care about,8 hours or more,3.0,6.0,5.0,4.0,4.0,Lack of previous knowledge or experience in the field,You do not care about,2,1.0,16.0,10.0,13.0,High,High,Very High,High,High,High,Moderate,Moderate,Moderate,Moderate,Moderate,Moderate,High,High,Very High,High,Moderate,High,High,High,Moderate,10.0,9.0,10.0,Moderate,Moderate,Moderate,Moderate,Low,High,Moderate,Moderate,Low,Low,Low,Low,Moderate,Moderate,High,High,Moderate,Moderate,Moderate,Moderate,Low,Low,Moderate,Moderate,Moderate,Moderate,High
117,Female,Second year,Science,18-25,At home,Alone,Mind mapping and visualization;Interactive workshops;Online courses and tutorials,YouTube videos;Private courses,Yes,Pressure,Lack of time,Teachers' teaching method,Lack of previous knowledge or experience in the field,Bad quality of internet,Teaching language,Private life problems,Not having a good (powerful) computer,Lack of motivation,2.0,Yes,4.0,2.0,Positively,8 hours or more,2.0,5.0,5.0,5.0,4.0,Lack of previous knowledge or experience in the field,You do not care about,2,1.0,16.0,10.0,13.0,High,High,Moderate,Moderate,Very High,High,Moderate,Very High,High,Low,Moderate,High,High,High,Very High,High,Moderate,High,High,High,Moderate,10.0,9.0,10.0,Moderate,Moderate,Moderate,Moderate,Low,High,Moderate,Moderate,Low,Low,Low,Low,Moderate,Moderate,High,High,Moderate,Moderate,Moderate,Moderate,Low,Low,Moderate,Moderate,Moderate,Moderate,High
118,Male,Second year,Mathematics,10-17,At home,Alone,"Learning by practicing, Mind mapping and visualization, Online courses and tutorials","Books, Online tutorials, YouTube videos",No,Lack of time,Bad quality of internet,Teachers' teaching method,Lack of previous knowledge or experience in the field,Lack of previous knowledge or experience in the field,Private life problems,Pressure,Not having a good (powerful) computer,Lack of motivation,3.0,Yes,4.0,4.0,You do not care about,5-7 hours,4.0,8.0,8.0,7.0,7.0,Teaching language,Positively,2,1.0,13.0,14.0,14.0,High,High,Moderate,Moderate,Very High,High,High,Very High,Moderate,Low,Moderate,High,High,High,High,High,Moderate,High,Very High,Very High,High,10.0,9.0,10.0,Moderate,Moderate,Moderate,Moderate,Low,High,Moderate,Moderate,Low,Low,Low,Low,Moderate,Moderate,High,High,Moderate,Moderate,Moderate,Moderate,Low,Low,Moderate,Moderate,Moderate,Moderate,High
119,Male,Third year,Mathematics,10-17,At home,Alone,Learning by practicing;Project-based learning;Online courses and tutorials,Online tutorials;Online documents;YouTube videos,No,Lack of time,Lack of previous knowledge or experience in the field,Teachers' teaching method,Not having a good (powerful) computer,Pressure,Bad quality of internet,Private life problems,Teaching language,"Guergour, thabet, dib, w abdou jirani, nahkiw mashi n9raw ( w mouchaal lol)",2.0,Yes,3.0,4.0,You do not care about,5-7 hours,3.0,8.0,8.0,7.0,7.0,Bad quality of internet,You do not care about,3,2.0,13.0,14.0,14.0,High,High,Moderate,Moderate,Very High,High,High,Very High,Moderate,Low,Moderate,High,High,High,High,High,Moderate,High,Very High,Very High,High,10.0,9.0,10.0,Moderate,Moderate,Moderate,Moderate,Low,High,Moderate,Moderate,Low,Low,Low,Low,Moderate,Moderate,High,High,Moderate,Moderate,Moderate,Moderate,Low,Low,Moderate,Moderate,Moderate,Moderate,High
120,Female,Second year,Science,34-41,In the school's library,Alone,Lectures;Learning by practicing;Mind mapping and visualization,Books;Online tutorials;Online documents;YouTube videos,Yes,Teachers' teaching method,Pressure,Lack of time,Lack of previous knowledge or experience in the field,Private life problems,Lack of previous knowledge or experience in the field,Bad quality of internet,Not having a good (powerful) computer,Lack of motivation,3.0,Yes,3.0,4.0,You do not care about,5-7 hours,2.0,7.0,4.0,3.0,5.0,Lack of previous knowledge or experience in the field,You do not care about,2,1.0,13.0,15.0,14.0,Moderate,Moderate,Moderate,Very High,Very High,Moderate,High,Very High,Moderate,High,Very High,Very High,High,High,High,High,Moderate,High,Very High,Very High,High,10.0,9.0,10.0,Moderate,Moderate,Moderate,Moderate,Low,High,Moderate,Moderate,Low,Low,Low,Low,Moderate,Moderate,High,High,Moderate,Moderate,Moderate,Moderate,Low,Low,Moderate,Moderate,Moderate,Moderate,High
121,Female,Second year,Mathematics,10-17,In your room (dorms),Alone,Lectures;Learning by practicing;Project-based learning;Online courses and tutorials,Online tutorials;Online documents;YouTube videos,No,Teachers' teaching method,Lack of previous knowledge or experience in the field,Teachers' teaching method,Bad quality of internet,Private life problems,Not having a good (powerful) computer,Pressure,Teaching language,Lack of motivation,4.0,Yes,4.0,4.0,You do not care about,8 hours or more,5.0,7.0,9.0,8.0,9.0,Lack of previous knowledge or experience in the field,You do not care about,2,1.0,13.0,15.0,14.0,Very Low,Very High,Very High,Very High,Low,Very Low,High,Very High,High,Very High,High,Very Low,High,High,High,High,Moderate,High,Very High,Very High,High,10.0,9.0,10.0,Moderate,Moderate,Moderate,Moderate,Low,High,Moderate,Moderate,Low,Low,Low,Low,Moderate,Moderate,High,High,Moderate,Moderate,Moderate,Moderate,Low,Low,Moderate,Moderate,Moderate,Moderate,High
122,Female,Fourth year,Mathematics,18-25,In your room (dorms),Alone,Lectures;Learning by practicing;Project-based learning;Interactive workshops;Online courses and tutorials,Books;Online documents;YouTube videos,Yes,Bad quality of internet,Pressure,Lack of previous knowledge or experience in the field,Lack of time,Not having a good (powerful) computer,Teachers' teaching method,Private life problems,Teaching language,"The not organized study schedule put by the school , some modules requires TD and they do not have ...",4.0,Yes,2.0,5.0,Positively,5-7 hours,3.0,8.0,9.0,9.0,9.0,Unknown,Unknown,4,3.0,13.0,15.0,14.0,Very Low,Very High,Very High,Very High,Low,Very Low,High,Very High,High,Very High,High,Very Low,High,High,High,High,Moderate,High,Very High,Very High,High,10.0,9.0,10.0,Moderate,Moderate,Moderate,Moderate,Low,High,Moderate,Moderate,Low,Low,Low,Low,Moderate,Moderate,High,High,Moderate,Moderate,Moderate,Moderate,Low,Low,Moderate,Moderate,Moderate,Moderate,High
123,Male,Second year,Mathematics,26-33,In the school's library,Alone,Learning by practicing;Online courses and tutorials,Online tutorials;Online documents;YouTube videos,Yes,Pressure,Lack of time,Teachers' teaching method,Lack of previous knowledge or experience in the field,Private life problems,Teaching language,Bad quality of internet,Not having a good (powerful) computer,"ProcrProcrastination especially when we have a lot of projects, tests and deadlines in the same period of time",3.0,Yes,3.0,4.0,Positively,5-7 hours,2.0,8.0,7.0,7.0,6.0,Lack of previous knowledge or experience in the field,You do not care about,2,1.0,14.0,13.0,14.0,High,High,High,Moderate,High,Moderate,High,High,Moderate,Moderate,Moderate,Moderate,High,High,High,High,Moderate,High,Very High,Very High,High,10.0,9.0,10.0,Moderate,Moderate,Moderate,Moderate,Low,High,Moderate,Moderate,Low,Low,Low,Low,Moderate,Moderate,High,High,Moderate,Moderate,Moderate,Moderate,Low,Low,Moderate,Moderate,Moderate,Moderate,High
124,Male,Second year,Mathematics,10-17,In your room (dorms),Alone,Lectures;Mind mapping and visualization,Books;Online documents;YouTube videos,No,Teachers' teaching method,Private life problems,Lack of time,Pressure,Pressure,Not having a good (powerful) computer,Lack of time,Bad quality of internet,Lack of motivation,2.0,No,3.0,4.0,You do not care about,5-7 hours,3.0,8.0,6.0,6.0,5.0,Lack of previous knowledge or experience in the field,You do not care about,2,1.0,14.0,13.0,14.0,High,High,High,Moderate,High,Moderate,High,High,Moderate,Moderate,Moderate,Moderate,High,High,High,High,Moderate,High,Very High,Very High,High,10.0,9.0,10.0,Moderate,Moderate,Moderate,Moderate,Low,High,Moderate,Moderate,Low,Low,Low,Low,Moderate,Moderate,High,High,Moderate,Moderate,Moderate,Moderate,Low,Low,Moderate,Moderate,Moderate,Moderate,High
125,Male,Second year,Science,10-17,In your room (dorms),Alone,Learning by practicing;Project-based learning,Books;Online tutorials;Online documents,Yes,Bad quality of internet,Teachers' teaching method,Lack of time,Pressure,Not having a good (powerful) computer,Teaching language,Lack of previous knowledge or experience in the field,Private life problems,Lack of motivation,1.0,Yes,5.0,5.0,Positively,8 hours or more,4.0,8.0,9.0,9.0,7.0,Lack of previous knowledge or experience in the field,You do not care about,2,1.0,14.0,13.0,14.0,High,High,High,Moderate,High,Moderate,High,High,Moderate,Moderate,Moderate,Moderate,High,High,High,High,Moderate,High,Very High,Very High,High,10.0,9.0,10.0,Moderate,Moderate,Moderate,Moderate,Low,High,Moderate,Moderate,Low,Low,Low,Low,Moderate,Moderate,High,High,Moderate,Moderate,Moderate,Moderate,Low,Low,Moderate,Moderate,Moderate,Moderate,High
126,Male,Second year,Science,34-41,In your room (dorms),In peer,Lectures;Learning by practicing;Online courses and tutorials,Online tutorials;Online documents;YouTube videos,No,Lack of time,Teachers' teaching method,Private life problems,Pressure,Lack of previous knowledge or experience in the field,Not having a good (powerful) computer,Teaching language,Bad quality of internet,Lack of motivation,3.0,Yes,3.0,4.0,You do not care about,5-7 hours,4.0,7.0,7.0,7.0,8.0,Lack of previous knowledge or experience in the field,You do not care about,2,1.0,14.0,14.0,14.0,High,High,Moderate,High,High,High,High,High,High,High,High,High,High,High,High,High,Moderate,High,Very High,Very High,High,10.0,9.0,10.0,Moderate,Moderate,Moderate,Moderate,Low,High,Moderate,Moderate,Low,Low,Low,Low,Moderate,Moderate,High,High,Moderate,Moderate,Moderate,Moderate,Low,Low,Moderate,Moderate,Moderate,Moderate,High
127,Male,Second year,Mathematics,34-41,At home,Alone,Lectures;Learning by practicing;Mind mapping and visualization,Online tutorials;Online documents;YouTube videos,No,Private life problems,Lack of previous knowledge or experience in the field,Teachers' teaching method,Teaching language,Pressure,Bad quality of internet,Lack of time,Not having a good (powerful) computer,Lack of motivation,2.0,No,3.0,4.0,Negatively,5-7 hours,3.0,7.0,8.0,7.0,7.0,Lack of previous knowledge or experience in the field,You do not care about,2,1.0,14.0,14.0,14.0,High,Moderate,High,Very High,High,High,High,High,High,Moderate,High,High,High,High,High,High,Moderate,High,Very High,Very High,High,10.0,9.0,10.0,Moderate,Moderate,Moderate,Moderate,Low,High,Moderate,Moderate,Low,Low,Low,Low,Moderate,Moderate,High,High,Moderate,Moderate,Moderate,Moderate,Low,Low,Moderate,Moderate,Moderate,Moderate,High
128,Female,Third year,Science,34-41,In your room (dorms),Alone,Lectures;Learning by practicing;Project-based learning;Online courses and tutorials,Online tutorials;Online documents;YouTube videos,No,Pressure,Lack of time,Bad quality of internet,Private life problems,Teachers' teaching method,Lack of previous knowledge or experience in the field,Teaching language,Not having a good (powerful) computer,"Guergour, thabet, dib, w abdou jirani, nahkiw mashi n9raw ( w mouchaal lol)",3.0,Yes,5.0,5.0,Positively,5-7 hours,4.0,8.0,9.0,8.0,7.0,Bad quality of internet,You do not care about,3,2.0,14.0,14.0,14.0,High,Moderate,High,Very High,Very High,High,Moderate,High,Low,Moderate,High,High,High,High,High,High,Moderate,High,Very High,Very High,High,10.0,9.0,10.0,Moderate,Moderate,Moderate,Moderate,Low,High,Moderate,Moderate,Low,Low,Low,Low,Moderate,Moderate,High,High,Moderate,Moderate,Moderate,Moderate,Low,Low,Moderate,Moderate,Moderate,Moderate,High
129,Male,Second year,Mathematics,18-25,In your room (dorms),Alone,"Lectures, Learning by practicing","Online tutorials, Online documents, YouTube videos",No,Teachers' teaching method,Lack of previous knowledge or experience in the field,Pressure,Lack of previous knowledge or experience in the field,Teaching language,Lack of time,Private life problems,Not having a good (powerful) computer,Lack of motivation,1.0,No,2.0,5.0,You do not care about,5-7 hours,1.0,7.0,7.0,7.0,7.0,Bad quality of internet,You do not care about,2,1.0,14.0,14.0,14.0,High,Moderate,High,Very High,Very High,High,High,High,Moderate,Moderate,High,High,Very High,High,High,High,Moderate,High,Very High,High,High,10.0,9.0,10.0,Moderate,Moderate,Moderate,Moderate,Low,High,Moderate,Moderate,Low,Low,Low,Low,Moderate,Moderate,High,High,Moderate,Moderate,Moderate,Moderate,Low,Low,Moderate,Moderate,Moderate,Moderate,High
130,Male,Second year,Technical maths,18-25,In your room (dorms),Alone,Lectures;Learning by practicing;Online courses and tutorials,Online tutorials;Online documents,Yes,Lack of time,Pressure,Bad quality of internet,Not having a good (powerful) computer,Teachers' teaching method,Lack of previous knowledge or experience in the field,Private life problems,Teaching language,Lack of motivation,3.0,No,4.0,4.0,Positively,5-7 hours,4.0,5.0,7.0,7.0,6.0,Lack of previous knowledge or experience in the field,You do not care about,2,1.0,14.0,14.0,14.0,Moderate,High,High,Very High,Moderate,Moderate,Moderate,High,High,High,High,Moderate,Very High,High,High,High,Moderate,High,Very High,High,High,10.0,9.0,10.0,Moderate,Moderate,Moderate,Moderate,Low,High,Moderate,Moderate,Low,Low,Low,Low,Moderate,Moderate,High,High,Moderate,Moderate,Moderate,Moderate,Low,Low,Moderate,Moderate,Moderate,Moderate,High
131,Male,Third year,Science,10-17,At home,In peer,Learning by practicing;Project-based learning;Mind mapping and visualization;Interactive workshops;Online courses and tutorials,YouTube videos,No,Teaching language,Lack of previous knowledge or experience in the field,Teachers' teaching method,Lack of time,Pressure,Private life problems,Bad quality of internet,Not having a good (powerful) computer,"Guergour, thabet, dib, w abdou jirani, nahkiw mashi n9raw ( w mouchaal lol)",4.0,Yes,3.0,3.0,Positively,8 hours or more,5.0,7.0,7.0,7.0,7.0,Bad quality of internet,You do not care about,3,2.0,14.0,14.0,14.0,Moderate,High,High,Very High,High,Moderate,Moderate,High,Low,Moderate,Moderate,High,Very High,High,High,High,Moderate,High,Very High,High,High,10.0,9.0,10.0,Moderate,Moderate,Moderate,Moderate,Low,High,Moderate,Moderate,Low,Low,Low,Low,Moderate,Moderate,High,High,Moderate,Moderate,Moderate,Moderate,Low,Low,Moderate,Moderate,Moderate,Moderate,High
132,Male,Second year,Mathematics,26-33,In the school's library,Alone,"Learning by practicing, Online courses and tutorials","Online tutorials, YouTube videos",Yes,Pressure,Lack of previous knowledge or experience in the field,Teachers' teaching method,Lack of previous knowledge or experience in the field,Teaching language,Bad quality of internet,Lack of time,Not having a good (powerful) computer,Lack of motivation,2.0,Yes,4.0,4.0,You do not care about,8 hours or more,2.0,7.0,7.0,7.0,8.0,Private life problems,Positively,2,1.0,14.0,14.0,14.0,Moderate,High,High,Very High,High,Moderate,High,High,Moderate,Moderate,Moderate,High,Very High,High,High,High,High,High,Very High,Very High,High,10.0,9.0,10.0,Moderate,Moderate,Moderate,Moderate,Low,High,Moderate,Moderate,Low,Low,Low,Low,Moderate,Moderate,High,High,Moderate,Moderate,Moderate,Moderate,Low,Low,Moderate,Moderate,Moderate,Moderate,High
133,Female,Second year,Mathematics,18-25,In the school's library,Alone,Lectures;Learning by practicing;Online courses and tutorials,Books;Online tutorials;YouTube videos,Yes,Pressure,Lack of time,Bad quality of internet,Teachers' teaching method,Private life problems,Lack of previous knowledge or experience in the field,Teaching language,Not having a good (powerful) computer,Procrastinating,3.0,Yes,5.0,4.0,Positively,5-7 hours,2.0,9.0,7.0,7.0,5.0,Lack of previous knowledge or experience in the field,You do not care about,2,1.0,14.0,14.0,14.0,High,High,Moderate,Very High,High,Moderate,High,High,Moderate,Moderate,Moderate,Moderate,Very High,High,High,High,High,High,Very High,Very High,High,10.0,9.0,10.0,Moderate,Moderate,Moderate,Moderate,Low,High,Moderate,Moderate,Low,Low,Low,Low,Moderate,Moderate,High,High,Moderate,Moderate,Moderate,Moderate,Low,Low,Moderate,Moderate,Moderate,Moderate,High
134,Male,Second year,Mathematics,10-17,In your room (dorms),In peer,Online courses and tutorials,Online tutorials;Online documents;YouTube videos,No,Private life problems,Private life problems,Private life problems,Private life problems,Private life problems,Private life problems,Private life problems,Private life problems,Missing web dev midterm exam :'(,3.0,Yes,4.0,4.0,You do not care about,8 hours or more,5.0,8.0,9.0,10.0,7.0,Lack of previous knowledge or experience in the field,You do not care about,2,1.0,14.0,14.0,14.0,High,High,High,Very High,High,Moderate,High,Very High,Moderate,High,Very High,High,Very High,High,High,High,High,High,Very High,Very High,High,10.0,9.0,10.0,Moderate,Moderate,Moderate,Moderate,Low,High,Moderate,Moderate,Low,Low,Low,Low,Moderate,Moderate,High,High,Moderate,Moderate,Moderate,Moderate,Low,Low,Moderate,Moderate,Moderate,Moderate,High
135,Female,Second year,Science,More than 41 hours,In your room (dorms),Alone,"Learning by practicing, Project-based learning, Online courses and tutorials","Online tutorials, Online documents, YouTube videos",No,Lack of time,Bad quality of internet,Teachers' teaching method,Lack of previous knowledge or experience in the field,Lack of previous knowledge or experience in the field,Private life problems,Teaching language,Not having a good (powerful) computer,Lack of motivation,3.0,Yes,4.0,5.0,You do not care about,5-7 hours,4.0,9.0,8.0,7.0,7.0,Pressure,Positively,2,1.0,14.0,14.0,14.0,High,High,High,Very High,High,Very High,High,Very High,Moderate,High,Very High,High,Very High,High,High,High,High,High,Very High,Very High,High,10.0,9.0,10.0,Moderate,Moderate,Moderate,Moderate,Low,High,Moderate,Moderate,Low,Low,Low,Low,Moderate,Moderate,High,High,Moderate,Moderate,Moderate,Moderate,Low,Low,Moderate,Moderate,Moderate,Moderate,High
136,Male,Third year,Science,10-17,In your room (dorms),In peer,Lectures;Mind mapping and visualization,YouTube videos;Resources provided by teachers (slides),No,Lack of time,Pressure,Bad quality of internet,Teachers' teaching method,Not having a good (powerful) computer,Bad quality of internet,Private life problems,Teaching language,The exaggerated amount of tasks given by teachers,4.0,Yes,5.0,5.0,Positively,5-7 hours,5.0,8.0,8.0,8.0,8.0,Bad quality of internet,You do not care about,3,2.0,14.0,14.0,14.0,Moderate,Very High,High,Very High,High,Very High,High,Very High,Moderate,High,Very High,High,Very High,High,High,High,High,High,Very High,Very High,High,10.0,9.0,10.0,Moderate,Moderate,Moderate,Moderate,Low,High,Moderate,Moderate,Low,Low,Low,Low,Moderate,Moderate,High,High,Moderate,Moderate,Moderate,Moderate,Low,Low,Moderate,Moderate,Moderate,Moderate,High
137,Female,Fourth year,Technical maths,More than 41,In your room (dorms),Alone,Lectures;Learning by practicing;Online courses and tutorials,Books;Online documents,Yes,Teachers' teaching method,Lack of time,Bad quality of internet,Pressure,Lack of previous knowledge or experience in the field,Private life problems,Not having a good (powerful) computer,Teaching language,"The not organized study schedule put by the school , some modules requires TD and they do not have ...",2.0,No,3.0,4.0,You do not care about,5-7 hours,3.0,7.0,6.0,7.0,9.0,Unknown,Unknown,4,3.0,14.0,14.0,14.0,Moderate,Very High,High,Very High,High,Very High,High,Very High,Moderate,High,Very High,High,Very High,High,High,High,High,High,Very High,Very High,High,10.0,9.0,10.0,Moderate,Moderate,Moderate,Moderate,Low,High,Moderate,Moderate,Low,Low,Low,Low,Moderate,Moderate,High,High,Moderate,Moderate,Moderate,Moderate,Low,Low,Moderate,Moderate,Moderate,Moderate,High
138,Male,Fourth year,Mathematics,18-25,In your room (dorms),Alone,Learning by practicing;Project-based learning,Books,No,Private life problems,Teachers' teaching method,Lack of time,Lack of previous knowledge or experience in the field,Pressure,Lack of time,Not having a good (powerful) computer,Teaching language,"The not organized study schedule put by the school , some modules requires TD and they do not have ...",3.0,Yes,3.0,4.0,You do not care about,5-7 hours,2.0,9.0,8.0,7.0,7.0,Unknown,Unknown,4,3.0,14.0,14.0,14.0,Moderate,Very High,High,Very High,High,Very High,High,Very High,Moderate,High,Very High,High,Very High,High,High,High,High,High,Very High,Very High,High,10.0,9.0,10.0,Moderate,Moderate,Moderate,Moderate,Low,High,Moderate,Moderate,Low,Low,Low,Low,Moderate,Moderate,High,High,Moderate,Moderate,Moderate,Moderate,Low,Low,Moderate,Moderate,Moderate,Moderate,High
139,Male,Fourth year,Mathematics,10-17,In the school's library,In peer,Project-based learning;Interactive workshops,Books;Online tutorials,No,Pressure,Lack of time,Teachers' teaching method,Lack of previous knowledge or experience in the field,Not having a good (powerful) computer,Private life problems,Bad quality of internet,Teaching language,"The not organized study schedule put by the school , some modules requires TD and they do not have ...",2.0,Yes,4.0,4.0,You do not care about,8 hours or more,2.0,9.0,9.0,9.0,7.0,Unknown,Unknown,4,2.0,14.0,14.0,14.0,Moderate,Very High,High,Very High,High,Very High,High,Very High,Moderate,High,Very High,High,Very High,High,High,High,High,High,Very High,Very High,High,10.0,9.0,10.0,Moderate,Moderate,Moderate,Moderate,Low,High,Moderate,Moderate,Low,Low,Low,Low,Moderate,Moderate,High,High,Moderate,Moderate,Moderate,Moderate,Low,Low,Moderate,Moderate,Moderate,Moderate,High
140,Female,Second year,Mathematics,10-17,In the school's library,Alone,Online courses and tutorials,Online tutorials;YouTube videos,No,Teachers' teaching method,Lack of time,Lack of previous knowledge or experience in the field,Pressure,Private life problems,Not having a good (powerful) computer,Teaching language,Bad quality of internet,Lack of motivation,3.0,No,3.0,4.0,You do not care about,5-7 hours,2.0,7.0,6.0,6.0,6.0,Lack of previous knowledge or experience in the field,You do not care about,2,1.0,15.0,13.0,14.0,Moderate,Moderate,High,High,High,High,High,High,Low,High,High,Moderate,Very High,High,High,High,High,High,Very High,Very High,High,10.0,9.0,10.0,Moderate,Moderate,Moderate,Moderate,Low,High,Moderate,Moderate,Low,Low,Low,Low,Moderate,Moderate,High,High,Moderate,Moderate,Moderate,Moderate,Low,Low,Moderate,Moderate,Moderate,Moderate,High
141,Male,Second year,Science,26-33,In the school's library,Alone,"Learning by practicing, Interactive workshops","Online documents, YouTube videos",No,Pressure,Lack of time,Bad quality of internet,Lack of previous knowledge or experience in the field,Lack of previous knowledge or experience in the field,Teachers' teaching method,Not having a good (powerful) computer,Teaching language,Lack of motivation,2.0,Yes,3.0,4.0,You do not care about,5-7 hours,3.0,9.0,8.0,8.0,6.0,Private life problems,Positively,2,1.0,15.0,13.0,14.0,Moderate,Moderate,High,High,High,High,High,High,Moderate,High,High,Moderate,Very High,High,Very High,High,High,High,High,High,High,10.0,9.0,10.0,Moderate,Moderate,Moderate,Moderate,Low,High,Moderate,Moderate,Low,Low,Low,Low,Moderate,Moderate,High,High,Moderate,Moderate,Moderate,Moderate,Low,Low,Moderate,Moderate,Moderate,Moderate,High
142,Male,Second year,Mathematics,10-17,In the school's library,Alone,Lectures;Learning by practicing;Online courses and tutorials,Online tutorials;Online documents,No,Teachers' teaching method,Lack of time,Bad quality of internet,Lack of previous knowledge or experience in the field,Pressure,Teaching language,Not having a good (powerful) computer,Private life problems,"Not having a place to study at , I prefer studying in the school's library, but its full for most of the time and even if I find a place , the library is freezing cold , I cant stay there after 7pm, ive been facing the coldness issue since last year",2.0,No,3.0,5.0,Positively,5-7 hours,4.0,9.0,8.0,9.0,8.0,Lack of previous knowledge or experience in the field,You do not care about,2,1.0,15.0,13.0,14.0,High,High,High,High,Very High,High,High,High,Moderate,Moderate,High,High,Very High,High,Very High,High,High,High,High,High,High,10.0,9.0,10.0,Moderate,Moderate,Moderate,Moderate,Low,High,Moderate,Moderate,Low,Low,Low,Low,Moderate,Moderate,High,High,Moderate,Moderate,Moderate,Moderate,Low,Low,Moderate,Moderate,Moderate,Moderate,High
143,Male,Third year,Mathematics,10-17,In your room (dorms),Alone,Learning by practicing;Project-based learning;Mind mapping and visualization,Books;YouTube videos,No,Lack of time,Teachers' teaching method,Lack of previous knowledge or experience in the field,Bad quality of internet,Lack of previous knowledge or experience in the field,Private life problems,Not having a good (powerful) computer,Teaching language,أيها الڨرڨور,3.0,No,5.0,5.0,You do not care about,8 hours or more,5.0,4.0,8.0,8.0,9.0,Bad quality of internet,You do not care about,3,2.0,15.0,13.0,14.0,High,Moderate,Moderate,Moderate,High,High,High,Moderate,Moderate,Very High,High,High,Very High,High,Very High,High,High,High,High,High,High,10.0,9.0,10.0,Moderate,Moderate,Moderate,Moderate,Low,High,Moderate,Moderate,Low,Low,Low,Low,Moderate,Moderate,High,High,Moderate,Moderate,Moderate,Moderate,Low,Low,Moderate,Moderate,Moderate,Moderate,High
144,Female,Second year,Science,18-25,In your room (dorms),Alone,"Learning by practicing, Project-based learning","Books, Online tutorials, Online documents, YouTube videos",Yes,Pressure,Lack of time,Teachers' teaching method,Lack of previous knowledge or experience in the field,Private life problems,Teaching language,Lack of previous knowledge or experience in the field,Not having a good (powerful) computer,Lack of motivation,3.0,Yes,4.0,5.0,You do not care about,5-7 hours,3.0,9.0,9.0,9.0,7.0,Bad quality of internet,You do not care about,2,1.0,15.0,13.0,14.0,High,Moderate,Moderate,Moderate,High,High,High,Moderate,Moderate,Very High,High,High,Very High,High,Very High,High,High,High,High,Very High,Moderate,10.0,9.0,10.0,Moderate,Moderate,Moderate,Moderate,Low,High,Moderate,Moderate,Low,Low,Low,Low,Moderate,Moderate,High,High,Moderate,Moderate,Moderate,Moderate,Low,Low,Moderate,Moderate,Moderate,Moderate,High
145,Male,Second year,Mathematics,10-17,In your room (dorms),Alone,Lectures;Learning by practicing,"Books;YouTube videos;chatgpt, course slides",No,Lack of time,Pressure,Lack of previous knowledge or experience in the field,Teachers' teaching method,Bad quality of internet,Not having a good (powerful) computer,Teaching language,Private life problems,Lack of motivation,4.0,Yes,4.0,4.0,You do not care about,8 hours or more,1.0,6.0,5.0,5.0,5.0,Lack of previous knowledge or experience in the field,You do not care about,2,1.0,15.0,13.0,14.0,Moderate,High,High,High,Moderate,Moderate,High,High,Moderate,Moderate,High,Moderate,Very High,High,Very High,High,High,High,High,Very High,Moderate,10.0,9.0,10.0,Moderate,Moderate,Moderate,Moderate,Low,High,Moderate,Moderate,Low,Low,Low,Low,Moderate,Moderate,High,High,Moderate,Moderate,Moderate,Moderate,Low,Low,Moderate,Moderate,Moderate,Moderate,High
146,Female,Second year,Mathematics,26-33,At home,Alone,"Lectures, Online courses and tutorials","Books, YouTube videos",No,Pressure,Lack of time,Teachers' teaching method,Lack of previous knowledge or experience in the field,Private life problems,Lack of time,Lack of time,Pressure,Lack of motivation,3.0,Yes,5.0,5.0,You do not care about,5-7 hours,3.0,7.0,8.0,8.0,8.0,Lack of previous knowledge or experience in the field,Positively,2,1.0,15.0,13.0,14.0,Moderate,High,High,High,Moderate,Very High,High,High,Moderate,Moderate,High,Moderate,High,High,Very High,High,High,High,High,High,High,10.0,9.0,10.0,Moderate,Moderate,Moderate,Moderate,Low,High,Moderate,Moderate,Low,Low,Low,Low,Moderate,Moderate,High,High,Moderate,Moderate,Moderate,Moderate,Low,Low,Moderate,Moderate,Moderate,Moderate,High
147,Male,Second year,Mathematics,18-25,At home,Alone,Learning by practicing;Mind mapping and visualization;Online courses and tutorials,Books;Online documents;YouTube videos,Yes,Pressure,Lack of time,Teachers' teaching method,Bad quality of internet,Lack of previous knowledge or experience in the field,Not having a good (powerful) computer,Not having a good (powerful) computer,Teaching language,Lack of motivation,3.0,No,4.0,5.0,Positively,5-7 hours,3.0,8.0,7.0,7.0,9.0,Lack of previous knowledge or experience in the field,You do not care about,2,1.0,15.0,14.0,14.0,Very High,High,Moderate,High,Very High,High,High,High,Moderate,High,Very High,High,High,High,Very High,High,High,High,High,High,High,10.0,9.0,10.0,Moderate,Moderate,Moderate,Moderate,Low,High,Moderate,Moderate,Low,Low,Low,Low,Moderate,Moderate,High,High,Moderate,Moderate,Moderate,Moderate,Low,Low,Moderate,Moderate,Moderate,Moderate,High
148,Female,Second year,Technical maths,18-25,At home,Alone,Learning by practicing;Online courses and tutorials,YouTube videos,No,Pressure,Lack of time,Teachers' teaching method,Lack of previous knowledge or experience in the field,Private life problems,Bad quality of internet,Teaching language,Not having a good (powerful) computer,Lack of motivation,1.0,No,5.0,2.0,You do not care about,5-7 hours,2.0,5.0,5.0,4.0,3.0,Lack of previous knowledge or experience in the field,You do not care about,2,1.0,15.0,14.0,14.0,Moderate,Moderate,High,High,High,High,Moderate,High,Moderate,Moderate,Moderate,High,High,High,Very High,High,High,High,High,High,High,10.0,9.0,10.0,Moderate,Moderate,Moderate,Moderate,Low,High,Moderate,Moderate,Low,Low,Low,Low,Moderate,Moderate,High,High,Moderate,Moderate,Moderate,Moderate,Low,Low,Moderate,Moderate,Moderate,Moderate,High
149,Male,Third year,Mathematics,18-25,In your room (dorms),Alone,Lectures;Online courses and tutorials,Online tutorials;Online documents;YouTube videos,No,Teachers' teaching method,Lack of time,Lack of previous knowledge or experience in the field,Pressure,Bad quality of internet,Teaching language,Private life problems,Not having a good (powerful) computer,"Guergour, thabet, dib, w abdou jirani, nahkiw mashi n9raw ( w mouchaal lol)",3.0,Yes,3.0,4.0,You do not care about,8 hours or more,3.0,7.0,7.0,7.0,8.0,Bad quality of internet,You do not care about,3,2.0,15.0,14.0,14.0,High,Moderate,High,High,High,Moderate,High,High,Moderate,High,High,High,High,High,Very High,High,High,High,High,High,High,10.0,9.0,10.0,Moderate,Moderate,Moderate,Moderate,Low,High,Moderate,Moderate,Low,Low,Low,Low,Moderate,Moderate,High,High,Moderate,Moderate,Moderate,Moderate,Low,Low,Moderate,Moderate,Moderate,Moderate,High
150,Male,Second year,Science,10-17,In your room (dorms),Alone,"Lectures, Learning by practicing, Online courses and tutorials",YouTube videos,No,Pressure,Lack of time,Lack of previous knowledge or experience in the field,Lack of previous knowledge or experience in the field,Teachers' teaching method,Teaching language,Not having a good (powerful) computer,Private life problems,Lack of motivation,3.0,Yes,4.0,4.0,You do not care about,5-7 hours,3.0,6.0,8.0,5.0,4.0,Bad quality of internet,You do not care about,2,1.0,15.0,14.0,14.0,High,Moderate,High,High,High,Very High,High,High,High,High,High,High,Very High,High,Very High,High,High,High,Very High,Very High,High,10.0,9.0,10.0,Moderate,Moderate,Moderate,Moderate,Low,High,Moderate,Moderate,Low,Low,Low,Low,Moderate,Moderate,High,High,Moderate,Moderate,Moderate,Moderate,Low,Low,Moderate,Moderate,Moderate,Moderate,High
151,Male,Second year,Mathematics,26-33,In the school's library,In peer,"Lectures, Learning by practicing, Mind mapping and visualization","Online tutorials, Online documents, YouTube videos",No,Pressure,Lack of time,Lack of previous knowledge or experience in the field,Lack of previous knowledge or experience in the field,Teaching language,Bad quality of internet,Private life problems,Not having a good (powerful) computer,Lack of motivation,2.0,Yes,4.0,4.0,You do not care about,5-7 hours,4.0,7.0,9.0,7.0,8.0,Teachers' teaching method,Negatively,2,1.0,15.0,14.0,14.0,High,Moderate,High,High,High,Very High,High,High,High,High,High,High,High,High,Very High,High,High,Very High,High,Very High,High,10.0,9.0,10.0,Moderate,Moderate,Moderate,Moderate,Low,High,Moderate,Moderate,Low,Low,Low,Low,Moderate,Moderate,High,High,Moderate,Moderate,Moderate,Moderate,Low,Low,Moderate,Moderate,Moderate,Moderate,High
152,Female,Second year,Science,More than 41 hours,In your room (dorms),Alone,"Lectures, Learning by practicing, Project-based learning, Online courses and tutorials","Online tutorials, Online documents, YouTube videos",Yes,Lack of time,Pressure,Teaching language,Lack of previous knowledge or experience in the field,Teachers' teaching method,Private life problems,Bad quality of internet,Not having a good (powerful) computer,Lack of motivation,2.0,No,3.0,3.0,You do not care about,5-7 hours,4.0,4.0,4.0,6.0,5.0,Lack of previous knowledge or experience in the field,Negatively,2,1.0,15.0,14.0,14.0,High,Moderate,High,High,High,Very High,High,High,Moderate,High,High,High,High,High,Very High,High,High,High,Very High,Very High,High,10.0,9.0,10.0,Moderate,Moderate,Moderate,Moderate,Low,High,Moderate,Moderate,Low,Low,Low,Low,Moderate,Moderate,High,High,Moderate,Moderate,Moderate,Moderate,Low,Low,Moderate,Moderate,Moderate,Moderate,High
153,Female,Second year,Mathematics,18-25,In your room (dorms),Alone,Lectures;Learning by practicing,Online tutorials;Online documents;YouTube videos,No,Pressure,Lack of time,Teachers' teaching method,Bad quality of internet,Lack of previous knowledge or experience in the field,Private life problems,Teaching language,Private life problems,Lack of motivation,3.0,Yes,4.0,4.0,You do not care about,5-7 hours,3.0,9.0,7.0,6.0,7.0,Lack of previous knowledge or experience in the field,You do not care about,2,1.0,15.0,14.0,14.0,High,Moderate,High,High,High,Very High,High,High,Moderate,High,High,High,High,High,Very High,High,High,High,Very High,Very High,High,10.0,9.0,10.0,Moderate,Moderate,Moderate,Moderate,Low,High,Moderate,Moderate,Low,Low,Low,Low,Moderate,Moderate,High,High,Moderate,Moderate,Moderate,Moderate,Low,Low,Moderate,Moderate,Moderate,Moderate,High
154,Male,Second year,Science,10-17,At home,Alone,"Learning by practicing, Project-based learning, Mind mapping and visualization, Online courses and tutorials","Online documents, YouTube videos",No,Pressure,Lack of previous knowledge or experience in the field,Lack of time,Lack of previous knowledge or experience in the field,Bad quality of internet,Teachers' teaching method,Not having a good (powerful) computer,Teaching language,Lack of motivation,2.0,No,2.0,3.0,You do not care about,5-7 hours,3.0,7.0,4.0,4.0,8.0,Private life problems,Positively,2,1.0,16.0,13.0,14.0,High,Moderate,High,High,High,High,High,High,High,High,High,High,High,Very High,Very High,Very High,Moderate,High,Very High,High,Moderate,10.0,9.0,10.0,Moderate,Moderate,Moderate,Moderate,Low,High,Moderate,Moderate,Low,Low,Low,Low,Moderate,Moderate,High,High,Moderate,Moderate,Moderate,Moderate,Low,Low,Moderate,Moderate,Moderate,Moderate,High
155,Female,Second year,Science,18-25,In your room (dorms),Alone,"Lectures, Mind mapping and visualization, Online courses and tutorials","Books, Online tutorials, Online documents, YouTube videos",No,Pressure,Lack of time,Bad quality of internet,Lack of previous knowledge or experience in the field,Teachers' teaching method,Lack of previous knowledge or experience in the field,Not having a good (powerful) computer,Teaching language,Lack of motivation,4.0,Yes,4.0,5.0,You do not care about,5-7 hours,3.0,7.0,6.0,6.0,6.0,Private life problems,Positively,2,1.0,16.0,13.0,14.0,High,Moderate,High,High,High,Very High,Moderate,High,Moderate,High,High,High,High,Very High,Very High,Very High,High,High,Very High,Very High,Moderate,10.0,9.0,10.0,Moderate,Moderate,Moderate,Moderate,Low,High,Moderate,Moderate,Low,Low,Low,Low,Moderate,Moderate,High,High,Moderate,Moderate,Moderate,Moderate,Low,Low,Moderate,Moderate,Moderate,Moderate,High
156,Male,Second year,Science,18-25,In your room (dorms),Alone,Lectures;Online courses and tutorials,Books;Online tutorials;YouTube videos,No,Pressure,Teaching language,Not having a good (powerful) computer,Lack of previous knowledge or experience in the field,Lack of time,Teachers' teaching method,Bad quality of internet,Private life problems,Lack of motivation,4.0,Yes,4.0,4.0,Positively,5-7 hours,5.0,6.0,9.0,8.0,9.0,Lack of previous knowledge or experience in the field,You do not care about,2,1.0,14.0,16.0,15.0,Moderate,High,Moderate,Moderate,Low,Low,High,Moderate,High,High,High,Moderate,High,Very High,Very High,Very High,High,High,Very High,Very High,Moderate,10.0,9.0,10.0,Moderate,Moderate,Moderate,Moderate,Low,High,Moderate,Moderate,Low,Low,Low,Low,Moderate,Moderate,High,High,Moderate,Moderate,Moderate,Moderate,Low,Low,Moderate,Moderate,Moderate,Moderate,High
157,Female,Second year,Technical maths,More than 41 hours,In the school's library,In peer,"Lectures, Learning by practicing",YouTube videos,No,Lack of previous knowledge or experience in the field,Pressure,Teachers' teaching method,Lack of previous knowledge or experience in the field,Teaching language,Bad quality of internet,Not having a good (powerful) computer,Private life problems,Lack of motivation,2.0,No,2.0,2.0,You do not care about,4 hours or less,1.0,6.0,7.0,3.0,9.0,Lack of time,You do not care about,2,1.0,15.0,14.0,15.0,Moderate,High,Moderate,Moderate,Low,High,High,Moderate,High,High,High,Moderate,High,High,Very High,High,High,High,Very High,High,High,10.0,9.0,10.0,Moderate,Moderate,Moderate,Moderate,Low,High,Moderate,Moderate,Low,Low,Low,Low,Moderate,Moderate,High,High,Moderate,Moderate,Moderate,Moderate,Low,Low,Moderate,Moderate,Moderate,Moderate,High
158,Male,Second year,Mathematics,18-25,In your room (dorms),Alone,Lectures;Learning by practicing,Books;YouTube videos,No,Lack of time,Pressure,Teachers' teaching method,Private life problems,Lack of previous knowledge or experience in the field,Not having a good (powerful) computer,Bad quality of internet,Teaching language,Lack of motivation,2.0,Yes,4.0,4.0,You do not care about,4 hours or less,5.0,7.0,9.0,8.0,7.0,Lack of previous knowledge or experience in the field,You do not care about,2,1.0,15.0,14.0,15.0,High,Very High,High,High,High,High,High,Very High,High,High,High,High,High,High,Very High,High,High,High,Very High,High,High,10.0,9.0,10.0,Moderate,Moderate,Moderate,Moderate,Low,High,Moderate,Moderate,Low,Low,Low,Low,Moderate,Moderate,High,High,Moderate,Moderate,Moderate,Moderate,Low,Low,Moderate,Moderate,Moderate,Moderate,High
159,Male,Second year,Mathematics,10-17,At home,Alone,"Learning by practicing, Project-based learning","Books, Online tutorials, Online documents, YouTube videos",No,Private life problems,Lack of time,Teachers' teaching method,Lack of previous knowledge or experience in the field,Lack of previous knowledge or experience in the field,Bad quality of internet,Not having a good (powerful) computer,Teaching language,Lack of motivation,2.0,Yes,4.0,3.0,You do not care about,8 hours or more,3.0,7.0,7.0,7.0,7.0,Pressure,You do not care about,2,1.0,15.0,14.0,15.0,High,Very High,High,High,High,High,High,Very High,Moderate,High,High,High,High,High,Very High,Very High,High,High,Very High,Very High,High,10.0,9.0,10.0,Moderate,Moderate,Moderate,Moderate,Low,High,Moderate,Moderate,Low,Low,Low,Low,Moderate,Moderate,High,High,Moderate,Moderate,Moderate,Moderate,Low,Low,Moderate,Moderate,Moderate,Moderate,High
160,Male,Third year,Science,10-17,In your room (dorms),In peer,Lectures;Learning by practicing;Project-based learning,Online documents;Slides,No,Pressure,Lack of time,Teachers' teaching method,Bad quality of internet,Teachers' teaching method,Teachers' teaching method,Teachers' teaching method,Bad quality of internet,"Guergour, thabet, dib, w abdou jirani, nahkiw mashi n9raw ( w mouchaal lol)",3.0,Yes,4.0,4.0,You do not care about,5-7 hours,5.0,8.0,8.0,8.0,7.0,Bad quality of internet,You do not care about,3,2.0,15.0,15.0,15.0,High,High,High,High,High,High,High,Very High,High,High,Moderate,High,High,High,Very High,Very High,High,High,Very High,Very High,High,10.0,9.0,10.0,Moderate,Moderate,Moderate,Moderate,Low,High,Moderate,Moderate,Low,Low,Low,Low,Moderate,Moderate,High,High,Moderate,Moderate,Moderate,Moderate,Low,Low,Moderate,Moderate,Moderate,Moderate,High
161,Male,Second year,Technical maths,26-33,In your room (dorms),Alone,Learning by practicing;Online courses and tutorials,Online tutorials;Online documents;YouTube videos,No,Pressure,Lack of time,Lack of time,Lack of previous knowledge or experience in the field,Bad quality of internet,Teachers' teaching method,Teachers' teaching method,Teachers' teaching method,Lack of motivation,3.0,Yes,4.0,5.0,You do not care about,5-7 hours,4.0,7.0,8.0,8.0,8.0,Lack of previous knowledge or experience in the field,You do not care about,2,1.0,15.0,15.0,15.0,High,Moderate,Very High,Moderate,High,High,High,High,High,Very High,Moderate,High,High,High,Very High,Very High,High,High,Very High,Very High,High,10.0,9.0,10.0,Moderate,Moderate,Moderate,Moderate,Low,High,Moderate,Moderate,Low,Low,Low,Low,Moderate,Moderate,High,High,Moderate,Moderate,Moderate,Moderate,Low,Low,Moderate,Moderate,Moderate,Moderate,High
162,Male,Third year,Mathematics,10-17,In your room (dorms),In peer,Lectures;Learning by practicing;Project-based learning,Online documents;Lectures,No,Teachers' teaching method,Pressure,Lack of time,Lack of previous knowledge or experience in the field,Pressure,Bad quality of internet,Private life problems,Teachers' teaching method,"Neighbors and non sense discussions ,games",3.0,Yes,4.0,4.0,Negatively,5-7 hours,4.0,6.0,8.0,8.0,9.0,Bad quality of internet,You do not care about,3,2.0,15.0,15.0,15.0,Very High,Very High,Very High,Moderate,High,High,High,High,High,Very High,Moderate,High,High,High,Very High,Very High,High,High,Very High,Very High,High,10.0,9.0,10.0,Moderate,Moderate,Moderate,Moderate,Low,High,Moderate,Moderate,Low,Low,Low,Low,Moderate,Moderate,High,High,Moderate,Moderate,Moderate,Moderate,Low,Low,Moderate,Moderate,Moderate,Moderate,High
163,Male,Second year,Mathematics,18-25,In the school's library,Alone,"Project-based learning, Online courses and tutorials",YouTube videos,No,Teachers' teaching method,Bad quality of internet,Lack of time,Lack of previous knowledge or experience in the field,Pressure,Not having a good (powerful) computer,Private life problems,Teaching language,Lack of motivation,2.0,No,3.0,3.0,You do not care about,5-7 hours,1.0,2.0,6.0,4.0,5.0,Lack of previous knowledge or experience in the field,You do not care about,2,1.0,15.0,15.0,15.0,Very High,Very High,Very High,Moderate,High,High,Very High,High,High,Very High,Moderate,High,Very High,High,Very High,High,High,High,Very High,Very High,High,10.0,9.0,10.0,Moderate,Moderate,Moderate,Moderate,Low,High,Moderate,Moderate,Low,Low,Low,Low,Moderate,Moderate,High,High,Moderate,Moderate,Moderate,Moderate,Low,Low,Moderate,Moderate,Moderate,Moderate,High
164,Female,Second year,Mathematics,10-17,In the school's library,In peer,Lectures;Learning by practicing;Project-based learning;Mind mapping and visualization;Online courses and tutorials,YouTube videos;Private courses,No,Teachers' teaching method,Lack of time,Bad quality of internet,Pressure,Lack of previous knowledge or experience in the field,Not having a good (powerful) computer,Private life problems,Teaching language,Lack of motivation,3.0,Yes,4.0,4.0,You do not care about,8 hours or more,2.0,3.0,5.0,5.0,7.0,Lack of previous knowledge or experience in the field,You do not care about,2,1.0,15.0,15.0,15.0,Moderate,High,Very High,Moderate,Moderate,High,High,High,Moderate,Moderate,Moderate,Moderate,Very High,High,Very High,High,High,High,Very High,Very High,High,10.0,9.0,10.0,Moderate,Moderate,Moderate,Moderate,Low,High,Moderate,Moderate,Low,Low,Low,Low,Moderate,Moderate,High,High,Moderate,Moderate,Moderate,Moderate,Low,Low,Moderate,Moderate,Moderate,Moderate,High
165,Female,Second year,Science,10-17,In your room (dorms),Alone,Mind mapping and visualization;Online courses and tutorials,Online tutorials;Online documents;YouTube videos,No,Lack of time,Pressure,Bad quality of internet,Teachers' teaching method,Not having a good (powerful) computer,Lack of previous knowledge or experience in the field,Teaching language,Private life problems,Lack of motivation,3.0,No,4.0,4.0,Negatively,8 hours or more,4.0,9.0,7.0,7.0,6.0,Lack of previous knowledge or experience in the field,You do not care about,2,1.0,15.0,15.0,15.0,High,High,High,Very High,Very High,High,High,Very High,Moderate,High,High,High,Very High,High,Very High,High,High,High,Very High,Very High,High,10.0,9.0,10.0,Moderate,Moderate,Moderate,Moderate,Low,High,Moderate,Moderate,Low,Low,Low,Low,Moderate,Moderate,High,High,Moderate,Moderate,Moderate,Moderate,Low,Low,Moderate,Moderate,Moderate,Moderate,High
166,Male,Second year,Technical maths,More than 41,In the school's library,Alone,Learning by practicing;Project-based learning;Online courses and tutorials,Books;Online tutorials;YouTube videos,No,Lack of time,Pressure,Teachers' teaching method,Lack of previous knowledge or experience in the field,Bad quality of internet,Not having a good (powerful) computer,Teaching language,Private life problems,Lack of motivation,3.0,Yes,4.0,5.0,Positively,5-7 hours,3.0,9.0,9.0,8.0,7.0,Lack of previous knowledge or experience in the field,You do not care about,2,1.0,15.0,15.0,15.0,High,High,Very High,High,High,High,High,High,Moderate,High,High,High,Very High,High,Very High,High,High,High,Very High,Very High,High,10.0,9.0,10.0,Moderate,Moderate,Moderate,Moderate,Low,High,Moderate,Moderate,Low,Low,Low,Low,Moderate,Moderate,High,High,Moderate,Moderate,Moderate,Moderate,Low,Low,Moderate,Moderate,Moderate,Moderate,High
167,Male,Second year,Science,10-17,In your room (dorms),In peer,Lectures;Learning by practicing,YouTube videos,Yes,Pressure,Pressure,Lack of time,Pressure,Pressure,Pressure,Pressure,Pressure,غيشي,3.0,No,3.0,3.0,You do not care about,5-7 hours,5.0,7.0,6.0,6.0,7.0,Lack of previous knowledge or experience in the field,You do not care about,2,2.0,15.0,15.0,15.0,Moderate,Moderate,Moderate,Moderate,Moderate,High,Moderate,Moderate,Moderate,Moderate,Moderate,Very High,Very High,High,Very High,High,High,High,Very High,Very High,High,10.0,9.0,10.0,Moderate,Moderate,Moderate,Moderate,Low,High,Moderate,Moderate,Low,Low,Low,Low,Moderate,Moderate,High,High,Moderate,Moderate,Moderate,Moderate,Low,Low,Moderate,Moderate,Moderate,Moderate,High
168,Female,Second year,Mathematics,34-41,In the school's library,Alone,Lectures;Project-based learning;Mind mapping and visualization;Online courses and tutorials,Books;Online tutorials;Online documents;YouTube videos,No,Lack of time,Teachers' teaching method,Bad quality of internet,Pressure,Not having a good (powerful) computer,Lack of previous knowledge or experience in the field,Private life problems,Teaching language,Procrastination,2.0,Yes,4.0,5.0,You do not care about,5-7 hours,3.0,8.0,9.0,8.0,9.0,Lack of previous knowledge or experience in the field,You do not care about,2,1.0,15.0,15.0,15.0,High,High,Moderate,Very High,Moderate,Moderate,High,High,High,Moderate,Very High,Moderate,Very High,High,Very High,High,High,High,Very High,Very High,High,10.0,9.0,10.0,Moderate,Moderate,Moderate,Moderate,Low,High,Moderate,Moderate,Low,Low,Low,Low,Moderate,Moderate,High,High,Moderate,Moderate,Moderate,Moderate,Low,Low,Moderate,Moderate,Moderate,Moderate,High
169,Male,Second year,Science,18-25,In your room (dorms),Alone,Lectures;Learning by practicing;Mind mapping and visualization,Books;Online documents;YouTube videos,Yes,Pressure,Lack of time,Private life problems,Teaching language,Teachers' teaching method,Bad quality of internet,Not having a good (powerful) computer,Lack of previous knowledge or experience in the field,Lack of motivation,3.0,Yes,5.0,5.0,You do not care about,8 hours or more,3.0,6.0,8.0,9.0,9.0,Lack of previous knowledge or experience in the field,You do not care about,2,1.0,15.0,15.0,15.0,High,Moderate,High,High,Moderate,Moderate,Moderate,High,High,High,Low,Moderate,Very High,High,Very High,High,High,High,Very High,Very High,High,10.0,9.0,10.0,Moderate,Moderate,Moderate,Moderate,Low,High,Moderate,Moderate,Low,Low,Low,Low,Moderate,Moderate,High,High,Moderate,Moderate,Moderate,Moderate,Low,Low,Moderate,Moderate,Moderate,Moderate,High
170,Female,Second year,Science,26-33,In your room (dorms),Alone,"Lectures, Learning by practicing, Project-based learning, Online courses and tutorials","Books, Online documents, YouTube videos",Yes,Lack of previous knowledge or experience in the field,Pressure,Private life problems,Lack of previous knowledge or experience in the field,Lack of time,Teachers' teaching method,Bad quality of internet,Not having a good (powerful) computer,Lack of motivation,4.0,Yes,5.0,5.0,You do not care about,5-7 hours,3.0,7.0,6.0,6.0,6.0,Teaching language,Positively,2,1.0,15.0,15.0,15.0,High,Moderate,High,High,Moderate,Very High,Very High,High,Moderate,High,Low,Moderate,Very High,High,High,High,High,High,Very High,Very High,Moderate,10.0,9.0,10.0,Moderate,Moderate,Moderate,Moderate,Low,High,Moderate,Moderate,Low,Low,Low,Low,Moderate,Moderate,High,High,Moderate,Moderate,Moderate,Moderate,Low,Low,Moderate,Moderate,Moderate,Moderate,High
171,Female,Third year,Science,34-41,In the school's library,With a group,Lectures;Learning by practicing;Project-based learning;Mind mapping and visualization,Online documents;YouTube videos;Chatgpt,No,Lack of time,Pressure,Bad quality of internet,Teachers' teaching method,Lack of previous knowledge or experience in the field,Not having a good (powerful) computer,Private life problems,Not having a good (powerful) computer,"Guergour, thabet, dib, w abdou jirani, nahkiw mashi n9raw ( w mouchaal lol)",2.0,No,3.0,3.0,Negatively,5-7 hours,2.0,7.0,5.0,5.0,4.0,Bad quality of internet,You do not care about,3,2.0,16.0,14.0,15.0,High,Moderate,High,High,Very High,High,Moderate,High,Moderate,Very High,Moderate,Moderate,Very High,High,High,High,High,High,Very High,Very High,Moderate,10.0,9.0,10.0,Moderate,Moderate,Moderate,Moderate,Low,High,Moderate,Moderate,Low,Low,Low,Low,Moderate,Moderate,High,High,Moderate,Moderate,Moderate,Moderate,Low,Low,Moderate,Moderate,Moderate,Moderate,High
172,Female,Second year,Science,34-41,In your room (dorms),With a group,"Lectures, Learning by practicing, Online courses and tutorials","Books, Online tutorials, Online documents, YouTube videos",No,Pressure,Lack of time,Lack of previous knowledge or experience in the field,Lack of previous knowledge or experience in the field,Bad quality of internet,Teaching language,Not having a good (powerful) computer,Private life problems,Lack of motivation,3.0,No,3.0,3.0,You do not care about,5-7 hours,2.0,8.0,7.0,5.0,6.0,Teachers' teaching method,Negatively,2,1.0,16.0,14.0,15.0,High,Moderate,High,High,Very High,Very High,High,High,High,Very High,Moderate,Moderate,Very High,Very High,Very High,High,High,High,Very High,High,High,10.0,9.0,10.0,Moderate,Moderate,Moderate,Moderate,Low,High,Moderate,Moderate,Low,Low,Low,Low,Moderate,Moderate,High,High,Moderate,Moderate,Moderate,Moderate,Low,Low,Moderate,Moderate,Moderate,Moderate,High
173,Female,Third year,Science,18-25,In the school's library,Alone,Lectures;Learning by practicing;Project-based learning;Online courses and tutorials,YouTube videos;ChatGpt,No,Private life problems,Bad quality of internet,Lack of previous knowledge or experience in the field,Pressure,Lack of time,Teachers' teaching method,Not having a good (powerful) computer,Teaching language,"Guergour, thabet, dib, w abdou jirani, nahkiw mashi n9raw ( w mouchaal lol)",3.0,Yes,5.0,5.0,You do not care about,8 hours or more,1.0,7.0,7.0,6.0,5.0,Bad quality of internet,You do not care about,3,2.0,16.0,14.0,15.0,High,High,Moderate,High,Very High,Very High,High,High,Moderate,Very High,Moderate,Very High,Very High,Very High,Very High,High,High,High,Very High,High,High,10.0,9.0,10.0,Moderate,Moderate,Moderate,Moderate,Low,High,Moderate,Moderate,Low,Low,Low,Low,Moderate,Moderate,High,High,Moderate,Moderate,Moderate,Moderate,Low,Low,Moderate,Moderate,Moderate,Moderate,High
174,Female,Second year,Mathematics,10-17,In your room (dorms),Alone,"Learning by practicing, Project-based learning, Online courses and tutorials",YouTube videos,Yes,Private life problems,Pressure,Bad quality of internet,Lack of previous knowledge or experience in the field,Lack of previous knowledge or experience in the field,Teachers' teaching method,Teaching language,Not having a good (powerful) computer,Lack of motivation,1.0,No,1.0,1.0,You do not care about,8 hours or more,3.0,8.0,8.0,5.0,6.0,Lack of time,Positively,2,1.0,16.0,15.0,15.0,High,High,Moderate,High,Very High,High,Very High,High,Moderate,Very High,Moderate,Very High,Very High,Very High,Very High,High,Very High,Very High,Very High,Very High,High,10.0,9.0,10.0,Moderate,Moderate,Moderate,Moderate,Low,High,Moderate,Moderate,Low,Low,Low,Low,Moderate,Moderate,High,High,Moderate,Moderate,Moderate,Moderate,Low,Low,Moderate,Moderate,Moderate,Moderate,High
175,Female,Fourth year,Mathematics,10-17,In your room (dorms),Alone,Lectures;Learning by practicing;Project-based learning;Online courses and tutorials,Books;Online tutorials;Online documents;YouTube videos,Yes,Private life problems,Bad quality of internet,ما,Lack of time,Lack of previous knowledge or experience in the field,Lack of previous knowledge or experience in the field,Teachers' teaching method,Teaching language,you mentioned all,3.0,Yes,4.0,5.0,Positively,8 hours or more,3.0,9.0,8.0,8.0,8.0,Unknown,Unknown,4,3.0,16.0,15.0,15.0,Very High,High,High,High,High,Very High,Very High,High,Very High,Very High,Very High,High,Very High,Very High,Very High,High,Very High,Very High,Very High,Very High,High,10.0,9.0,10.0,Moderate,Moderate,Moderate,Moderate,Low,High,Moderate,Moderate,Low,Low,Low,Low,Moderate,Moderate,High,High,Moderate,Moderate,Moderate,Moderate,Low,Low,Moderate,Moderate,Moderate,Moderate,High
176,Male,Third year,Science,18-25,In your room (dorms),Alone,Project-based learning;Online courses and tutorials,Books,No,Lack of time,Pressure,Bad quality of internet,Lack of previous knowledge or experience in the field,Teaching language,Teachers' teaching method,Not having a good (powerful) computer,Private life problems,Library always crowded,3.0,Yes,3.0,4.0,Positively,5-7 hours,4.0,8.0,7.0,5.0,8.0,Bad quality of internet,You do not care about,3,2.0,17.0,14.0,15.0,High,High,High,High,Very High,High,High,High,High,High,Moderate,Very High,Very High,Very High,Very High,High,Very High,Very High,Very High,Very High,High,10.0,9.0,10.0,Moderate,Moderate,Moderate,Moderate,Low,High,Moderate,Moderate,Low,Low,Low,Low,Moderate,Moderate,High,High,Moderate,Moderate,Moderate,Moderate,Low,Low,Moderate,Moderate,Moderate,Moderate,High
177,Male,Fourth year,Technical maths,18-25,In the school's library,Alone,Lectures;Learning by practicing;Project-based learning,Books;Online documents;Private courses,No,Lack of time,Pressure,Teachers' teaching method,Bad quality of internet,Lack of previous knowledge or experience in the field,Private life problems,Teaching language,Not having a good (powerful) computer,"The not organized study schedule put by the school , some modules requires TD and they do not have ...",4.0,Yes,5.0,5.0,Positively,8 hours or more,4.0,9.0,9.0,7.0,6.0,Unknown,Unknown,4,3.0,14.0,17.0,16.0,High,High,High,High,Very High,High,High,High,High,High,Moderate,Very High,Very High,Very High,Very High,High,Very High,Very High,Very High,Very High,High,10.0,9.0,10.0,Moderate,Moderate,Moderate,Moderate,Low,High,Moderate,Moderate,Low,Low,Low,Low,Moderate,Moderate,High,High,Moderate,Moderate,Moderate,Moderate,Low,Low,Moderate,Moderate,Moderate,Moderate,High
178,Male,Third year,Mathematics,10-17,At home,Alone,Learning by practicing,Books;Online documents,No,Lack of time,Teachers' teaching method,Private life problems,Pressure,Lack of previous knowledge or experience in the field,Not having a good (powerful) computer,Teaching language,Bad quality of internet,"Guergour, thabet, dib, w abdou jirani, nahkiw mashi n9raw ( w mouchaal lol)",3.0,Yes,4.0,3.0,You do not care about,8 hours or more,4.0,8.0,8.0,8.0,9.0,Bad quality of internet,You do not care about,3,2.0,16.0,15.0,16.0,Very High,Very High,High,High,Very High,High,Very High,High,Moderate,Very High,High,Very High,Very High,Very High,Very High,High,Very High,Very High,Very High,Very High,High,10.0,9.0,10.0,Moderate,Moderate,Moderate,Moderate,Low,High,Moderate,Moderate,Low,Low,Low,Low,Moderate,Moderate,High,High,Moderate,Moderate,Moderate,Moderate,Low,Low,Moderate,Moderate,Moderate,Moderate,High
179,Male,Second year,Mathematics,18-25,At home,Alone,Lectures;Learning by practicing;Online courses and tutorials,Online tutorials;Online documents;YouTube videos,Yes,Lack of time,Pressure,Not having a good (powerful) computer,Lack of previous knowledge or experience in the field,Teachers' teaching method,Teaching language,Bad quality of internet,Private life problems,Lack of motivation,3.0,No,4.0,5.0,You do not care about,5-7 hours,4.0,9.0,9.0,9.0,9.0,Lack of previous knowledge or experience in the field,You do not care about,2,1.0,16.0,16.0,16.0,Very High,High,Very High,High,Very High,High,High,High,High,Very High,Very High,Very High,Very High,Very High,Very High,High,Very High,Very High,Very High,Very High,High,10.0,9.0,10.0,Moderate,Moderate,Moderate,Moderate,Low,High,Moderate,Moderate,Low,Low,Low,Low,Moderate,Moderate,High,High,Moderate,Moderate,Moderate,Moderate,Low,Low,Moderate,Moderate,Moderate,Moderate,High
180,Male,Third year,Science,34-41,In your room (dorms),Alone,Learning by practicing;Project-based learning,Online documents,No,Pressure,Lack of time,Teachers' teaching method,Private life problems,Lack of previous knowledge or experience in the field,Not having a good (powerful) computer,Bad quality of internet,Teaching language,"Guergour, thabet, dib, w abdou jirani, nahkiw mashi n9raw ( w mouchaal lol)",2.0,Yes,3.0,4.0,Positively,8 hours or more,4.0,8.0,6.0,6.0,7.0,Bad quality of internet,You do not care about,3,2.0,16.0,16.0,16.0,Very High,High,Very High,High,Very High,High,Very High,High,High,Very High,Very High,Very High,Very High,Very High,Very High,High,Very High,Very High,Very High,Very High,High,10.0,9.0,10.0,Moderate,Moderate,Moderate,Moderate,Low,High,Moderate,Moderate,Low,Low,Low,Low,Moderate,Moderate,High,High,Moderate,Moderate,Moderate,Moderate,Low,Low,Moderate,Moderate,Moderate,Moderate,High
181,Male,Second year,Mathematics,10-17,In your room (dorms),Alone,"Learning by practicing, Mind mapping and visualization",Online documents,No,Teachers' teaching method,Bad quality of internet,Lack of time,Lack of previous knowledge or experience in the field,Not having a good (powerful) computer,Pressure,Lack of previous knowledge or experience in the field,Teaching language,Lack of motivation,1.0,No,3.0,4.0,You do not care about,5-7 hours,5.0,8.0,7.0,7.0,8.0,Private life problems,Positively,2,1.0,16.0,16.0,16.0,Very High,High,Very High,High,Very High,High,Very High,High,High,Very High,Very High,Very High,Very High,Very High,Very High,High,High,High,Very High,Very High,High,10.0,9.0,10.0,Moderate,Moderate,Moderate,Moderate,Low,High,Moderate,Moderate,Low,Low,Low,Low,Moderate,Moderate,High,High,Moderate,Moderate,Moderate,Moderate,Low,Low,Moderate,Moderate,Moderate,Moderate,High
182,Female,Second year,Mathematics,26-33,In the school's library,Alone,Lectures;Learning by practicing;Mind mapping and visualization,Online documents;YouTube videos,No,Pressure,Lack of time,Lack of previous knowledge or experience in the field,Teachers' teaching method,Private life problems,Teaching language,Bad quality of internet,Not having a good (powerful) computer,Lack of motivation,3.0,No,4.0,4.0,You do not care about,8 hours or more,3.0,9.0,8.0,8.0,7.0,Lack of previous knowledge or experience in the field,You do not care about,2,1.0,16.0,16.0,16.0,High,High,Very High,High,High,Moderate,High,Very High,High,Very High,High,Moderate,Very High,Very High,Very High,High,High,High,Very High,Very High,High,10.0,9.0,10.0,Moderate,Moderate,Moderate,Moderate,Low,High,Moderate,Moderate,Low,Low,Low,Low,Moderate,Moderate,High,High,Moderate,Moderate,Moderate,Moderate,Low,Low,Moderate,Moderate,Moderate,Moderate,High
183,Male,Third year,Science,26-33,In your room (dorms),Alone,Learning by practicing;Mind mapping and visualization;Online courses and tutorials,Books;Online documents,No,Lack of time,Pressure,Bad quality of internet,Teachers' teaching method,Lack of previous knowledge or experience in the field,Private life problems,Teaching language,Not having a good (powerful) computer,"Guergour, thabet, dib, w abdou jirani, nahkiw mashi n9raw ( w mouchaal lol)",2.0,Yes,4.0,5.0,Positively,5-7 hours,3.0,8.0,8.0,8.0,7.0,Bad quality of internet,You do not care about,3,2.0,16.0,17.0,16.0,High,Very High,High,High,High,Moderate,Very High,Very High,High,Very High,High,Moderate,Very High,Very High,Very High,High,High,High,Very High,Very High,High,10.0,9.0,10.0,Moderate,Moderate,Moderate,Moderate,Low,High,Moderate,Moderate,Low,Low,Low,Low,Moderate,Moderate,High,High,Moderate,Moderate,Moderate,Moderate,Low,Low,Moderate,Moderate,Moderate,Moderate,High
184,Male,Second year,Science,18-25,In your room (dorms),Alone,Learning by practicing,"Books, Online documents",No,Lack of time,Lack of previous knowledge or experience in the field,Teachers' teaching method,Lack of previous knowledge or experience in the field,Pressure,Not having a good (powerful) computer,Private life problems,Teaching language,Lack of motivation,2.0,No,4.0,4.0,You do not care about,8 hours or more,3.0,8.0,9.0,9.0,8.0,Bad quality of internet,Negatively,2,1.0,16.0,17.0,16.0,High,Very High,High,High,High,Very High,Very High,Very High,High,Very High,High,Moderate,Very High,Very High,Very High,High,High,Very High,Very High,Very High,Very High,10.0,9.0,10.0,Moderate,Moderate,Moderate,Moderate,Low,High,Moderate,Moderate,Low,Low,Low,Low,Moderate,Moderate,High,High,Moderate,Moderate,Moderate,Moderate,Low,Low,Moderate,Moderate,Moderate,Moderate,High
185,Male,Second year,Mathematics,18-25,In the school's library,Alone,Lectures,Books,No,Lack of time,Private life problems,Pressure,Bad quality of internet,Teachers' teaching method,Lack of previous knowledge or experience in the field,Teaching language,Not having a good (powerful) computer,Lack of motivation,3.0,Yes,4.0,5.0,You do not care about,5-7 hours,4.0,8.0,8.0,8.0,9.0,Lack of previous knowledge or experience in the field,You do not care about,2,1.0,16.0,17.0,16.0,High,Very High,High,High,High,Very High,Very High,Very High,High,Very High,High,Moderate,Very High,Very High,Very High,High,High,Very High,Very High,Very High,Very High,10.0,9.0,10.0,Moderate,Moderate,Moderate,Moderate,Low,High,Moderate,Moderate,Low,Low,Low,Low,Moderate,Moderate,High,High,Moderate,Moderate,Moderate,Moderate,Low,Low,Moderate,Moderate,Moderate,Moderate,High
186,Male,Second year,Mathematics,18-25,At home,Alone,"Lectures, Learning by practicing, Project-based learning, Online courses and tutorials","Books, Online tutorials, Online documents, YouTube videos",No,Teachers' teaching method,Pressure,Lack of time,Lack of previous knowledge or experience in the field,Bad quality of internet,Bad quality of internet,Not having a good (powerful) computer,Private life problems,Lack of motivation,1.0,No,1.0,5.0,You do not care about,8 hours or more,3.0,6.0,5.0,5.0,4.0,Lack of previous knowledge or experience in the field,Negatively,2,1.0,17.0,16.0,16.0,High,Very High,High,High,High,High,Very High,Very High,High,Very High,High,Moderate,Very High,Very High,Very High,Very High,Very High,Very High,Very High,Very High,High,10.0,9.0,10.0,Moderate,Moderate,Moderate,Moderate,Low,High,Moderate,Moderate,Low,Low,Low,Low,Moderate,Moderate,High,High,Moderate,Moderate,Moderate,Moderate,Low,Low,Moderate,Moderate,Moderate,Moderate,High
187,Female,Second year,Mathematics,26-33,In the dorms' library,Alone,"Lectures, Learning by practicing, Project-based learning, Mind mapping and visualization","Books, Online documents",No,Teachers' teaching method,Pressure,Bad quality of internet,Lack of previous knowledge or experience in the field,Lack of time,Teaching language,Not having a good (powerful) computer,Lack of previous knowledge or experience in the field,Lack of motivation,1.0,No,4.0,5.0,You do not care about,8 hours or more,3.0,9.0,7.0,7.0,8.0,Private life problems,Negatively,2,1.0,17.0,16.0,17.0,High,Very High,High,High,High,Very High,Very High,Very High,Very High,Very High,High,Moderate,Very High,Very High,Very High,High,Very High,Very High,Very High,Very High,Very High,10.0,9.0,10.0,Moderate,Moderate,Moderate,Moderate,Low,High,Moderate,Moderate,Low,Low,Low,Low,Moderate,Moderate,High,High,Moderate,Moderate,Moderate,Moderate,Low,Low,Moderate,Moderate,Moderate,Moderate,High
188,Male,Second year,Mathematics,34-41,In the school's library,Alone,Learning by practicing;Project-based learning;Online courses and tutorials,Books;Online tutorials;YouTube videos;chatgpt,Yes,Pressure,Private life problems,Lack of time,Teachers' teaching method,Lack of previous knowledge or experience in the field,Teaching language,Not having a good (powerful) computer,Bad quality of internet,fucking 3ala9at ijtima3eya,3.0,Yes,3.0,4.0,Positively,5-7 hours,4.0,7.0,8.0,7.0,9.0,Lack of previous knowledge or experience in the field,You do not care about,2,1.0,17.0,17.0,17.0,Very High,High,Very High,High,High,Moderate,High,High,High,High,Very High,High,Very High,Very High,Very High,High,Very High,Very High,Very High,Very High,Very High,10.0,9.0,10.0,Moderate,Moderate,Moderate,Moderate,Low,High,Moderate,Moderate,Low,Low,Low,Low,Moderate,Moderate,High,High,Moderate,Moderate,Moderate,Moderate,Low,Low,Moderate,Moderate,Moderate,Moderate,High
189,Female,Second year,Mathematics,26-33,In the school's library,With a group,"Lectures, Learning by practicing, Project-based learning, Mind mapping and visualization, Interactive workshops, Online courses and tutorials","Online tutorials, Online documents, YouTube videos",No,Lack of time,Teaching language,Bad quality of internet,Lack of previous knowledge or experience in the field,Private life problems,Pressure,Not having a good (powerful) computer,Teachers' teaching method,Lack of motivation,3.0,No,4.0,5.0,You do not care about,8 hours or more,3.0,7.0,8.0,8.0,8.0,Pressure,Positively,2,1.0,17.0,17.0,17.0,Very High,High,Very High,High,High,Very High,Very High,High,High,High,Very High,High,Very High,Very High,Very High,Very High,Very High,Very High,Very High,Very High,Very High,10.0,9.0,10.0,Moderate,Moderate,Moderate,Moderate,Low,High,Moderate,Moderate,Low,Low,Low,Low,Moderate,Moderate,High,High,Moderate,Moderate,Moderate,Moderate,Low,Low,Moderate,Moderate,Moderate,Moderate,High
190,Female,Second year,Mathematics,18-25,In your room (dorms),Alone,"Learning by practicing, Mind mapping and visualization, Interactive workshops","Books, Online tutorials, Online documents, YouTube videos",Yes,Teachers' teaching method,Lack of time,Bad quality of internet,Lack of previous knowledge or experience in the field,Private life problems,Teaching language,Lack of previous knowledge or experience in the field,Not having a good (powerful) computer,Lack of motivation,2.0,Yes,3.0,5.0,You do not care about,5-7 hours,4.0,8.0,8.0,7.0,9.0,Pressure,You do not care about,2,1.0,17.0,18.0,17.0,Very High,High,Very High,High,High,High,Very High,High,Very High,High,Very High,High,Very High,Very High,Very High,Very High,High,Very High,Very High,Very High,Very High,10.0,9.0,10.0,Moderate,Moderate,Moderate,Moderate,Low,High,Moderate,Moderate,Low,Low,Low,Low,Moderate,Moderate,High,High,Moderate,Moderate,Moderate,Moderate,Low,Low,Moderate,Moderate,Moderate,Moderate,High
191,Female,Third year,Mathematics,10-17,In your room (dorms),Alone,Lectures;Learning by practicing;Project-based learning,Books;Online tutorials;Online documents,Yes,Lack of time,Bad quality of internet,Private life problems,Teachers' teaching method,Lack of previous knowledge or experience in the field,Pressure,Not having a good (powerful) computer,Teaching language,"Guergour, thabet, dib, w abdou jirani, nahkiw mashi n9raw ( w mouchaal lol)",3.0,Yes,4.0,5.0,You do not care about,5-7 hours,3.0,8.0,7.0,6.0,7.0,Bad quality of internet,You do not care about,3,2.0,17.0,18.0,17.0,Very High,High,Very High,High,High,High,Very High,High,Very High,High,Very High,High,Very High,Very High,Very High,Very High,High,Very High,Very High,Very High,Very High,10.0,9.0,10.0,Moderate,Moderate,Moderate,Moderate,Low,High,Moderate,Moderate,Low,Low,Low,Low,Moderate,Moderate,High,High,Moderate,Moderate,Moderate,Moderate,Low,Low,Moderate,Moderate,Moderate,Moderate,High
192,Female,First year,Mathematics,34-41,In your room (dorms),Alone,Lectures;Learning by practicing,Online tutorials;Online documents;YouTube videos,Yes,Pressure,Lack of time,Teachers' teaching method,Bad quality of internet,Teaching language,Lack of previous knowledge or experience in the field,Private life problems,Not having a good (powerful) computer,Don't know the right method to study,4.0,No,5.0,5.0,Positively,8 hours or more,4.0,6.0,6.0,6.0,3.0,Lack of previous knowledge or experience in the field,You do not care about,1,1.0,6.0,18.0,17.0,Very High,High,Very High,High,High,High,Very High,High,Very High,High,Very High,High,Very High,Very High,Very High,Very High,High,Very High,Very High,Very High,Very High,10.0,9.0,10.0,Moderate,Moderate,Moderate,Moderate,Low,High,Moderate,Moderate,Low,Low,Low,Low,Moderate,Moderate,High,High,Moderate,Moderate,Moderate,Moderate,Low,Low,Moderate,Moderate,Moderate,Moderate,High
193,Female,First year,Mathematics,26-33,In the school's library,Alone,Learning by practicing,Online documents;YouTube videos,Yes,Bad quality of internet,Teachers' teaching method,Lack of previous knowledge or experience in the field,Pressure,Lack of time,Private life problems,Not having a good (powerful) computer,Lack of time,I waste time in the dorms,3.0,No,5.0,4.0,You do not care about,8 hours or more,3.0,5.0,4.0,3.0,5.0,Lack of previous knowledge or experience in the field,You do not care about,1,1.0,10.0,18.0,17.0,Very High,High,Very High,High,High,High,Very High,High,Very High,High,Very High,High,Very High,Very High,Very High,Very High,High,Very High,Very High,Very High,Very High,10.0,9.0,10.0,Moderate,Moderate,Moderate,Moderate,Low,High,Moderate,Moderate,Low,Low,Low,Low,Moderate,Moderate,High,High,Moderate,Moderate,Moderate,Moderate,Low,Low,Moderate,Moderate,Moderate,Moderate,High
194,Female,First year,Mathematics,10-17,In the school's library,In peer,Learning by practicing,Online tutorials;YouTube videos,Yes,Lack of previous knowledge or experience in the field,Teachers' teaching method,Lack of time,Pressure,Bad quality of internet,Not having a good (powerful) computer,Teaching language,Private life problems,"english language, studying secondry modules effect our focusing on main module, espacially with a lot of home works and projects",2.0,No,3.0,4.0,Positively,5-7 hours,2.0,7.0,9.0,10.0,6.0,Lack of previous knowledge or experience in the field,You do not care about,1,1.0,10.0,18.0,17.0,Very High,High,Very High,High,High,High,Very High,High,Very High,High,Very High,High,Very High,Very High,Very High,Very High,High,Very High,Very High,Very High,Very High,10.0,9.0,10.0,Moderate,Moderate,Moderate,Moderate,Low,High,Moderate,Moderate,Low,Low,Low,Low,Moderate,Moderate,High,High,Moderate,Moderate,Moderate,Moderate,Low,Low,Moderate,Moderate,Moderate,Moderate,High
195,Female,Second year,Science,18-25,In the school's library,Alone,Learning by practicing;Project-based learning,Books;YouTube videos,No,Pressure,Lack of time,Teachers' teaching method,Lack of previous knowledge or experience in the field,Bad quality of internet,Teaching language,Not having a good (powerful) computer,Private life problems,Lack of motivation,2.0,Yes,2.0,4.0,Positively,5-7 hours,3.0,8.0,8.0,7.0,7.0,Lack of previous knowledge or experience in the field,You do not care about,2,1.0,11.0,10.0,17.0,Low,Moderate,Moderate,Moderate,High,High,Moderate,High,Low,Low,Low,High,Very High,Very High,Very High,Very High,High,Very High,Very High,Very High,Very High,10.0,9.0,10.0,Moderate,Moderate,Moderate,Moderate,Low,High,Moderate,Moderate,Low,Low,Low,Low,Moderate,Moderate,High,High,Moderate,Moderate,Moderate,Moderate,Low,Low,Moderate,Moderate,Moderate,Moderate,High
196,Female,Second year,Technical maths,10-17,In the dorms' library,With a group,Lectures,Books;Online tutorials;Online documents,No,Pressure,Private life problems,Teaching language,Bad quality of internet,Lack of time,Teachers' teaching method,Lack of previous knowledge or experience in the field,Not having a good (powerful) computer,Lack of motivation,3.0,Yes,1.0,4.0,You do not care about,8 hours or more,1.0,10.0,5.0,7.0,6.0,Lack of previous knowledge or experience in the field,You do not care about,2,1.0,11.0,10.0,17.0,High,Moderate,Low,Moderate,Very High,Very High,Low,High,Low,Low,Moderate,Very High,Very High,Very High,Very High,Very High,High,Very High,Very High,Very High,Very High,10.0,9.0,10.0,Moderate,Moderate,Moderate,Moderate,Low,High,Moderate,Moderate,Low,Low,Low,Low,Moderate,Moderate,High,High,Moderate,Moderate,Moderate,Moderate,Low,Low,Moderate,Moderate,Moderate,Moderate,High
197,Male,Second year,Technical maths,18-25,In your room (dorms),In peer,Lectures;Learning by practicing,Online tutorials;YouTube videos,No,Private life problems,Pressure,Lack of time,Lack of previous knowledge or experience in the field,Teachers' teaching method,Bad quality of internet,Teaching language,Not having a good (powerful) computer,Lack of motivation,3.0,No,4.0,4.0,Positively,5-7 hours,4.0,8.0,6.0,7.0,7.0,Lack of previous knowledge or experience in the field,You do not care about,2,1.0,11.0,12.0,17.0,Moderate,Moderate,Moderate,Moderate,High,Moderate,Moderate,Moderate,Moderate,High,High,High,Very High,Very High,Very High,Very High,High,Very High,Very High,Very High,Very High,10.0,9.0,10.0,Moderate,Moderate,Moderate,Moderate,Low,High,Moderate,Moderate,Low,Low,Low,Low,Moderate,Moderate,High,High,Moderate,Moderate,Moderate,Moderate,Low,Low,Moderate,Moderate,Moderate,Moderate,High
198,Female,Second year,Mathematics,10-17,At home,Alone,Learning by practicing,Books;Online tutorials;Online documents;YouTube videos,No,Lack of time,Pressure,Lack of previous knowledge or experience in the field,Teachers' teaching method,Private life problems,Bad quality of internet,Not having a good (powerful) computer,Teaching language,This is pretty much it,2.0,Yes,2.0,3.0,You do not care about,5-7 hours,3.0,9.0,4.0,2.0,5.0,Lack of previous knowledge or experience in the field,You do not care about,2,1.0,11.0,12.0,17.0,Moderate,Moderate,Moderate,Moderate,High,Moderate,Moderate,Moderate,Moderate,High,High,High,Very High,Very High,Very High,Very High,High,Very High,Very High,Very High,Very High,10.0,9.0,10.0,Moderate,Moderate,Moderate,Moderate,Low,High,Moderate,Moderate,Low,Low,Low,Low,Moderate,Moderate,High,High,Moderate,Moderate,Moderate,Moderate,Low,Low,Moderate,Moderate,Moderate,Moderate,High
199,Female,Second year,Science,10-17,In the school's library,Alone,Lectures,Books;Online documents,No,Lack of time,Teachers' teaching method,Lack of previous knowledge or experience in the field,Bad quality of internet,Pressure,Private life problems,Not having a good (powerful) computer,Teaching language,Lack of motivation,3.0,No,3.0,4.0,Negatively,8 hours or more,4.0,4.0,8.0,8.0,7.0,Lack of previous knowledge or experience in the field,You do not care about,2,1.0,12.0,11.0,17.0,Moderate,High,Low,High,High,Moderate,Moderate,High,Moderate,High,Low,High,Very High,Very High,Very High,Very High,High,Very High,Very High,Very High,Very High,10.0,9.0,10.0,Moderate,Moderate,Moderate,Moderate,Low,High,Moderate,Moderate,Low,Low,Low,Low,Moderate,Moderate,High,High,Moderate,Moderate,Moderate,Moderate,Low,Low,Moderate,Moderate,Moderate,Moderate,High
200,Male,Second year,Science,10-17,In your room (dorms),Alone,Lectures;Learning by practicing,Online documents;YouTube videos,Yes,Lack of time,Private life problems,Teachers' teaching method,Lack of previous knowledge or experience in the field,Pressure,Teaching language,Bad quality of internet,Not having a good (powerful) computer,Lack of motivation,4.0,No,3.0,3.0,Positively,5-7 hours,3.0,8.0,8.0,6.0,5.0,Lack of previous knowledge or experience in the field,You do not care about,2,1.0,12.0,12.0,17.0,Moderate,High,Low,High,High,Moderate,Moderate,High,Moderate,High,Low,High,Very High,Very High,Very High,Very High,High,Very High,Very High,Very High,Very High,10.0,9.0,10.0,Moderate,Moderate,Moderate,Moderate,Low,High,Moderate,Moderate,Low,Low,Low,Low,Moderate,Moderate,High,High,Moderate,Moderate,Moderate,Moderate,Low,Low,Moderate,Moderate,Moderate,Moderate,High
201,Female,Second year,Science,18-25,In the school's library,Alone,Learning by practicing;Mind mapping and visualization;Interactive workshops;Online courses and tutorials,Online tutorials;YouTube videos;Private courses,Yes,Bad quality of internet,Lack of previous knowledge or experience in the field,Lack of time,Private life problems,Teachers' teaching method,Not having a good (powerful) computer,Teaching language,Pressure,Health,2.0,Yes,4.0,5.0,Positively,5-7 hours,4.0,8.0,7.0,6.0,6.0,Lack of previous knowledge or experience in the field,You do not care about,2,1.0,13.0,11.0,17.0,High,Moderate,High,Moderate,High,High,Moderate,High,Moderate,Low,Moderate,High,Very High,Very High,Very High,Very High,High,Very High,Very High,Very High,Very High,10.0,9.0,10.0,Moderate,Moderate,Moderate,Moderate,Low,High,Moderate,Moderate,Low,Low,Low,Low,Moderate,Moderate,High,High,Moderate,Moderate,Moderate,Moderate,Low,Low,Moderate,Moderate,Moderate,Moderate,High
202,Male,First year,Mathematics,10-17,In your room (dorms),Alone,Learning by practicing,Books,No,Lack of time,Pressure,Teaching language,Private life problems,Lack of previous knowledge or experience in the field,Bad quality of internet,Not having a good (powerful) computer,Teachers' teaching method,Don't know the right method to study,3.0,No,3.0,3.0,You do not care about,5-7 hours,3.0,5.0,6.0,4.0,9.0,Lack of previous knowledge or experience in the field,You do not care about,1,1.0,15.0,11.0,17.0,High,Moderate,High,Moderate,High,High,Moderate,High,Moderate,Low,Moderate,High,Very High,Very High,Very High,Very High,High,Very High,Very High,Very High,Very High,10.0,9.0,10.0,Moderate,Moderate,Moderate,Moderate,Low,High,Moderate,Moderate,Low,Low,Low,Low,Moderate,Moderate,High,High,Moderate,Moderate,Moderate,Moderate,Low,Low,Moderate,Moderate,Moderate,Moderate,High
203,Male,Third year,Science,18-25,In your room (dorms),Alone,Learning by practicing;Mind mapping and visualization;Online courses and tutorials,Books;Online tutorials;Online documents,Yes,Private life problems,Teachers' teaching method,Lack of time,Pressure,Bad quality of internet,Teaching language,Not having a good (powerful) computer,Lack of previous knowledge or experience in the field,"Guergour, thabet, dib, w abdou jirani, nahkiw mashi n9raw ( w mouchaal lol)",3.0,Yes,5.0,4.0,Positively,5-7 hours,3.0,6.0,9.0,9.0,8.0,Bad quality of internet,You do not care about,3,2.0,16.0,13.0,17.0,High,Moderate,High,Moderate,High,High,Moderate,High,Moderate,Low,Moderate,High,Very High,Very High,Very High,Very High,High,Very High,Very High,Very High,Very High,10.0,9.0,10.0,Moderate,Moderate,Moderate,Moderate,Low,High,Moderate,Moderate,Low,Low,Low,Low,Moderate,Moderate,High,High,Moderate,Moderate,Moderate,Moderate,Low,Low,Moderate,Moderate,Moderate,Moderate,High
204,Male,Second year,Mathematics,18-25,In your room (dorms),Alone,Lectures,Books,No,Teachers' teaching method,Lack of time,Pressure,Lack of previous knowledge or experience in the field,Teaching language,Not having a good (powerful) computer,Bad quality of internet,Private life problems,Lack of motivation,1.0,No,2.0,3.0,You do not care about,8 hours or more,2.0,4.0,9.0,9.0,6.0,Lack of previous knowledge or experience in the field,You do not care about,2,1.0,16.0,15.0,17.0,High,Very High,High,Very High,High,High,Very High,High,Moderate,High,High,Moderate,Very High,Very High,Very High,Very High,High,Very High,Very High,Very High,Very High,10.0,9.0,10.0,Moderate,Moderate,Moderate,Moderate,Low,High,Moderate,Moderate,Low,Low,Low,Low,Moderate,Moderate,High,High,Moderate,Moderate,Moderate,Moderate,Low,Low,Moderate,Moderate,Moderate,Moderate,High
205,Female,Third year,Science,18-25,In your room (dorms),Alone,Lectures;Online courses and tutorials,YouTube videos,No,Lack of time,Lack of previous knowledge or experience in the field,Teachers' teaching method,Bad quality of internet,Private life problems,Teaching language,Private life problems,Not having a good (powerful) computer,"Guergour, thabet, dib, w abdou jirani, nahkiw mashi n9raw ( w mouchaal lol)",2.0,Yes,4.0,4.0,Positively,5-7 hours,2.0,6.0,5.0,4.0,7.0,Bad quality of internet,You do not care about,3,2.0,16.0,15.0,17.0,Moderate,Moderate,Moderate,Moderate,High,High,High,Low,Moderate,High,High,High,Very High,Very High,Very High,Very High,High,Very High,Very High,Very High,Very High,10.0,9.0,10.0,Moderate,Moderate,Moderate,Moderate,Low,High,Moderate,Moderate,Low,Low,Low,Low,Moderate,Moderate,High,High,Moderate,Moderate,Moderate,Moderate,Low,Low,Moderate,Moderate,Moderate,Moderate,High
206,Male,Second year,Science,18-25,In your room (dorms),With a group,Lectures;Learning by practicing;Mind mapping and visualization,Books;Online tutorials;YouTube videos,No,Pressure,Lack of time,Lack of previous knowledge or experience in the field,Bad quality of internet,Teaching language,Not having a good (powerful) computer,Private life problems,Teachers' teaching method,Lack of motivation,3.0,Yes,3.0,2.0,Positively,5-7 hours,3.0,6.0,4.0,4.0,6.0,Lack of previous knowledge or experience in the field,You do not care about,2,1.0,16.0,15.0,17.0,Moderate,Moderate,Moderate,Low,Moderate,High,Moderate,High,Moderate,Moderate,Moderate,High,Very High,Very High,Very High,Very High,High,Very High,Very High,Very High,Very High,10.0,9.0,10.0,Moderate,Moderate,Moderate,Moderate,Low,High,Moderate,Moderate,Low,Low,Low,Low,Moderate,Moderate,High,High,Moderate,Moderate,Moderate,Moderate,Low,Low,Moderate,Moderate,Moderate,Moderate,High
207,Female,Second year,Mathematics,10-17,In your room (dorms),Alone,Learning by practicing;Mind mapping and visualization,Online tutorials;Online documents;YouTube videos,No,Private life problems,Pressure,Lack of previous knowledge or experience in the field,Teachers' teaching method,Lack of time,Bad quality of internet,Not having a good (powerful) computer,Teaching language,Lack of motivation,3.0,No,1.0,4.0,Negatively,5-7 hours,1.0,8.0,5.0,6.0,7.0,Lack of previous knowledge or experience in the field,You do not care about,2,1.0,16.0,15.0,17.0,Moderate,Moderate,Low,High,Very High,High,Moderate,High,Moderate,High,High,High,Very High,Very High,Very High,Very High,High,Very High,Very High,Very High,Very High,10.0,9.0,10.0,Moderate,Moderate,Moderate,Moderate,Low,High,Moderate,Moderate,Low,Low,Low,Low,Moderate,Moderate,High,High,Moderate,Moderate,Moderate,Moderate,Low,Low,Moderate,Moderate,Moderate,Moderate,High
208,Female,Second year,Mathematics,18-25,In your room (dorms),Alone,Learning by practicing;Mind mapping and visualization;Online courses and tutorials,Online tutorials;YouTube videos,Yes,Pressure,Lack of time,Lack of previous knowledge or experience in the field,Private life problems,Teachers' teaching method,Bad quality of internet,Not having a good (powerful) computer,Teaching language,Lack of motivation,2.0,No,3.0,4.0,Negatively,5-7 hours,2.0,7.0,3.0,7.0,7.0,Lack of previous knowledge or experience in the field,You do not care about,2,1.0,16.0,15.0,17.0,Moderate,Very Low,Very Low,Moderate,High,Moderate,Very Low,High,High,Low,Moderate,High,Very High,Very High,Very High,Very High,High,Very High,Very High,Very High,Very High,10.0,9.0,10.0,Moderate,Moderate,Moderate,Moderate,Low,High,Moderate,Moderate,Low,Low,Low,Low,Moderate,Moderate,High,High,Moderate,Moderate,Moderate,Moderate,Low,Low,Moderate,Moderate,Moderate,Moderate,High
209,Female,Third year,Mathematics,10-17,In your room (dorms),Alone,Learning by practicing;Mind mapping and visualization,Online documents;YouTube videos;Course material,No,Bad quality of internet,Lack of time,Teachers' teaching method,Lack of previous knowledge or experience in the field,Pressure,Private life problems,Teaching language,Not having a good (powerful) computer,"Guergour, thabet, dib, w abdou jirani, nahkiw mashi n9raw ( w mouchaal lol)",3.0,Yes,3.0,3.0,You do not care about,5-7 hours,4.0,10.0,7.0,8.0,7.0,Bad quality of internet,You do not care about,3,2.0,16.0,15.0,17.0,High,Moderate,Very Low,Moderate,Very High,Moderate,Moderate,High,Moderate,High,Low,Very High,Very High,Very High,Very High,Very High,High,Very High,Very High,Very High,Very High,10.0,9.0,10.0,Moderate,Moderate,Moderate,Moderate,Low,High,Moderate,Moderate,Low,Low,Low,Low,Moderate,Moderate,High,High,Moderate,Moderate,Moderate,Moderate,Low,Low,Moderate,Moderate,Moderate,Moderate,High
210,Female,Fourth year,Mathematics,More than 41,In your room (dorms),Alone,Learning by practicing;Project-based learning;Online courses and tutorials,Books;Online tutorials;Online documents,No,Teachers' teaching method,Not having a good (powerful) computer,Lack of time,Bad quality of internet,Pressure,Lack of previous knowledge or experience in the field,Teaching language,Private life problems,"The not organized study schedule put by the school , some modules requires TD and they do not have ...",2.0,No,2.0,3.0,You do not care about,5-7 hours,3.0,7.0,7.0,7.0,6.0,Unknown,Unknown,4,3.0,16.0,15.0,17.0,Moderate,Moderate,Very Low,Moderate,Very High,Moderate,Moderate,High,Moderate,Moderate,Low,Very High,Very High,Very High,Very High,Very High,High,Very High,Very High,Very High,Very High,10.0,9.0,10.0,Moderate,Moderate,Moderate,Moderate,Low,High,Moderate,Moderate,Low,Low,Low,Low,Moderate,Moderate,High,High,Moderate,Moderate,Moderate,Moderate,Low,Low,Moderate,Moderate,Moderate,Moderate,High
4,Male,Second year,Mathematics,10-17,In the school's library,With a group,Online courses and tutorials,Online tutorials;YouTube videos,No,Teachers' teaching method,Lack of time,Pressure,Lack of previous knowledge or experience in the field,Private life problems,Bad quality of internet,Private life problems,Not having a good (powerful) computer,Lack of motivation,3.0,Yes,5.0,5.0,Positively,8 hours or more,3.0,8.0,8.0,8.0,7.0,Lack of previous knowledge or experience in the field,You do not care about,2,2.0,16.0,15.0,17.0,Moderate,Moderate,Very Low,Moderate,Very High,Moderate,Moderate,High,Moderate,Moderate,Low,Very High,Very High,Very High,Very High,Very High,High,Very High,Very High,Very High,Very High,10.0,9.0,10.0,Moderate,Moderate,Moderate,Moderate,Low,High,Moderate,Moderate,Low,Low,Low,Low,Moderate,Moderate,High,High,Moderate,Moderate,Moderate,Moderate,Low,Low,Moderate,Moderate,Moderate,Moderate,High
6,Female,Third year,Mathematics,10-17,In the school's library,Alone,Learning by practicing;Project-based learning;Online courses and tutorials,Online tutorials;Online documents;YouTube videos,Yes,Pressure,Lack of time,Lack of previous knowledge or experience in the field,Teachers' teaching method,Private life problems,Bad quality of internet,Not having a good (powerful) computer,Teaching language,"Guergour, thabet, dib, w abdou jirani, nahkiw mashi n9raw ( w mouchaal lol)",3.0,No,4.0,5.0,Positively,8 hours or more,3.0,7.0,7.0,5.0,3.0,Bad quality of internet,You do not care about,3,2.0,16.0,15.0,17.0,Moderate,Moderate,Very Low,Moderate,Very High,Moderate,Moderate,High,Moderate,Moderate,Low,Very High,Very High,Very High,Very High,Very High,High,Very High,Very High,Very High,Very High,11.0,9.0,10.0,Moderate,Moderate,Moderate,Moderate,Low,High,Moderate,Moderate,Low,Low,Low,Low,Moderate,Moderate,High,High,Moderate,Moderate,Moderate,Moderate,Low,Low,Moderate,Moderate,Moderate,Moderate,High
12,Male,Second year,Mathematics,10-17,In the school's library,In peer,Lectures,Online tutorials;YouTube videos,No,Teaching language,Pressure,Lack of previous knowledge or experience in the field,Teachers' teaching method,Lack of time,Private life problems,Not having a good (powerful) computer,Private life problems,.,2.0,Yes,3.0,4.0,You do not care about,5-7 hours,5.0,8.0,6.0,6.0,6.0,Lack of previous knowledge or experience in the field,You do not care about,2,2.0,16.0,15.0,17.0,Moderate,Moderate,Very Low,Moderate,Very High,Moderate,Moderate,High,Moderate,Moderate,Low,Very High,Very High,Very High,Very High,Very High,High,Very High,Very High,Very High,Very High,9.0,9.0,10.0,Moderate,Moderate,Moderate,Moderate,Low,High,Moderate,Moderate,Low,Low,Low,Low,Moderate,Moderate,High,High,Moderate,Moderate,Moderate,Moderate,Low,Low,Moderate,Moderate,Moderate,Moderate,High
18,Male,Third year,Mathematics,10-17,In the school's library,Alone,Learning by practicing,Books;YouTube videos,No,Private life problems,Lack of time,Teachers' teaching method,Lack of previous knowledge or experience in the field,Pressure,Teaching language,Bad quality of internet,Not having a good (powerful) computer,Nothing,3.0,Yes,5.0,4.0,You do not care about,8 hours or more,3.0,6.0,8.0,8.0,7.0,Bad quality of internet,You do not care about,3,2.0,16.0,15.0,17.0,Moderate,Moderate,Very Low,Moderate,Very High,Moderate,Moderate,High,Moderate,Moderate,Low,Very High,Very High,Very High,Very High,Very High,High,Very High,Very High,Very High,Very High,12.0,10.0,11.0,High,High,High,High,Very Low,Very High,High,High,High,Moderate,High,Low,High,High,High,High,Moderate,Moderate,Moderate,Moderate,Low,Low,Moderate,Moderate,Moderate,Moderate,High
28,Female,Second year,Science,18-25,In the school's library,Alone,Mind mapping and visualization;Online courses and tutorials,Online documents;YouTube videos,Yes,Pressure,Lack of time,Lack of previous knowledge or experience in the field,Teaching language,Teaching language,Bad quality of internet,Not having a good (powerful) computer,Private life problems,Lack of motivation,2.0,Yes,3.0,5.0,You do not care about,5-7 hours,1.0,7.0,5.0,6.0,7.0,Lack of previous knowledge or experience in the field,You do not care about,2,2.0,16.0,15.0,17.0,Moderate,Moderate,Very Low,Moderate,Very High,Moderate,Moderate,High,Moderate,Moderate,Low,Very High,Very High,Very High,Very High,Very High,High,Very High,Very High,Very High,Very High,8.0,9.0,9.0,High,High,High,High,Very Low,Very High,High,High,High,Moderate,High,Low,High,High,High,High,Moderate,Moderate,Moderate,Moderate,Low,Low,Moderate,Moderate,Moderate,Moderate,High
29,Male,Third year,Mathematics,18-25,In your room (dorms),With a group,Lectures;Learning by practicing;Online courses and tutorials,Online tutorials;YouTube videos,No,Lack of time,Pressure,Lack of previous knowledge or experience in the field,Private life problems,Teaching language,Teachers' teaching method,Bad quality of internet,Not having a good (powerful) computer,"Guergour, thabet, dib, w abdou jirani, nahkiw mashi n9raw ( w mouchaal lol)",3.0,Yes,4.0,3.0,You do not care about,5-7 hours,2.0,6.0,6.0,6.0,7.0,Bad quality of internet,You do not care about,3,2.0,16.0,15.0,17.0,Moderate,Moderate,Very Low,Moderate,Very High,Moderate,Moderate,High,Moderate,Moderate,Low,Very High,Very High,Very High,Very High,Very High,High,Very High,Very High,Very High,Very High,11.0,11.0,11.0,High,High,High,High,Very Low,Very High,High,High,High,Moderate,High,Low,High,High,High,High,Moderate,Moderate,Moderate,Moderate,Low,Low,Moderate,Moderate,Moderate,Moderate,High
30,Male,Third year,Science,10-17,In your room (dorms),Alone,Lectures;Learning by practicing,Online documents;YouTube videos,No,Private life problems,Lack of previous knowledge or experience in the field,Pressure,Lack of time,Teachers' teaching method,Teaching language,Bad quality of internet,Not having a good (powerful) computer,"Guergour, thabet, dib, w abdou jirani, nahkiw mashi n9raw ( w mouchaal lol)",2.0,No,4.0,3.0,You do not care about,5-7 hours,3.0,5.0,4.0,4.0,5.0,Bad quality of internet,You do not care about,3,2.0,16.0,15.0,17.0,Moderate,Moderate,Very Low,Moderate,Very High,Moderate,Moderate,High,Moderate,Moderate,Low,Very High,Very High,Very High,Very High,Very High,High,Very High,Very High,Very High,Very High,11.0,12.0,12.0,Moderate,Moderate,High,Moderate,Low,Moderate,High,Moderate,Moderate,Moderate,High,Moderate,High,Moderate,High,High,Moderate,Moderate,Moderate,Moderate,Low,Low,Moderate,Moderate,Moderate,Moderate,High
45,Female,Fourth year,Technical maths,10-17,In your room (dorms),Alone,Lectures;Learning by practicing;Mind mapping and visualization;Online courses and tutorials,Books;Online tutorials;Online documents;YouTube videos,Yes,Pressure,Lack of previous knowledge or experience in the field,Teachers' teaching method,Not having a good (powerful) computer,Lack of time,Private life problems,Teaching language,Bad quality of internet,"social media addiction , health problems, not being able to work on a team in group projects",2.0,Yes,2.0,3.0,You do not care about,5-7 hours,1.0,7.0,2.0,5.0,2.0,Unknown,Unknown,4,3.0,16.0,15.0,17.0,Moderate,Moderate,Very Low,Moderate,Very High,Moderate,Moderate,High,Moderate,Moderate,Low,Very High,Very High,Very High,Very High,Very High,High,Very High,Very High,Very High,Very High,11.0,9.0,10.0,Moderate,High,Very High,High,Moderate,Very Low,Very High,Moderate,Low,Very Low,Moderate,Very Low,Moderate,Moderate,High,High,Moderate,Moderate,Moderate,Moderate,Low,Low,Moderate,Moderate,Moderate,Moderate,High
48,Male,Third year,Mathematics,10-17,In the school's library,Alone,Lectures;Learning by practicing;Mind mapping and visualization;Online courses and tutorials,Online tutorials;Online documents;YouTube videos;Chat GPT,No,Pressure,Teaching language,Lack of time,Lack of previous knowledge or experience in the field,Teachers' teaching method,Private life problems,Bad quality of internet,Not having a good (powerful) computer,"Guergour, thabet, dib, w abdou jirani, nahkiw mashi n9raw ( w mouchaal lol)",2.0,Yes,3.0,3.0,You do not care about,5-7 hours,3.0,6.0,7.0,7.0,8.0,Bad quality of internet,You do not care about,3,2.0,16.0,15.0,17.0,Moderate,Moderate,Very Low,Moderate,Very High,Moderate,Moderate,High,Moderate,Moderate,Low,Very High,Very High,Very High,Very High,Very High,High,Very High,Very High,Very High,Very High,11.0,9.0,10.0,Moderate,Moderate,Moderate,Moderate,Low,Low,Moderate,High,Moderate,Moderate,Moderate,Low,Moderate,Low,High,High,Moderate,Moderate,Moderate,Moderate,Low,Low,Moderate,Moderate,Moderate,Moderate,High
58,Male,Third year,Science,10-17,In your room (dorms),Alone,Lectures;Learning by practicing;Project-based learning;Mind mapping and visualization;Online courses and tutorials,Online tutorials;YouTube videos,No,Teachers' teaching method,Lack of time,Lack of previous knowledge or experience in the field,Pressure,Teaching language,Lack of previous knowledge or experience in the field,Private life problems,Not having a good (powerful) computer,"Guergour, thabet, dib, w abdou jirani, nahkiw mashi n9raw ( w mouchaal lol)",2.0,No,3.0,5.0,Positively,5-7 hours,3.0,6.0,7.0,7.0,6.0,Bad quality of internet,You do not care about,3,2.0,16.0,15.0,17.0,Moderate,Moderate,Very Low,Moderate,Very High,Moderate,Moderate,High,Moderate,Moderate,Low,Very High,Very High,Very High,Very High,Very High,High,Very High,Very High,Very High,Very High,12.0,10.0,11.0,High,Moderate,Moderate,Moderate,Moderate,Very High,Moderate,Moderate,Moderate,Moderate,Moderate,Low,Moderate,Moderate,High,High,Moderate,Moderate,Moderate,Moderate,Low,Low,Moderate,Moderate,Moderate,Moderate,High
63,Female,Second year,Science,18-25,In your room (dorms),In peer,Lectures;Learning by practicing;Project-based learning;Mind mapping and visualization;Online courses and tutorials,Books;Online tutorials;Online documents;YouTube videos,Yes,Teachers' teaching method,Pressure,Lack of time,Pressure,Bad quality of internet,Private life problems,Not having a good (powerful) computer,Teaching language,Lack of motivation,2.0,Yes,3.0,5.0,Negatively,5-7 hours,4.0,8.0,6.0,7.0,8.0,Lack of previous knowledge or experience in the field,You do not care about,2,2.0,16.0,15.0,17.0,Moderate,Moderate,Very Low,Moderate,Very High,Moderate,Moderate,High,Moderate,Moderate,Low,Very High,Very High,Very High,Very High,Very High,High,Very High,Very High,Very High,Very High,9.0,10.0,9.0,High,Moderate,Moderate,Moderate,Moderate,Very High,Moderate,Moderate,Moderate,Moderate,Moderate,Low,Moderate,Moderate,High,High,Moderate,Moderate,Moderate,Moderate,Low,Low,Moderate,Moderate,Moderate,Moderate,High
72,Male,Second year,Science,18-25,In your room (dorms),Alone,Lectures;Learning by practicing;Online courses and tutorials,Books,No,Lack of time,Pressure,Lack of previous knowledge or experience in the field,Teachers' teaching method,Teaching language,Private life problems,Bad quality of internet,Not having a good (powerful) computer,Lack of motivation,3.0,Yes,4.0,5.0,You do not care about,8 hours or more,4.0,6.0,7.0,6.0,5.0,Lack of previous knowledge or experience in the field,You do not care about,2,2.0,16.0,15.0,17.0,Moderate,Moderate,Very Low,Moderate,Very High,Moderate,Moderate,High,Moderate,Moderate,Low,Very High,Very High,Very High,Very High,Very High,High,Very High,Very High,Very High,Very High,11.0,10.0,9.0,High,Moderate,Moderate,Moderate,Moderate,Very High,Moderate,Moderate,Moderate,Moderate,Moderate,Low,Moderate,Moderate,High,High,Moderate,Moderate,Moderate,Moderate,Low,Low,Moderate,Moderate,Moderate,Moderate,High
73,Male,Third year,Mathematics,10-17,In your room (dorms),In peer,Lectures;Project-based learning,Online documents;YouTube videos,No,Teachers' teaching method,Pressure,Lack of previous knowledge or experience in the field,Lack of time,Bad quality of internet,Teaching language,Private life problems,Not having a good (powerful) computer,"Guergour, thabet, dib, w abdou jirani, nahkiw mashi n9raw ( w mouchaal lol)",3.0,Yes,4.0,4.0,Negatively,8 hours or more,4.0,7.0,6.0,7.0,5.0,Bad quality of internet,You do not care about,3,2.0,16.0,15.0,17.0,Moderate,Moderate,Very Low,Moderate,Very High,Moderate,Moderate,High,Moderate,Moderate,Low,Very High,Very High,Very High,Very High,Very High,High,Very High,Very High,Very High,Very High,12.0,11.0,12.0,High,Moderate,Moderate,Moderate,Low,Very High,High,Moderate,High,Moderate,High,Moderate,Low,High,High,High,Moderate,Moderate,Moderate,Moderate,Low,Low,Moderate,Moderate,Moderate,Moderate,High
78,Male,Fourth year,Technical maths,10-17,In your room (dorms),Alone,Mind mapping and visualization,Books;YouTube videos,Yes,Private life problems,Lack of time,Pressure,Teachers' teaching method,Pressure,Bad quality of internet,Lack of previous knowledge or experience in the field,Not having a good (powerful) computer,"The not organized study schedule put by the school , some modules requires TD and they do not have ...",1.0,No,2.0,3.0,You do not care about,8 hours or more,2.0,7.0,5.0,5.0,5.0,Unknown,Unknown,4,3.0,16.0,15.0,17.0,Moderate,Moderate,Very Low,Moderate,Very High,Moderate,Moderate,High,Moderate,Moderate,Low,Very High,Very High,Very High,Very High,Very High,High,Very High,Very High,Very High,Very High,12.0,8.0,10.0,High,Moderate,Moderate,Moderate,Low,Very High,High,Moderate,High,Moderate,High,Moderate,Low,High,High,High,Moderate,Moderate,Moderate,Moderate,Low,Low,Moderate,Moderate,Moderate,Moderate,High
80,Male,Fourth year,Technical maths,10-17,At home,In peer,Lectures;Learning by practicing;Project-based learning;Online courses and tutorials,Books;Online documents,No,Pressure,Teachers' teaching method,Lack of previous knowledge or experience in the field,Not having a good (powerful) computer,Bad quality of internet,Private life problems,Teaching language,Lack of time,"The not organized study schedule put by the school , some modules requires TD and they do not have ...",2.0,No,3.0,4.0,You do not care about,5-7 hours,3.0,7.0,7.0,7.0,6.0,Unknown,Unknown,4,3.0,16.0,15.0,17.0,Moderate,Moderate,Very Low,Moderate,Very High,Moderate,Moderate,High,Moderate,Moderate,Low,Very High,Very High,Very High,Very High,Very High,High,Very High,Very High,Very High,Very High,12.0,14.0,13.0,Moderate,Moderate,High,High,Moderate,High,High,High,High,Moderate,Moderate,Moderate,High,Moderate,High,High,Moderate,Moderate,Moderate,Moderate,Low,Low,Moderate,Moderate,Moderate,Moderate,High
83,Male,Third year,Mathematics,10-17,In your room (dorms),Alone,Mind mapping and visualization;Online courses and tutorials,Books;Online documents,Yes,Lack of time,Pressure,Private life problems,Teachers' teaching method,Lack of previous knowledge or experience in the field,Not having a good (powerful) computer,Teaching language,Bad quality of internet,"Guergour, thabet, dib, w abdou jirani, nahkiw mashi n9raw ( w mouchaal lol)",3.0,No,3.0,3.0,Negatively,8 hours or more,2.0,7.0,6.0,6.0,7.0,Bad quality of internet,You do not care about,3,2.0,16.0,15.0,17.0,Moderate,Moderate,Very Low,Moderate,Very High,Moderate,Moderate,High,Moderate,Moderate,Low,Very High,Very High,Very High,Very High,Very High,High,Very High,Very High,Very High,Very High,13.0,12.0,12.0,Moderate,Moderate,High,High,Moderate,High,High,High,High,Moderate,Moderate,Moderate,High,Moderate,High,High,Moderate,Moderate,Moderate,Moderate,Low,Low,Moderate,Moderate,Moderate,Moderate,High
84,Female,Fourth year,Mathematics,10-17,In your room (dorms),Alone,Learning by practicing;Project-based learning;Mind mapping and visualization,Online tutorials;YouTube videos,Yes,Lack of time,Bad quality of internet,Lack of previous knowledge or experience in the field,Pressure,Not having a good (powerful) computer,Private life problems,Teachers' teaching method,Teaching language,"The not organized study schedule put by the school , some modules requires TD and they do not have ...",2.0,Yes,4.0,4.0,You do not care about,5-7 hours,4.0,9.0,7.0,9.0,8.0,Unknown,Unknown,4,3.0,16.0,15.0,17.0,Moderate,Moderate,Very Low,Moderate,Very High,Moderate,Moderate,High,Moderate,Moderate,Low,Very High,Very High,Very High,Very High,Very High,High,Very High,Very High,Very High,Very High,12.0,11.0,12.0,Moderate,Moderate,High,High,Moderate,High,High,High,High,Moderate,Moderate,Moderate,High,Moderate,High,High,Moderate,Moderate,Moderate,Moderate,Low,Low,Moderate,Moderate,Moderate,Moderate,High
85,Female,Third year,Science,26-33,At home,Alone,Lectures;Learning by practicing;Mind mapping and visualization,Online tutorials;Online documents,No,Lack of time,Pressure,Teachers' teaching method,Lack of previous knowledge or experience in the field,Bad quality of internet,Private life problems,Teaching language,Not having a good (powerful) computer,"Guergour, thabet, dib, w abdou jirani, nahkiw mashi n9raw ( w mouchaal lol)",2.0,No,2.0,4.0,Negatively,5-7 hours,5.0,8.0,7.0,6.0,7.0,Bad quality of internet,You do not care about,3,2.0,16.0,15.0,17.0,Moderate,Moderate,Very Low,Moderate,Very High,Moderate,Moderate,High,Moderate,Moderate,Low,Very High,Very High,Very High,Very High,Very High,High,Very High,Very High,Very High,Very High,13.0,12.0,13.0,Moderate,Moderate,High,High,Moderate,High,High,High,High,Moderate,Moderate,Moderate,High,Moderate,High,High,Moderate,Moderate,Moderate,Moderate,Low,Low,Moderate,Moderate,Moderate,Moderate,High
86,Female,Fourth year,Mathematics,10-17,In your room (dorms),In peer,Learning by practicing;Mind mapping and visualization,Online documents;YouTube videos,Yes,Teachers' teaching method,Lack of time,Lack of previous knowledge or experience in the field,Bad quality of internet,Not having a good (powerful) computer,Private life problems,Pressure,Pressure,"The not organized study schedule put by the school , some modules requires TD and they do not have ...",2.0,No,3.0,4.0,You do not care about,5-7 hours,2.0,9.0,7.0,7.0,6.0,Unknown,Unknown,4,3.0,16.0,15.0,17.0,Moderate,Moderate,Very Low,Moderate,Very High,Moderate,Moderate,High,Moderate,Moderate,Low,Very High,Very High,Very High,Very High,Very High,High,Very High,Very High,Very High,Very High,11.0,12.0,11.0,Moderate,Moderate,High,High,Moderate,High,High,High,High,Moderate,Moderate,Moderate,High,Moderate,High,High,Moderate,Moderate,Moderate,Moderate,Low,Low,Moderate,Moderate,Moderate,Moderate,High
93,Female,Second year,Mathematics,18-25,At home,Alone,Lectures;Learning by practicing;Mind mapping and visualization;Online courses and tutorials,Online tutorials;YouTube videos,Yes,Lack of time,Pressure,Private life problems,Lack of previous knowledge or experience in the field,Bad quality of internet,Teachers' teaching method,Teaching language,Not having a good (powerful) computer,fighting the urge to go and live in a cottage in the mountains,3.0,Yes,4.0,5.0,Negatively,8 hours or more,1.0,9.0,5.0,6.0,7.0,Lack of previous knowledge or experience in the field,You do not care about,2,2.0,16.0,15.0,17.0,Moderate,Moderate,Very Low,Moderate,Very High,Moderate,Moderate,High,Moderate,Moderate,Low,Very High,Very High,Very High,Very High,Very High,High,Very High,Very High,Very High,Very High,9.0,9.0,9.0,Moderate,Moderate,High,High,Moderate,High,High,High,High,Moderate,Moderate,Moderate,High,Moderate,High,High,Moderate,Moderate,Moderate,Moderate,Low,Low,Moderate,Moderate,Moderate,Moderate,High
96,Female,Third year,Science,18-25,At home,In peer,Learning by practicing;Mind mapping and visualization;Interactive workshops;Online courses and tutorials,Books;Online documents;YouTube videos,No,Lack of time,Lack of previous knowledge or experience in the field,Teachers' teaching method,Pressure,Private life problems,Bad quality of internet,Teaching language,Not having a good (powerful) computer,"Guergour, thabet, dib, w abdou jirani, nahkiw mashi n9raw ( w mouchaal lol)",2.0,No,3.0,4.0,Negatively,5-7 hours,3.0,7.0,6.0,6.0,6.0,Bad quality of internet,You do not care about,3,2.0,16.0,15.0,17.0,Moderate,Moderate,Very Low,Moderate,Very High,Moderate,Moderate,High,Moderate,Moderate,Low,Very High,Very High,Very High,Very High,Very High,High,Very High,Very High,Very High,Very High,13.0,12.0,12.0,High,High,High,Moderate,Low,High,Moderate,High,Moderate,Moderate,Low,Moderate,High,Moderate,High,High,Moderate,Moderate,Moderate,Moderate,Low,Low,Moderate,Moderate,Moderate,Moderate,High
100,Female,Third year,Science,10-17,At home,Alone,Learning by practicing;Project-based learning;Mind mapping and visualization;Online courses and tutorials,Books;Online tutorials;Online documents;YouTube videos,No,Lack of time,Pressure,Teachers' teaching method,Private life problems,Lack of previous knowledge or experience in the field,Not having a good (powerful) computer,Bad quality of internet,Teaching language,"Perhaps the challenge lies in the lack of resources for theoretical exercises, or the kind of exos that we find in exams",3.0,Yes,4.0,5.0,Positively,5-7 hours,4.0,7.0,8.0,7.0,7.0,Bad quality of internet,You do not care about,3,2.0,16.0,15.0,17.0,Moderate,Moderate,Very Low,Moderate,Very High,Moderate,Moderate,High,Moderate,Moderate,Low,Very High,Very High,Very High,Very High,Very High,High,Very High,Very High,Very High,Very High,13.0,12.0,12.0,High,Moderate,Very High,High,Low,High,Moderate,Moderate,Moderate,High,Moderate,Moderate,Moderate,Moderate,High,High,Moderate,Moderate,Moderate,Moderate,Low,Low,Moderate,Moderate,Moderate,Moderate,High
103,Female,Third year,Mathematics,10-17,At home,Alone,Lectures;Learning by practicing,Online tutorials;YouTube videos,No,Lack of previous knowledge or experience in the field,Bad quality of internet,Teachers' teaching method,Pressure,Pressure,Teaching language,Lack of time,Private life problems,"Guergour, thabet, dib, w abdou jirani, nahkiw mashi n9raw ( w mouchaal lol)",2.0,Yes,2.0,2.0,You do not care about,8 hours or more,4.0,7.0,7.0,7.0,9.0,Bad quality of internet,You do not care about,3,3.0,16.0,15.0,17.0,Moderate,Moderate,Very Low,Moderate,Very High,Moderate,Moderate,High,Moderate,Moderate,Low,Very High,Very High,Very High,Very High,Very High,High,Very High,Very High,Very High,Very High,12.0,11.0,11.0,Moderate,High,High,High,Moderate,High,High,Moderate,Moderate,High,Moderate,Moderate,High,High,High,High,Moderate,Moderate,Moderate,Moderate,Low,Low,Moderate,Moderate,Moderate,Moderate,High
105,Female,Third year,Technical maths,18-25,In the school's library,With a group,Learning by practicing;Project-based learning;Mind mapping and visualization;Interactive workshops,Online tutorials;YouTube videos,Yes,Lack of time,Pressure,Teachers' teaching method,Lack of previous knowledge or experience in the field,Bad quality of internet,Private life problems,Not having a good (powerful) computer,Teaching language,"Guergour, thabet, dib, w abdou jirani, nahkiw mashi n9raw ( w mouchaal lol)",3.0,Yes,3.0,5.0,Positively,5-7 hours,4.0,8.0,7.0,8.0,7.0,Bad quality of internet,You do not care about,3,2.0,16.0,15.0,17.0,Moderate,Moderate,Very Low,Moderate,Very High,Moderate,Moderate,High,Moderate,Moderate,Low,Very High,Very High,Very High,Very High,Very High,High,Very High,Very High,Very High,Very High,12.0,12.0,12.0,Moderate,Moderate,High,Moderate,Moderate,High,Moderate,Moderate,Moderate,Moderate,High,Moderate,High,Moderate,High,High,Moderate,Moderate,Moderate,Moderate,Low,Low,Moderate,Moderate,Moderate,Moderate,High
107,Female,Third year,Science,18-25,At home,In peer,Learning by practicing;Project-based learning;Mind mapping and visualization;Online courses and tutorials,Online documents;YouTube videos,Yes,Lack of time,Pressure,Lack of previous knowledge or experience in the field,Teachers' teaching method,Bad quality of internet,Private life problems,Teachers' teaching method,Not having a good (powerful) computer,"Guergour, thabet, dib, w abdou jirani, nahkiw mashi n9raw ( w mouchaal lol)",3.0,No,3.0,5.0,Positively,5-7 hours,3.0,8.0,8.0,8.0,8.0,Bad quality of internet,You do not care about,3,2.0,16.0,15.0,17.0,Moderate,Moderate,Very Low,Moderate,Very High,Moderate,Moderate,High,Moderate,Moderate,Low,Very High,Very High,Very High,Very High,Very High,High,Very High,Very High,Very High,Very High,13.0,11.0,13.0,Moderate,Moderate,High,Moderate,Moderate,High,Moderate,Moderate,Moderate,Moderate,High,Moderate,High,Moderate,High,High,Moderate,Moderate,Moderate,Moderate,Low,Low,Moderate,Moderate,Moderate,Moderate,High
119,Male,Third year,Mathematics,10-17,At home,Alone,Learning by practicing;Project-based learning;Online courses and tutorials,Online tutorials;Online documents;YouTube videos,No,Lack of time,Lack of previous knowledge or experience in the field,Teachers' teaching method,Not having a good (powerful) computer,Pressure,Bad quality of internet,Private life problems,Teaching language,"Guergour, thabet, dib, w abdou jirani, nahkiw mashi n9raw ( w mouchaal lol)",2.0,Yes,3.0,4.0,You do not care about,5-7 hours,3.0,8.0,8.0,7.0,7.0,Bad quality of internet,You do not care about,3,2.0,16.0,15.0,17.0,Moderate,Moderate,Very Low,Moderate,Very High,Moderate,Moderate,High,Moderate,Moderate,Low,Very High,Very High,Very High,Very High,Very High,High,Very High,Very High,Very High,Very High,11.0,11.0,11.0,Moderate,Moderate,High,Moderate,Moderate,High,Moderate,Moderate,Moderate,Moderate,High,Moderate,High,Moderate,High,High,Moderate,Moderate,Moderate,Moderate,Low,Low,Moderate,Moderate,Moderate,Moderate,High
122,Female,Fourth year,Mathematics,18-25,In your room (dorms),Alone,Lectures;Learning by practicing;Project-based learning;Interactive workshops;Online courses and tutorials,Books;Online documents;YouTube videos,Yes,Bad quality of internet,Pressure,Lack of previous knowledge or experience in the field,Lack of time,Not having a good (powerful) computer,Teachers' teaching method,Private life problems,Teaching language,"The not organized study schedule put by the school , some modules requires TD and they do not have ...",4.0,Yes,2.0,5.0,Positively,5-7 hours,3.0,8.0,9.0,9.0,9.0,Unknown,Unknown,4,3.0,16.0,15.0,17.0,Moderate,Moderate,Very Low,Moderate,Very High,Moderate,Moderate,High,Moderate,Moderate,Low,Very High,Very High,Very High,Very High,Very High,High,Very High,Very High,Very High,Very High,13.0,11.0,12.0,Moderate,Moderate,High,Moderate,Moderate,High,Moderate,Moderate,Moderate,Moderate,High,Moderate,High,Moderate,High,High,Moderate,Moderate,Moderate,Moderate,Low,Low,Moderate,Moderate,Moderate,Moderate,High
128,Female,Third year,Science,34-41,In your room (dorms),Alone,Lectures;Learning by practicing;Project-based learning;Online courses and tutorials,Online tutorials;Online documents;YouTube videos,No,Pressure,Lack of time,Bad quality of internet,Private life problems,Teachers' teaching method,Lack of previous knowledge or experience in the field,Teaching language,Not having a good (powerful) computer,"Guergour, thabet, dib, w abdou jirani, nahkiw mashi n9raw ( w mouchaal lol)",3.0,Yes,5.0,5.0,Positively,5-7 hours,4.0,8.0,9.0,8.0,7.0,Bad quality of internet,You do not care about,3,2.0,16.0,15.0,17.0,Moderate,Moderate,Very Low,Moderate,Very High,Moderate,Moderate,High,Moderate,Moderate,Low,Very High,Very High,Very High,Very High,Very High,High,Very High,Very High,Very High,Very High,14.0,14.0,14.0,Moderate,Low,High,Moderate,Low,High,High,Moderate,Moderate,Moderate,Low,Moderate,High,Moderate,High,High,Moderate,Moderate,Moderate,Moderate,Low,Low,Moderate,Moderate,Moderate,Moderate,High
131,Male,Third year,Science,10-17,At home,In peer,Learning by practicing;Project-based learning;Mind mapping and visualization;Interactive workshops;Online courses and tutorials,YouTube videos,No,Teaching language,Lack of previous knowledge or experience in the field,Teachers' teaching method,Lack of time,Pressure,Private life problems,Bad quality of internet,Not having a good (powerful) computer,"Guergour, thabet, dib, w abdou jirani, nahkiw mashi n9raw ( w mouchaal lol)",4.0,Yes,3.0,3.0,Positively,8 hours or more,5.0,7.0,7.0,7.0,7.0,Bad quality of internet,You do not care about,3,2.0,16.0,15.0,17.0,Moderate,Moderate,Very Low,Moderate,Very High,Moderate,Moderate,High,Moderate,Moderate,Low,Very High,Very High,Very High,Very High,Very High,High,Very High,Very High,Very High,Very High,11.0,14.0,12.0,High,Moderate,Moderate,High,Moderate,High,Moderate,High,Low,Moderate,Moderate,High,Moderate,Moderate,High,High,Moderate,Moderate,Moderate,Moderate,Low,Low,Moderate,Moderate,Moderate,Moderate,High
136,Male,Third year,Science,10-17,In your room (dorms),In peer,Lectures;Mind mapping and visualization,YouTube videos;Resources provided by teachers (slides),No,Lack of time,Pressure,Bad quality of internet,Teachers' teaching method,Not having a good (powerful) computer,Bad quality of internet,Private life problems,Teaching language,The exaggerated amount of tasks given by teachers,4.0,Yes,5.0,5.0,Positively,5-7 hours,5.0,8.0,8.0,8.0,8.0,Bad quality of internet,You do not care about,3,2.0,16.0,15.0,17.0,Moderate,Moderate,Very Low,Moderate,Very High,Moderate,Moderate,High,Moderate,Moderate,Low,Very High,Very High,Very High,Very High,Very High,High,Very High,Very High,Very High,Very High,14.0,14.0,14.0,Very High,Moderate,High,High,Moderate,High,Moderate,High,Very High,High,Moderate,High,Moderate,Moderate,High,High,Moderate,Moderate,Moderate,Moderate,Low,Low,Moderate,Moderate,Moderate,Moderate,High
137,Female,Fourth year,Technical maths,More than 41,In your room (dorms),Alone,Lectures;Learning by practicing;Online courses and tutorials,Books;Online documents,Yes,Teachers' teaching method,Lack of time,Bad quality of internet,Pressure,Lack of previous knowledge or experience in the field,Private life problems,Not having a good (powerful) computer,Teaching language,"The not organized study schedule put by the school , some modules requires TD and they do not have ...",2.0,No,3.0,4.0,You do not care about,5-7 hours,3.0,7.0,6.0,7.0,9.0,Unknown,Unknown,4,3.0,16.0,15.0,17.0,Moderate,Moderate,Very Low,Moderate,Very High,Moderate,Moderate,High,Moderate,Moderate,Low,Very High,Very High,Very High,Very High,Very High,High,Very High,Very High,Very High,Very High,13.0,11.0,12.0,Very High,Moderate,High,High,Moderate,High,Moderate,High,Very High,High,Moderate,High,Moderate,Moderate,High,High,Moderate,Moderate,Moderate,Moderate,Low,Low,Moderate,Moderate,Moderate,Moderate,High
138,Male,Fourth year,Mathematics,18-25,In your room (dorms),Alone,Learning by practicing;Project-based learning,Books,No,Private life problems,Teachers' teaching method,Lack of time,Lack of previous knowledge or experience in the field,Pressure,Lack of time,Not having a good (powerful) computer,Teaching language,"The not organized study schedule put by the school , some modules requires TD and they do not have ...",3.0,Yes,3.0,4.0,You do not care about,5-7 hours,2.0,9.0,8.0,7.0,7.0,Unknown,Unknown,4,3.0,16.0,15.0,17.0,Moderate,Moderate,Very Low,Moderate,Very High,Moderate,Moderate,High,Moderate,Moderate,Low,Very High,Very High,Very High,Very High,Very High,High,Very High,Very High,Very High,Very High,14.0,11.0,13.0,Very High,Moderate,High,High,Moderate,High,Moderate,High,Very High,High,Moderate,High,Moderate,Moderate,High,High,Moderate,Moderate,Moderate,Moderate,Low,Low,Moderate,Moderate,Moderate,Moderate,High
139,Male,Fourth year,Mathematics,10-17,In the school's library,In peer,Project-based learning;Interactive workshops,Books;Online tutorials,No,Pressure,Lack of time,Teachers' teaching method,Lack of previous knowledge or experience in the field,Not having a good (powerful) computer,Private life problems,Bad quality of internet,Teaching language,"The not organized study schedule put by the school , some modules requires TD and they do not have ...",2.0,Yes,4.0,4.0,You do not care about,8 hours or more,2.0,9.0,9.0,9.0,7.0,Unknown,Unknown,4,2.0,16.0,15.0,17.0,Moderate,Moderate,Very Low,Moderate,Very High,Moderate,Moderate,High,Moderate,Moderate,Low,Very High,Very High,Very High,Very High,Very High,High,Very High,Very High,Very High,Very High,14.0,11.0,13.0,Very High,Moderate,High,High,Moderate,High,Moderate,High,Very High,High,Moderate,High,Moderate,Moderate,High,High,Moderate,Moderate,Moderate,Moderate,Low,Low,Moderate,Moderate,Moderate,Moderate,High
143,Male,Third year,Mathematics,10-17,In your room (dorms),Alone,Learning by practicing;Project-based learning;Mind mapping and visualization,Books;YouTube videos,No,Lack of time,Teachers' teaching method,Lack of previous knowledge or experience in the field,Bad quality of internet,Lack of previous knowledge or experience in the field,Private life problems,Not having a good (powerful) computer,Teaching language,أيها الڨرڨور,3.0,No,5.0,5.0,You do not care about,8 hours or more,5.0,4.0,8.0,8.0,9.0,Bad quality of internet,You do not care about,3,2.0,16.0,15.0,17.0,Moderate,Moderate,Very Low,Moderate,Very High,Moderate,Moderate,High,Moderate,Moderate,Low,Very High,Very High,Very High,Very High,Very High,High,Very High,Very High,Very High,Very High,13.0,12.0,13.0,High,Moderate,High,Moderate,Moderate,High,Very Low,Moderate,High,Moderate,High,Moderate,High,High,High,High,Moderate,Moderate,Moderate,Moderate,Low,Low,Moderate,Moderate,Moderate,Moderate,High
149,Male,Third year,Mathematics,18-25,In your room (dorms),Alone,Lectures;Online courses and tutorials,Online tutorials;Online documents;YouTube videos,No,Teachers' teaching method,Lack of time,Lack of previous knowledge or experience in the field,Pressure,Bad quality of internet,Teaching language,Private life problems,Not having a good (powerful) computer,"Guergour, thabet, dib, w abdou jirani, nahkiw mashi n9raw ( w mouchaal lol)",3.0,Yes,3.0,4.0,You do not care about,8 hours or more,3.0,7.0,7.0,7.0,8.0,Bad quality of internet,You do not care about,3,2.0,16.0,15.0,17.0,Moderate,Moderate,Very Low,Moderate,Very High,Moderate,Moderate,High,Moderate,Moderate,Low,Very High,Very High,Very High,Very High,Very High,High,Very High,Very High,Very High,Very High,13.0,13.0,13.0,High,High,High,High,Moderate,High,Moderate,Moderate,High,High,High,High,Very High,High,High,High,Moderate,Moderate,Moderate,Moderate,Low,Low,Moderate,Moderate,Moderate,Moderate,High
160,Male,Third year,Science,10-17,In your room (dorms),In peer,Lectures;Learning by practicing;Project-based learning,Online documents;Slides,No,Pressure,Lack of time,Teachers' teaching method,Bad quality of internet,Teachers' teaching method,Teachers' teaching method,Teachers' teaching method,Bad quality of internet,"Guergour, thabet, dib, w abdou jirani, nahkiw mashi n9raw ( w mouchaal lol)",3.0,Yes,4.0,4.0,You do not care about,5-7 hours,5.0,8.0,8.0,8.0,7.0,Bad quality of internet,You do not care about,3,2.0,16.0,15.0,17.0,Moderate,Moderate,Very Low,Moderate,Very High,Moderate,Moderate,High,Moderate,Moderate,Low,Very High,Very High,Very High,Very High,Very High,High,Very High,Very High,Very High,Very High,13.0,13.0,13.0,High,Moderate,High,Moderate,Low,Very High,Moderate,High,High,Moderate,Moderate,High,Very High,High,High,High,Moderate,Moderate,Moderate,Moderate,Low,Low,Moderate,Moderate,Moderate,Moderate,High
162,Male,Third year,Mathematics,10-17,In your room (dorms),In peer,Lectures;Learning by practicing;Project-based learning,Online documents;Lectures,No,Teachers' teaching method,Pressure,Lack of time,Lack of previous knowledge or experience in the field,Pressure,Bad quality of internet,Private life problems,Teachers' teaching method,"Neighbors and non sense discussions ,games",3.0,Yes,4.0,4.0,Negatively,5-7 hours,4.0,6.0,8.0,8.0,9.0,Bad quality of internet,You do not care about,3,2.0,16.0,15.0,17.0,Moderate,Moderate,Very Low,Moderate,Very High,Moderate,Moderate,High,Moderate,Moderate,Low,Very High,Very High,Very High,Very High,Very High,High,Very High,Very High,Very High,Very High,14.0,14.0,14.0,High,Moderate,High,Moderate,Moderate,High,Moderate,Very High,High,Moderate,High,Moderate,High,Moderate,High,High,Moderate,Moderate,Moderate,Moderate,Low,Low,Moderate,Moderate,Moderate,Moderate,High
167,Male,Second year,Science,10-17,In your room (dorms),In peer,Lectures;Learning by practicing,YouTube videos,Yes,Pressure,Pressure,Lack of time,Pressure,Pressure,Pressure,Pressure,Pressure,غيشي,3.0,No,3.0,3.0,You do not care about,5-7 hours,5.0,7.0,6.0,6.0,7.0,Lack of previous knowledge or experience in the field,You do not care about,2,2.0,16.0,15.0,17.0,Moderate,Moderate,Very Low,Moderate,Very High,Moderate,Moderate,High,Moderate,Moderate,Low,Very High,Very High,Very High,Very High,Very High,High,Very High,Very High,Very High,Very High,12.0,11.0,10.0,High,Moderate,High,Moderate,Moderate,High,Moderate,Very High,High,Moderate,High,Moderate,High,Moderate,High,High,Moderate,Moderate,Moderate,Moderate,Low,Low,Moderate,Moderate,Moderate,Moderate,High
171,Female,Third year,Science,34-41,In the school's library,With a group,Lectures;Learning by practicing;Project-based learning;Mind mapping and visualization,Online documents;YouTube videos;Chatgpt,No,Lack of time,Pressure,Bad quality of internet,Teachers' teaching method,Lack of previous knowledge or experience in the field,Not having a good (powerful) computer,Private life problems,Not having a good (powerful) computer,"Guergour, thabet, dib, w abdou jirani, nahkiw mashi n9raw ( w mouchaal lol)",2.0,No,3.0,3.0,Negatively,5-7 hours,2.0,7.0,5.0,5.0,4.0,Bad quality of internet,You do not care about,3,2.0,16.0,15.0,17.0,Moderate,Moderate,Very Low,Moderate,Very High,Moderate,Moderate,High,Moderate,Moderate,Low,Very High,Very High,Very High,Very High,Very High,High,Very High,Very High,Very High,Very High,15.0,14.0,14.0,High,High,High,Moderate,Moderate,Very High,High,High,High,High,Moderate,Moderate,Very High,High,High,High,Moderate,Moderate,Moderate,Moderate,Low,Low,Moderate,Moderate,Moderate,Moderate,High
173,Female,Third year,Science,18-25,In the school's library,Alone,Lectures;Learning by practicing;Project-based learning;Online courses and tutorials,YouTube videos;ChatGpt,No,Private life problems,Bad quality of internet,Lack of previous knowledge or experience in the field,Pressure,Lack of time,Teachers' teaching method,Not having a good (powerful) computer,Teaching language,"Guergour, thabet, dib, w abdou jirani, nahkiw mashi n9raw ( w mouchaal lol)",3.0,Yes,5.0,5.0,You do not care about,8 hours or more,1.0,7.0,7.0,6.0,5.0,Bad quality of internet,You do not care about,3,2.0,16.0,15.0,17.0,Moderate,Moderate,Very Low,Moderate,Very High,Moderate,Moderate,High,Moderate,Moderate,Low,Very High,Very High,Very High,Very High,Very High,High,Very High,Very High,Very High,Very High,12.0,12.0,12.0,Moderate,Moderate,High,Moderate,Low,High,Moderate,Moderate,High,Moderate,High,Moderate,Moderate,Moderate,High,High,Moderate,Moderate,Moderate,Moderate,Low,Low,Moderate,Moderate,Moderate,Moderate,High
175,Female,Fourth year,Mathematics,10-17,In your room (dorms),Alone,Lectures;Learning by practicing;Project-based learning;Online courses and tutorials,Books;Online tutorials;Online documents;YouTube videos,Yes,Private life problems,Bad quality of internet,ما,Lack of time,Lack of previous knowledge or experience in the field,Lack of previous knowledge or experience in the field,Teachers' teaching method,Teaching language,you mentioned all,3.0,Yes,4.0,5.0,Positively,8 hours or more,3.0,9.0,8.0,8.0,8.0,Unknown,Unknown,4,3.0,16.0,15.0,17.0,Moderate,Moderate,Very Low,Moderate,Very High,Moderate,Moderate,High,Moderate,Moderate,Low,Very High,Very High,Very High,Very High,Very High,High,Very High,Very High,Very High,Very High,14.0,14.0,14.0,High,Moderate,High,High,Moderate,High,High,Moderate,Very High,Very High,High,Moderate,High,High,High,High,Moderate,Moderate,Moderate,Moderate,Low,Low,Moderate,Moderate,Moderate,Moderate,High
176,Male,Third year,Science,18-25,In your room (dorms),Alone,Project-based learning;Online courses and tutorials,Books,No,Lack of time,Pressure,Bad quality of internet,Lack of previous knowledge or experience in the field,Teaching language,Teachers' teaching method,Not having a good (powerful) computer,Private life problems,Library always crowded,3.0,Yes,3.0,4.0,Positively,5-7 hours,4.0,8.0,7.0,5.0,8.0,Bad quality of internet,You do not care about,3,2.0,16.0,15.0,17.0,Moderate,Moderate,Very Low,Moderate,Very High,Moderate,Moderate,High,Moderate,Moderate,Low,Very High,Very High,Very High,Very High,Very High,High,Very High,Very High,Very High,Very High,13.0,13.0,13.0,High,High,High,Moderate,Moderate,Very High,Moderate,High,High,Moderate,High,Moderate,Moderate,High,High,High,Moderate,Moderate,Moderate,Moderate,Low,Low,Moderate,Moderate,Moderate,Moderate,High
177,Male,Fourth year,Technical maths,18-25,In the school's library,Alone,Lectures;Learning by practicing;Project-based learning,Books;Online documents;Private courses,No,Lack of time,Pressure,Teachers' teaching method,Bad quality of internet,Lack of previous knowledge or experience in the field,Private life problems,Teaching language,Not having a good (powerful) computer,"The not organized study schedule put by the school , some modules requires TD and they do not have ...",4.0,Yes,5.0,5.0,Positively,8 hours or more,4.0,9.0,9.0,7.0,6.0,Unknown,Unknown,4,3.0,16.0,15.0,17.0,Moderate,Moderate,Very Low,Moderate,Very High,Moderate,Moderate,High,Moderate,Moderate,Low,Very High,Very High,Very High,Very High,Very High,High,Very High,Very High,Very High,Very High,16.0,15.0,15.0,High,High,High,Moderate,Moderate,Very High,Moderate,High,High,Moderate,High,Moderate,Moderate,High,High,High,Moderate,Moderate,Moderate,Moderate,Low,Low,Moderate,Moderate,Moderate,Moderate,High
178,Male,Third year,Mathematics,10-17,At home,Alone,Learning by practicing,Books;Online documents,No,Lack of time,Teachers' teaching method,Private life problems,Pressure,Lack of previous knowledge or experience in the field,Not having a good (powerful) computer,Teaching language,Bad quality of internet,"Guergour, thabet, dib, w abdou jirani, nahkiw mashi n9raw ( w mouchaal lol)",3.0,Yes,4.0,3.0,You do not care about,8 hours or more,4.0,8.0,8.0,8.0,9.0,Bad quality of internet,You do not care about,3,2.0,16.0,15.0,17.0,Moderate,Moderate,Very Low,Moderate,Very High,Moderate,Moderate,High,Moderate,Moderate,Low,Very High,Very High,Very High,Very High,Very High,High,Very High,Very High,Very High,Very High,14.0,14.0,14.0,Very High,High,Very High,Moderate,Moderate,Very High,High,High,High,High,Moderate,Moderate,High,Moderate,High,High,Moderate,Moderate,Moderate,Moderate,Low,Low,Moderate,Moderate,Moderate,Moderate,High
180,Male,Third year,Science,34-41,In your room (dorms),Alone,Learning by practicing;Project-based learning,Online documents,No,Pressure,Lack of time,Teachers' teaching method,Private life problems,Lack of previous knowledge or experience in the field,Not having a good (powerful) computer,Bad quality of internet,Teaching language,"Guergour, thabet, dib, w abdou jirani, nahkiw mashi n9raw ( w mouchaal lol)",2.0,Yes,3.0,4.0,Positively,8 hours or more,4.0,8.0,6.0,6.0,7.0,Bad quality of internet,You do not care about,3,2.0,16.0,15.0,17.0,Moderate,Moderate,Very Low,Moderate,Very High,Moderate,Moderate,High,Moderate,Moderate,Low,Very High,Very High,Very High,Very High,Very High,High,Very High,Very High,Very High,Very High,15.0,15.0,16.0,High,High,Very High,Moderate,Moderate,Very High,Moderate,High,High,High,High,High,Very High,High,High,High,Moderate,Moderate,Moderate,Moderate,Low,Low,Moderate,Moderate,Moderate,Moderate,High
183,Male,Third year,Science,26-33,In your room (dorms),Alone,Learning by practicing;Mind mapping and visualization;Online courses and tutorials,Books;Online documents,No,Lack of time,Pressure,Bad quality of internet,Teachers' teaching method,Lack of previous knowledge or experience in the field,Private life problems,Teaching language,Not having a good (powerful) computer,"Guergour, thabet, dib, w abdou jirani, nahkiw mashi n9raw ( w mouchaal lol)",2.0,Yes,4.0,5.0,Positively,5-7 hours,3.0,8.0,8.0,8.0,7.0,Bad quality of internet,You do not care about,3,2.0,16.0,15.0,17.0,Moderate,Moderate,Very Low,Moderate,Very High,Moderate,Moderate,High,Moderate,Moderate,Low,Very High,Very High,Very High,Very High,Very High,High,Very High,Very High,Very High,Very High,15.0,15.0,15.0,High,Very High,High,High,High,High,Moderate,High,High,High,Very High,High,Very High,High,High,High,Moderate,Moderate,Moderate,Moderate,Low,Low,Moderate,Moderate,Moderate,Moderate,High
191,Female,Third year,Mathematics,10-17,In your room (dorms),Alone,Lectures;Learning by practicing;Project-based learning,Books;Online tutorials;Online documents,Yes,Lack of time,Bad quality of internet,Private life problems,Teachers' teaching method,Lack of previous knowledge or experience in the field,Pressure,Not having a good (powerful) computer,Teaching language,"Guergour, thabet, dib, w abdou jirani, nahkiw mashi n9raw ( w mouchaal lol)",3.0,Yes,4.0,5.0,You do not care about,5-7 hours,3.0,8.0,7.0,6.0,7.0,Bad quality of internet,You do not care about,3,2.0,16.0,15.0,17.0,Moderate,Moderate,Very Low,Moderate,Very High,Moderate,Moderate,High,Moderate,Moderate,Low,Very High,Very High,Very High,Very High,Very High,High,Very High,Very High,Very High,Very High,15.0,16.0,15.0,High,Very High,High,High,High,High,Moderate,High,High,High,Very High,High,Very High,High,High,High,Moderate,Moderate,Moderate,Moderate,Low,Low,Moderate,Moderate,Moderate,Moderate,High
203,Male,Third year,Science,18-25,In your room (dorms),Alone,Learning by practicing;Mind mapping and visualization;Online courses and tutorials,Books;Online tutorials;Online documents,Yes,Private life problems,Teachers' teaching method,Lack of time,Pressure,Bad quality of internet,Teaching language,Not having a good (powerful) computer,Lack of previous knowledge or experience in the field,"Guergour, thabet, dib, w abdou jirani, nahkiw mashi n9raw ( w mouchaal lol)",3.0,Yes,5.0,4.0,Positively,5-7 hours,3.0,6.0,9.0,9.0,8.0,Bad quality of internet,You do not care about,3,2.0,16.0,15.0,17.0,Moderate,Moderate,Very Low,Moderate,Very High,Moderate,Moderate,High,Moderate,Moderate,Low,Very High,Very High,Very High,Very High,Very High,High,Very High,Very High,Very High,Very High,12.0,11.0,15.0,High,Very High,High,High,High,High,Moderate,High,High,High,Very High,High,Very High,High,High,High,Moderate,Moderate,Moderate,Moderate,Low,Low,Moderate,Moderate,Moderate,Moderate,High
205,Female,Third year,Science,18-25,In your room (dorms),Alone,Lectures;Online courses and tutorials,YouTube videos,No,Lack of time,Lack of previous knowledge or experience in the field,Teachers' teaching method,Bad quality of internet,Private life problems,Teaching language,Private life problems,Not having a good (powerful) computer,"Guergour, thabet, dib, w abdou jirani, nahkiw mashi n9raw ( w mouchaal lol)",2.0,Yes,4.0,4.0,Positively,5-7 hours,2.0,6.0,5.0,4.0,7.0,Bad quality of internet,You do not care about,3,2.0,16.0,15.0,17.0,Moderate,Moderate,Very Low,Moderate,Very High,Moderate,Moderate,High,Moderate,Moderate,Low,Very High,Very High,Very High,Very High,Very High,High,Very High,Very High,Very High,Very High,12.0,11.0,15.0,Moderate,Moderate,High,Moderate,Low,High,High,High,Moderate,Moderate,Moderate,Moderate,High,High,High,High,Moderate,Moderate,Moderate,Moderate,Low,Low,Moderate,Moderate,Moderate,Moderate,High
209,Female,Third year,Mathematics,10-17,In your room (dorms),Alone,Learning by practicing;Mind mapping and visualization,Online documents;YouTube videos;Course material,No,Bad quality of internet,Lack of time,Teachers' teaching method,Lack of previous knowledge or experience in the field,Pressure,Private life problems,Teaching language,Not having a good (powerful) computer,"Guergour, thabet, dib, w abdou jirani, nahkiw mashi n9raw ( w mouchaal lol)",3.0,Yes,3.0,3.0,You do not care about,5-7 hours,4.0,10.0,7.0,8.0,7.0,Bad quality of internet,You do not care about,3,2.0,16.0,15.0,17.0,Moderate,Moderate,Very Low,Moderate,Very High,Moderate,Moderate,High,Moderate,Moderate,Low,Very High,Very High,Very High,Very High,Very High,High,Very High,Very High,Very High,Very High,12.0,11.0,15.0,Moderate,High,High,High,Low,Moderate,High,Moderate,Moderate,High,Low,Moderate,Moderate,Moderate,High,High,Moderate,Moderate,Moderate,Moderate,Low,Low,Moderate,Moderate,Moderate,Moderate,High
210,Female,Fourth year,Mathematics,More than 41,In your room (dorms),Alone,Learning by practicing;Project-based learning;Online courses and tutorials,Books;Online tutorials;Online documents,No,Teachers' teaching method,Not having a good (powerful) computer,Lack of time,Bad quality of internet,Pressure,Lack of previous knowledge or experience in the field,Teaching language,Private life problems,"The not organized study schedule put by the school , some modules requires TD and they do not have ...",2.0,No,2.0,3.0,You do not care about,5-7 hours,3.0,7.0,7.0,7.0,6.0,Unknown,Unknown,4,3.0,16.0,15.0,17.0,Moderate,Moderate,Very Low,Moderate,Very High,Moderate,Moderate,High,Moderate,Moderate,Low,Very High,Very High,Very High,Very High,Very High,High,Very High,Very High,Very High,Very High,12.0,11.0,15.0,Moderate,Low,Moderate,Moderate,Low,Moderate,Low,Moderate,Moderate,Very Low,Very Low,Low,Moderate,Moderate,High,High,Moderate,Moderate,Moderate,Moderate,Low,Low,Moderate,Moderate,Moderate,Moderate,High
222,Female,Third year,Technical maths,18-25,In your room (dorms),Alone,"Lectures, Learning by practicing, Project-based learning, Mind mapping and visualization, Interactive workshops, Online courses and tutorials","Books, Online tutorials, Online documents, YouTube videos",No,Pressure,Not having a good (powerful) computer,Lack of previous knowledge or experience in the field,Lack of previous knowledge or experience in the field,Teaching language,Teachers' teaching method,Bad quality of internet,Private life problems,"Guergour, thabet, dib, w abdou jirani, nahkiw mashi n9raw ( w mouchaal lol)",2.0,No,2.0,3.0,You do not care about,5-7 hours,1.0,6.0,2.0,3.0,2.0,Lack of time,You do not care about,3,2.0,16.0,15.0,17.0,Moderate,Moderate,Very Low,Moderate,Very High,Moderate,Moderate,High,Moderate,Moderate,Low,Very High,Very High,Very High,Very High,Very High,High,Very High,Very High,Very High,Very High,Moderate,9.0,10.0,Moderate,High,Moderate,High,Low,Moderate,Low,Moderate,Moderate,Very Low,Very Low,Low,Moderate,Moderate,High,High,Moderate,Moderate,Moderate,Moderate,Low,Low,Moderate,Moderate,Moderate,Moderate,High
249,Female,Third year,Mathematics,10-17,In your room (dorms),Alone,"Lectures, Learning by practicing, Project-based learning, Mind mapping and visualization","Online tutorials, YouTube videos",Yes,Not having a good (powerful) computer,Bad quality of internet,Teachers' teaching method,Lack of previous knowledge or experience in the field,Pressure,Lack of time,Private life problems,Teaching language,"Guergour, thabet, dib, w abdou jirani, nahkiw mashi n9raw ( w mouchaal lol)",2.0,No,4.0,4.0,You do not care about,5-7 hours,2.0,10.0,5.0,6.0,6.0,Lack of previous knowledge or experience in the field,Negatively,3,2.0,16.0,15.0,17.0,Moderate,Moderate,Very Low,Moderate,Very High,Moderate,Moderate,High,Moderate,Moderate,Low,Very High,Very High,Very High,Very High,Very High,High,Very High,Very High,Very High,Very High,Moderate,11.0,11.0,Moderate,Moderate,Moderate,Moderate,Low,Moderate,Low,Moderate,Moderate,Very Low,Very Low,Low,Moderate,Moderate,High,Moderate,Moderate,Moderate,Moderate,Moderate,Moderate,Moderate,Moderate,High,High,Moderate,High
250,Female,Third year,Mathematics,10-17,At home,With a group,"Lectures, Learning by practicing, Interactive workshops","Books, Online tutorials, YouTube videos",No,Lack of time,Lack of previous knowledge or experience in the field,Pressure,Lack of previous knowledge or experience in the field,Bad quality of internet,Pressure,Not having a good (powerful) computer,Private life problems,"Guergour, thabet, dib, w abdou jirani, nahkiw mashi n9raw ( w mouchaal lol)",3.0,Yes,3.0,3.0,You do not care about,5-7 hours,3.0,5.0,5.0,5.0,5.0,Teaching language,Positively,3,2.0,16.0,15.0,17.0,Moderate,Moderate,Very Low,Moderate,Very High,Moderate,Moderate,High,Moderate,Moderate,Low,Very High,Very High,Very High,Very High,Very High,High,Very High,Very High,Very High,Very High,High,11.0,12.0,Moderate,Moderate,Moderate,High,Low,Moderate,Low,Moderate,Moderate,Very Low,Very Low,Low,Moderate,Moderate,High,Moderate,Moderate,High,Moderate,High,Moderate,High,Moderate,High,Moderate,Moderate,High
266,Male,Third year,Mathematics,18-25,In your room (dorms),With a group,Learning by practicing,Just lectures nothing else,Yes,Teachers' teaching method,Pressure,Lack of previous knowledge or experience in the field,Lack of previous knowledge or experience in the field,Lack of time,Bad quality of internet,Not having a good (powerful) computer,Private life problems,"Guergour, thabet, dib, w abdou jirani, nahkiw mashi n9raw ( w mouchaal lol)",2.0,No,3.0,4.0,You do not care about,5-7 hours,4.0,7.0,5.0,5.0,7.0,Teaching language,Positively,3,2.0,16.0,15.0,17.0,Moderate,Moderate,Very Low,Moderate,Very High,Moderate,Moderate,High,Moderate,Moderate,Low,Very High,Very High,Very High,Very High,Very High,High,Very High,Very High,Very High,Very High,High,14.0,14.0,Moderate,High,Moderate,High,Low,Moderate,Low,Moderate,Moderate,Very Low,Very Low,Low,Moderate,Moderate,Very High,High,Moderate,High,High,High,Moderate,High,High,Very High,High,High,High
285,Female,Third year,Mathematics,34-41,At home,Alone,"Lectures, Learning by practicing, Mind mapping and visualization, Online courses and tutorials","Online tutorials, Online documents, YouTube videos",Yes,Teachers' teaching method,Teaching language,Lack of time,Lack of previous knowledge or experience in the field,Lack of previous knowledge or experience in the field,Private life problems,Not having a good (powerful) computer,Bad quality of internet,"Guergour, thabet, dib, w abdou jirani, nahkiw mashi n9raw ( w mouchaal lol)",2.0,Yes,1.0,3.0,You do not care about,5-7 hours,4.0,10.0,5.0,8.0,8.0,Pressure,You do not care about,3,2.0,16.0,15.0,17.0,Moderate,Moderate,Very Low,Moderate,Very High,Moderate,Moderate,High,Moderate,Moderate,Low,Very High,Very High,Very High,Very High,Very High,High,Very High,Very High,Very High,Very High,Moderate,10.0,10.0,Moderate,Moderate,Moderate,High,Low,Moderate,Low,Moderate,Moderate,Very Low,Very Low,Low,Moderate,Moderate,High,Moderate,Moderate,Moderate,Moderate,Moderate,Low,Moderate,Moderate,High,Moderate,Moderate,High
288,Female,Third year,Mathematics,34-41,In the school's library,Alone,"Learning by practicing, Mind mapping and visualization, Online courses and tutorials","Online tutorials, YouTube videos",Yes,Lack of time,Bad quality of internet,Pressure,Lack of previous knowledge or experience in the field,Teaching language,Not having a good (powerful) computer,Lack of previous knowledge or experience in the field,Private life problems,"Guergour, thabet, dib, w abdou jirani, nahkiw mashi n9raw ( w mouchaal lol)",2.0,No,4.0,4.0,You do not care about,8 hours or more,2.0,7.0,6.0,9.0,8.0,Teachers' teaching method,You do not care about,3,2.0,16.0,15.0,17.0,Moderate,Moderate,Very Low,Moderate,Very High,Moderate,Moderate,High,Moderate,Moderate,Low,Very High,Very High,Very High,Very High,Very High,High,Very High,Very High,Very High,Very High,Moderate,10.0,10.0,Moderate,Moderate,Moderate,High,Low,Moderate,Low,Moderate,Moderate,Very Low,Very Low,Low,Moderate,Moderate,Moderate,Moderate,Moderate,High,Moderate,Moderate,Low,Low,Moderate,Moderate,High,Moderate,High
297,Female,Third year,Mathematics,34-41,In your room (dorms),Alone,Online courses and tutorials,"Online tutorials, Online documents, YouTube videos",No,Pressure,Lack of time,Teachers' teaching method,Lack of previous knowledge or experience in the field,Bad quality of internet,Lack of previous knowledge or experience in the field,Private life problems,Teaching language,"Guergour, thabet, dib, w abdou jirani, nahkiw mashi n9raw ( w mouchaal lol)",2.0,No,2.0,3.0,You do not care about,5-7 hours,3.0,6.0,6.0,6.0,5.0,Not having a good (powerful) computer,You do not care about,3,2.0,16.0,15.0,17.0,Moderate,Moderate,Very Low,Moderate,Very High,Moderate,Moderate,High,Moderate,Moderate,Low,Very High,Very High,Very High,Very High,Very High,High,Very High,Very High,Very High,Very High,High,12.0,13.0,Moderate,High,Moderate,High,Low,Moderate,Low,Moderate,Moderate,Very Low,Very Low,Low,Moderate,Moderate,Very High,High,Moderate,High,High,Moderate,Moderate,Moderate,High,High,High,High,High
298,Male,Third year,Technical maths,10-17,In the school's library,In peer,"Lectures, Learning by practicing, Project-based learning, Interactive workshops","Books, Online tutorials, YouTube videos",No,Teachers' teaching method,Lack of time,Bad quality of internet,Lack of previous knowledge or experience in the field,Lack of time,Lack of previous knowledge or experience in the field,Private life problems,Teaching language,"Guergour, thabet, dib, w abdou jirani, nahkiw mashi n9raw ( w mouchaal lol)",3.0,Yes,4.0,5.0,You do not care about,5-7 hours,5.0,7.0,6.0,7.0,7.0,Pressure,You do not care about,3,2.0,16.0,15.0,17.0,Moderate,Moderate,Very Low,Moderate,Very High,Moderate,Moderate,High,Moderate,Moderate,Low,Very High,Very High,Very High,Very High,Very High,High,Very High,Very High,Very High,Very High,High,13.0,13.0,Moderate,High,Moderate,High,Low,Moderate,Low,Moderate,Moderate,Very Low,Very Low,Low,Moderate,Moderate,High,High,High,High,Moderate,High,High,Moderate,High,High,High,High,High
299,Female,Third year,Mathematics,10-17,In your room (dorms),In peer,"Lectures, Online courses and tutorials","Online tutorials, Online documents, YouTube videos",No,Bad quality of internet,Lack of time,Private life problems,Lack of previous knowledge or experience in the field,Pressure,Lack of previous knowledge or experience in the field,Teaching language,Not having a good (powerful) computer,"Guergour, thabet, dib, w abdou jirani, nahkiw mashi n9raw ( w mouchaal lol)",2.0,Yes,1.0,4.0,You do not care about,8 hours or more,2.0,8.0,6.0,7.0,8.0,Lack of previous knowledge or experience in the field,You do not care about,3,2.0,16.0,15.0,17.0,Moderate,Moderate,Very Low,Moderate,Very High,Moderate,Moderate,High,Moderate,Moderate,Low,Very High,Very High,Very High,Very High,Very High,High,Very High,Very High,Very High,Very High,High,13.0,13.0,Moderate,High,Moderate,High,Low,Moderate,Low,Moderate,Moderate,Very Low,Very Low,Low,Moderate,Moderate,High,High,Moderate,Moderate,High,Moderate,Moderate,High,High,High,High,High,High
308,Female,Third year,Mathematics,26-33,In the school's library,Alone,"Learning by practicing, Mind mapping and visualization, Online courses and tutorials","Online tutorials, Online documents, YouTube videos",No,Lack of previous knowledge or experience in the field,Not having a good (powerful) computer,Pressure,Lack of previous knowledge or experience in the field,Bad quality of internet,Lack of previous knowledge or experience in the field,Teaching language,Teachers' teaching method,"Guergour, thabet, dib, w abdou jirani, nahkiw mashi n9raw ( w mouchaal lol)",3.0,Yes,4.0,4.0,You do not care about,5-7 hours,2.0,8.0,6.0,6.0,7.0,Private life problems,You do not care about,3,2.0,16.0,15.0,17.0,Moderate,Moderate,Very Low,Moderate,Very High,Moderate,Moderate,High,Moderate,Moderate,Low,Very High,Very High,Very High,Very High,Very High,High,Very High,Very High,Very High,Very High,Moderate,10.0,10.0,Moderate,Moderate,Moderate,Moderate,Low,Moderate,Low,Moderate,Moderate,Very Low,Very Low,Low,Moderate,Moderate,Moderate,Moderate,Moderate,Moderate,Moderate,Moderate,Moderate,Moderate,Moderate,Moderate,High,Moderate,High
309,Female,Third year,Technical maths,18-25,In your room (dorms),Alone,"Learning by practicing, Project-based learning, Interactive workshops, Online courses and tutorials","Online tutorials, Online documents, YouTube videos",No,Private life problems,Not having a good (powerful) computer,Bad quality of internet,Lack of previous knowledge or experience in the field,Lack of time,Pressure,Teachers' teaching method,Teaching language,"Guergour, thabet, dib, w abdou jirani, nahkiw mashi n9raw ( w mouchaal lol)",2.0,Yes,3.0,4.0,You do not care about,5-7 hours,3.0,7.0,6.0,6.0,6.0,Lack of previous knowledge or experience in the field,You do not care about,3,2.0,16.0,15.0,17.0,Moderate,Moderate,Very Low,Moderate,Very High,Moderate,Moderate,High,Moderate,Moderate,Low,Very High,Very High,Very High,Very High,Very High,High,Very High,Very High,Very High,Very High,High,11.0,11.0,Moderate,High,Moderate,High,Low,Moderate,Low,Moderate,Moderate,Very Low,Very Low,Low,Moderate,Moderate,High,High,High,Moderate,Moderate,Moderate,Low,Moderate,Moderate,Moderate,High,Moderate,High
313,Female,Third year,Mathematics,18-25,In your room (dorms),Alone,"Learning by practicing, Mind mapping and visualization, Online courses and tutorials","Online tutorials, Online documents, YouTube videos",No,Bad quality of internet,Pressure,Lack of time,Lack of previous knowledge or experience in the field,Lack of previous knowledge or experience in the field,Lack of previous knowledge or experience in the field,Teachers' teaching method,Pressure,"Guergour, thabet, dib, w abdou jirani, nahkiw mashi n9raw ( w mouchaal lol)",3.0,No,3.0,5.0,You do not care about,5-7 hours,2.0,9.0,6.0,6.0,5.0,Bad quality of internet,You do not care about,3,2.0,16.0,15.0,17.0,Moderate,Moderate,Very Low,Moderate,Very High,Moderate,Moderate,High,Moderate,Moderate,Low,Very High,Very High,Very High,Very High,Very High,High,Very High,Very High,Very High,Very High,Moderate,10.0,10.0,Moderate,Moderate,Moderate,Moderate,Low,Moderate,Low,Moderate,Moderate,Very Low,Very Low,Low,Moderate,Moderate,High,Moderate,Moderate,Moderate,Moderate,Moderate,Low,Moderate,Moderate,High,Moderate,Moderate,High
324,Female,Third year,Mathematics,18-25,At home,Alone,"Learning by practicing, Online courses and tutorials","Online tutorials, YouTube videos",No,Lack of previous knowledge or experience in the field,Teachers' teaching method,Pressure,Lack of previous knowledge or experience in the field,Bad quality of internet,Not having a good (powerful) computer,Teaching language,Private life problems,"Guergour, thabet, dib, w abdou jirani, nahkiw mashi n9raw ( w mouchaal lol)",3.0,Yes,3.0,4.0,You do not care about,5-7 hours,2.0,10.0,6.0,6.0,8.0,Lack of time,You do not care about,3,2.0,16.0,15.0,17.0,Moderate,Moderate,Very Low,Moderate,Very High,Moderate,Moderate,High,Moderate,Moderate,Low,Very High,Very High,Very High,Very High,Very High,High,Very High,Very High,Very High,Very High,Moderate,10.0,10.0,Moderate,Moderate,Moderate,High,Low,Moderate,Low,Moderate,Moderate,Very Low,Very Low,Low,Moderate,Moderate,High,High,Moderate,Moderate,Moderate,Low,Low,Moderate,Moderate,High,Moderate,Moderate,High
325,Female,Third year,Mathematics,10-17,In your room (dorms),Alone,"Learning by practicing, Online courses and tutorials","Online tutorials, YouTube videos",Yes,Lack of previous knowledge or experience in the field,Teachers' teaching method,Bad quality of internet,Lack of previous knowledge or experience in the field,Pressure,Not having a good (powerful) computer,Teaching language,Lack of time,"Guergour, thabet, dib, w abdou jirani, nahkiw mashi n9raw ( w mouchaal lol)",3.0,Yes,3.0,3.0,You do not care about,5-7 hours,4.0,8.0,6.0,6.0,8.0,Private life problems,You do not care about,3,2.0,16.0,15.0,17.0,Moderate,Moderate,Very Low,Moderate,Very High,Moderate,Moderate,High,Moderate,Moderate,Low,Very High,Very High,Very High,Very High,Very High,High,Very High,Very High,Very High,Very High,High,9.0,11.0,Moderate,High,Moderate,High,Low,Moderate,Low,Moderate,Moderate,Very Low,Very Low,Low,Moderate,Moderate,Very High,High,Moderate,Moderate,Moderate,Moderate,Low,Moderate,Moderate,Moderate,Moderate,Moderate,High
332,Female,Third year,Mathematics,10-17,In your room (dorms),Alone,Online courses and tutorials,"Books, YouTube videos",No,Bad quality of internet,Bad quality of internet,Bad quality of internet,Lack of previous knowledge or experience in the field,Bad quality of internet,Bad quality of internet,Bad quality of internet,Pressure,"Guergour, thabet, dib, w abdou jirani, nahkiw mashi n9raw ( w mouchaal lol)",2.0,No,3.0,3.0,You do not care about,5-7 hours,3.0,8.0,7.0,7.0,9.0,Pressure,You do not care about,3,2.0,16.0,15.0,17.0,Moderate,Moderate,Very Low,Moderate,Very High,Moderate,Moderate,High,Moderate,Moderate,Low,Very High,Very High,Very High,Very High,Very High,High,Very High,Very High,Very High,Very High,Moderate,9.0,9.0,Moderate,Moderate,Moderate,Moderate,Low,Moderate,Low,Moderate,Moderate,Very Low,Very Low,Low,Moderate,Moderate,High,Moderate,Moderate,Moderate,Moderate,Moderate,Low,Moderate,Low,High,Moderate,Moderate,Moderate
333,Male,Third year,Mathematics,10-17,In your room (dorms),Alone,Learning by practicing,"Online tutorials, YouTube videos",No,Lack of previous knowledge or experience in the field,Bad quality of internet,Teachers' teaching method,Lack of previous knowledge or experience in the field,Pressure,Lack of time,Private life problems,Not having a good (powerful) computer,"Guergour, thabet, dib, w abdou jirani, nahkiw mashi n9raw ( w mouchaal lol)",2.0,No,4.0,4.0,You do not care about,5-7 hours,2.0,7.0,7.0,7.0,6.0,Teaching language,You do not care about,3,2.0,16.0,15.0,17.0,Moderate,Moderate,Very Low,Moderate,Very High,Moderate,Moderate,High,Moderate,Moderate,Low,Very High,Very High,Very High,Very High,Very High,High,Very High,Very High,Very High,Very High,High,14.0,13.0,Moderate,Moderate,Moderate,High,Low,Moderate,Low,Moderate,Moderate,Very Low,Very Low,Low,Moderate,Moderate,High,High,Very High,High,Moderate,Moderate,Moderate,High,Very High,Very High,High,High,High
338,Female,Third year,Mathematics,18-25,In your room (dorms),Alone,"Lectures, Learning by practicing, Mind mapping and visualization","Books, Online documents, YouTube videos",No,Teachers' teaching method,Lack of previous knowledge or experience in the field,Pressure,Lack of previous knowledge or experience in the field,Private life problems,Lack of time,Teaching language,Not having a good (powerful) computer,"Guergour, thabet, dib, w abdou jirani, nahkiw mashi n9raw ( w mouchaal lol)",3.0,Yes,4.0,4.0,You do not care about,5-7 hours,2.0,9.0,7.0,6.0,9.0,Bad quality of internet,You do not care about,3,2.0,16.0,15.0,17.0,Moderate,Moderate,Very Low,Moderate,Very High,Moderate,Moderate,High,Moderate,Moderate,Low,Very High,Very High,Very High,Very High,Very High,High,Very High,Very High,Very High,Very High,High,10.0,11.0,Moderate,High,Moderate,High,Low,Moderate,Low,Moderate,Moderate,Very Low,Very Low,Low,Moderate,Moderate,High,High,Moderate,Moderate,Moderate,Moderate,Low,Moderate,High,Moderate,High,Moderate,High
339,Male,Third year,Mathematics,10-17,In the school's library,Alone,"Lectures, Learning by practicing, Mind mapping and visualization","Books, Online tutorials, Online documents",No,Teachers' teaching method,Lack of previous knowledge or experience in the field,Bad quality of internet,Lack of previous knowledge or experience in the field,Private life problems,Pressure,Teaching language,Not having a good (powerful) computer,"Guergour, thabet, dib, w abdou jirani, nahkiw mashi n9raw ( w mouchaal lol)",3.0,Yes,4.0,4.0,You do not care about,5-7 hours,3.0,6.0,7.0,6.0,7.0,Lack of time,You do not care about,3,2.0,16.0,15.0,17.0,Moderate,Moderate,Very Low,Moderate,Very High,Moderate,Moderate,High,Moderate,Moderate,Low,Very High,Very High,Very High,Very High,Very High,High,Very High,Very High,Very High,Very High,High,13.0,13.0,Moderate,Moderate,Moderate,High,Low,Moderate,Low,Moderate,Moderate,Very Low,Very Low,Low,Moderate,Moderate,Very High,High,High,Moderate,High,High,Moderate,High,High,Very High,High,High,High
345,Male,Third year,Mathematics,10-17,In the school's library,In peer,"Learning by practicing, Project-based learning, Online courses and tutorials",YouTube videos,No,Bad quality of internet,Lack of time,Lack of previous knowledge or experience in the field,Lack of previous knowledge or experience in the field,Pressure,Private life problems,Not having a good (powerful) computer,Teaching language,"Guergour, thabet, dib, w abdou jirani, nahkiw mashi n9raw ( w mouchaal lol)",3.0,Yes,3.0,5.0,You do not care about,5-7 hours,4.0,8.0,7.0,8.0,9.0,Teachers' teaching method,You do not care about,3,2.0,16.0,15.0,17.0,Moderate,Moderate,Very Low,Moderate,Very High,Moderate,Moderate,High,Moderate,Moderate,Low,Very High,Very High,Very High,Very High,Very High,High,Very High,Very High,Very High,Very High,Moderate,10.0,10.0,Moderate,Moderate,Moderate,High,Low,Moderate,Low,Moderate,Moderate,Very Low,Very Low,Low,Moderate,Moderate,High,Moderate,Moderate,Moderate,Moderate,Moderate,Low,Moderate,Moderate,High,Moderate,Moderate,High
346,Female,Third year,Technical maths,More than 41 hours,In your room (dorms),Alone,"Lectures, Learning by practicing, Online courses and tutorials","Books, Online documents, YouTube videos",Yes,Pressure,Lack of time,Lack of previous knowledge or experience in the field,Lack of previous knowledge or experience in the field,Bad quality of internet,Private life problems,Not having a good (powerful) computer,Teaching language,"Guergour, thabet, dib, w abdou jirani, nahkiw mashi n9raw ( w mouchaal lol)",3.0,No,4.0,4.0,You do not care about,5-7 hours,3.0,7.0,7.0,7.0,8.0,Teachers' teaching method,You do not care about,3,2.0,16.0,15.0,17.0,Moderate,Moderate,Very Low,Moderate,Very High,Moderate,Moderate,High,Moderate,Moderate,Low,Very High,Very High,Very High,Very High,Very High,High,Very High,Very High,Very High,Very High,High,11.0,12.0,Moderate,Moderate,Moderate,High,Low,Moderate,Low,Moderate,Moderate,Very Low,Very Low,Low,Moderate,Moderate,Very High,High,Moderate,High,Moderate,High,Moderate,Moderate,Moderate,High,High,High,Moderate
347,Female,Third year,Technical maths,More than 41 hours,In your room (dorms),Alone,"Learning by practicing, Project-based learning, Online courses and tutorials","Books, Online documents, YouTube videos",Yes,Pressure,Lack of time,Teachers' teaching method,Lack of previous knowledge or experience in the field,Bad quality of internet,Private life problems,Teaching language,Not having a good (powerful) computer,"Guergour, thabet, dib, w abdou jirani, nahkiw mashi n9raw ( w mouchaal lol)",2.0,No,4.0,5.0,You do not care about,5-7 hours,3.0,7.0,7.0,8.0,6.0,Lack of previous knowledge or experience in the field,You do not care about,3,2.0,16.0,15.0,17.0,Moderate,Moderate,Very Low,Moderate,Very High,Moderate,Moderate,High,Moderate,Moderate,Low,Very High,Very High,Very High,Very High,Very High,High,Very High,Very High,Very High,Very High,High,12.0,12.0,Moderate,High,Moderate,High,Low,Moderate,Low,Moderate,Moderate,Very Low,Very Low,Low,Moderate,Moderate,High,High,Moderate,High,Moderate,Moderate,Moderate,Moderate,High,High,High,High,High
348,Male,Third year,Mathematics,18-25,In the school's library,Alone,"Learning by practicing, Project-based learning, Online courses and tutorials","Books, Online tutorials, Online documents, YouTube videos",Yes,Pressure,Lack of time,Bad quality of internet,Lack of previous knowledge or experience in the field,Lack of previous knowledge or experience in the field,Private life problems,Teaching language,Not having a good (powerful) computer,"Guergour, thabet, dib, w abdou jirani, nahkiw mashi n9raw ( w mouchaal lol)",3.0,Yes,4.0,5.0,You do not care about,5-7 hours,3.0,10.0,7.0,7.0,6.0,Teachers' teaching method,You do not care about,3,2.0,16.0,15.0,17.0,Moderate,Moderate,Very Low,Moderate,Very High,Moderate,Moderate,High,Moderate,Moderate,Low,Very High,Very High,Very High,Very High,Very High,High,Very High,Very High,Very High,Very High,High,12.0,12.0,Moderate,Moderate,Moderate,High,Low,Moderate,Low,Moderate,Moderate,Very Low,Very Low,Low,Moderate,Moderate,Very High,High,High,High,Moderate,Moderate,Moderate,Moderate,Moderate,High,High,High,Very High
349,Female,Third year,Mathematics,18-25,At home,In peer,"Lectures, Learning by practicing, Project-based learning, Online courses and tutorials","Online tutorials, Online documents",Yes,Pressure,Lack of time,Lack of previous knowledge or experience in the field,Lack of previous knowledge or experience in the field,Bad quality of internet,Not having a good (powerful) computer,Teachers' teaching method,Teaching language,"Guergour, thabet, dib, w abdou jirani, nahkiw mashi n9raw ( w mouchaal lol)",3.0,No,3.0,3.0,You do not care about,5-7 hours,3.0,7.0,7.0,7.0,5.0,Private life problems,Positively,3,2.0,16.0,15.0,17.0,Moderate,Moderate,Very Low,Moderate,Very High,Moderate,Moderate,High,Moderate,Moderate,Low,Very High,Very High,Very High,Very High,Very High,High,Very High,Very High,Very High,Very High,High,12.0,13.0,Moderate,High,Moderate,High,Low,Moderate,Low,Moderate,Moderate,Very Low,Very Low,Low,Moderate,Moderate,High,High,High,High,High,High,High,Moderate,High,High,High,Moderate,High
350,Female,Third year,Mathematics,10-17,In your room (dorms),Alone,Mind mapping and visualization,YouTube videos,No,Pressure,Lack of time,Teachers' teaching method,Lack of previous knowledge or experience in the field,Lack of previous knowledge or experience in the field,Teaching language,Private life problems,Not having a good (powerful) computer,"Guergour, thabet, dib, w abdou jirani, nahkiw mashi n9raw ( w mouchaal lol)",3.0,Yes,2.0,4.0,You do not care about,8 hours or more,2.0,8.0,7.0,7.0,9.0,Bad quality of internet,Positively,3,2.0,16.0,15.0,17.0,Moderate,Moderate,Very Low,Moderate,Very High,Moderate,Moderate,High,Moderate,Moderate,Low,Very High,Very High,Very High,Very High,Very High,High,Very High,Very High,Very High,Very High,High,13.0,13.0,Moderate,Moderate,Moderate,High,Low,Moderate,Low,Moderate,Moderate,Very Low,Very Low,Low,Moderate,Moderate,Very High,Moderate,Moderate,High,Moderate,High,Moderate,High,High,High,High,Moderate,Very High
364,Female,Third year,Mathematics,10-17,In the school's library,Alone,"Lectures, Learning by practicing, Project-based learning, Mind mapping and visualization, Interactive workshops, Online courses and tutorials","Books, Online tutorials, Online documents, YouTube videos",Yes,Lack of previous knowledge or experience in the field,Not having a good (powerful) computer,Teachers' teaching method,Lack of previous knowledge or experience in the field,Bad quality of internet,Lack of previous knowledge or experience in the field,Private life problems,Teaching language,"Guergour, thabet, dib, w abdou jirani, nahkiw mashi n9raw ( w mouchaal lol)",1.0,Yes,2.0,4.0,You do not care about,5-7 hours,2.0,7.0,7.0,6.0,8.0,Pressure,Positively,3,2.0,16.0,15.0,17.0,Moderate,Moderate,Very Low,Moderate,Very High,Moderate,Moderate,High,Moderate,Moderate,Low,Very High,Very High,Very High,Very High,Very High,High,Very High,Very High,Very High,Very High,High,12.0,12.0,Moderate,Moderate,Moderate,High,Low,Moderate,Low,Moderate,Moderate,Very Low,Very Low,Low,Moderate,Moderate,High,High,High,Moderate,High,High,Moderate,Moderate,High,High,High,Moderate,High
365,Female,Second year,Mathematics,18-25,In your room (dorms),Alone,"Learning by practicing, Mind mapping and visualization, Online courses and tutorials","Online documents, YouTube videos",No,Teachers' teaching method,Pressure,Lack of time,Lack of previous knowledge or experience in the field,Lack of previous knowledge or experience in the field,Teaching language,Not having a good (powerful) computer,Private life problems,Lack of motivation,2.0,Yes,1.0,3.0,You do not care about,5-7 hours,4.0,10.0,7.0,7.0,8.0,Bad quality of internet,You do not care about,2,2.0,16.0,15.0,17.0,Moderate,Moderate,Very Low,Moderate,Very High,Moderate,Moderate,High,Moderate,Moderate,Low,Very High,Very High,Very High,Very High,Very High,High,Very High,Very High,Very High,Very High,Moderate,7.0,9.0,Moderate,Moderate,Moderate,Moderate,Low,Moderate,Low,Moderate,Moderate,Very Low,Very Low,Low,Moderate,Moderate,High,Moderate,Moderate,Moderate,Moderate,Moderate,Low,Low,Low,Low,Moderate,Low,High
366,Male,Third year,Mathematics,10-17,At home,Alone,Online courses and tutorials,"Online tutorials, YouTube videos",No,Not having a good (powerful) computer,Pressure,Lack of time,Lack of previous knowledge or experience in the field,Teachers' teaching method,Teaching language,Private life problems,Lack of previous knowledge or experience in the field,"Guergour, thabet, dib, w abdou jirani, nahkiw mashi n9raw ( w mouchaal lol)",1.0,Yes,1.0,5.0,You do not care about,5-7 hours,5.0,7.0,7.0,7.0,9.0,Bad quality of internet,You do not care about,3,2.0,16.0,15.0,17.0,Moderate,Moderate,Very Low,Moderate,Very High,Moderate,Moderate,High,Moderate,Moderate,Low,Very High,Very High,Very High,Very High,Very High,High,Very High,Very High,Very High,Very High,High,11.0,12.0,Moderate,High,Moderate,High,Low,Moderate,Low,Moderate,Moderate,Very Low,Very Low,Low,Moderate,Moderate,Very High,High,High,High,Moderate,Moderate,Moderate,Moderate,Moderate,High,High,Moderate,High
367,Male,Third year,Technical maths,18-25,In your room (dorms),Alone,"Learning by practicing, Online courses and tutorials","Books, Online tutorials, Online documents, YouTube videos",No,Bad quality of internet,Pressure,Lack of time,Lack of previous knowledge or experience in the field,Teachers' teaching method,Teaching language,Not having a good (powerful) computer,Private life problems,"Guergour, thabet, dib, w abdou jirani, nahkiw mashi n9raw ( w mouchaal lol)",2.0,No,3.0,4.0,You do not care about,8 hours or more,3.0,8.0,7.0,6.0,6.0,Lack of previous knowledge or experience in the field,You do not care about,3,2.0,16.0,15.0,17.0,Moderate,Moderate,Very Low,Moderate,Very High,Moderate,Moderate,High,Moderate,Moderate,Low,Very High,Very High,Very High,Very High,Very High,High,Very High,Very High,Very High,Very High,High,12.0,13.0,Moderate,High,Moderate,High,Low,Moderate,Low,Moderate,Moderate,Very Low,Very Low,Low,Moderate,Moderate,Very High,High,High,High,High,High,Moderate,High,High,High,High,Moderate,High
381,Female,Third year,Mathematics,10-17,In your room (dorms),Alone,"Learning by practicing, Online courses and tutorials","Online tutorials, YouTube videos",No,Pressure,Teachers' teaching method,Lack of time,Lack of previous knowledge or experience in the field,Lack of previous knowledge or experience in the field,Private life problems,Private life problems,Not having a good (powerful) computer,"Guergour, thabet, dib, w abdou jirani, nahkiw mashi n9raw ( w mouchaal lol)",2.0,Yes,3.0,4.0,You do not care about,8 hours or more,4.0,8.0,7.0,7.0,9.0,Bad quality of internet,You do not care about,3,2.0,16.0,15.0,17.0,Moderate,Moderate,Very Low,Moderate,Very High,Moderate,Moderate,High,Moderate,Moderate,Low,Very High,Very High,Very High,Very High,Very High,High,Very High,Very High,Very High,Very High,High,10.0,11.0,Moderate,Moderate,Moderate,High,Low,Moderate,Low,Moderate,Moderate,Very Low,Very Low,Low,Moderate,Moderate,High,High,Moderate,Moderate,Moderate,Moderate,Low,Moderate,Moderate,Moderate,Moderate,Moderate,High
394,Female,Third year,Mathematics,10-17,In the school's library,Alone,"Lectures, Learning by practicing","Books, YouTube videos",No,Private life problems,Bad quality of internet,Lack of previous knowledge or experience in the field,Lack of previous knowledge or experience in the field,Pressure,Lack of time,Teachers' teaching method,Teaching language,"Guergour, thabet, dib, w abdou jirani, nahkiw mashi n9raw ( w mouchaal lol)",3.0,No,1.0,1.0,You do not care about,8 hours or more,3.0,8.0,8.0,6.0,2.0,Not having a good (powerful) computer,Negatively,3,2.0,16.0,15.0,17.0,Moderate,Moderate,Very Low,Moderate,Very High,Moderate,Moderate,High,Moderate,Moderate,Low,Very High,Very High,Very High,Very High,Very High,High,Very High,Very High,Very High,Very High,Moderate,11.0,11.0,Moderate,Moderate,Moderate,High,Low,Moderate,Low,Moderate,Moderate,Very Low,Very Low,Low,Moderate,Moderate,High,High,Moderate,High,Moderate,High,Low,Moderate,High,High,Moderate,High,High
405,Female,Third year,Mathematics,26-33,In your room (dorms),Alone,"Lectures, Learning by practicing, Project-based learning, Mind mapping and visualization","Books, Online documents, YouTube videos",No,Pressure,Lack of previous knowledge or experience in the field,Teachers' teaching method,Lack of previous knowledge or experience in the field,Bad quality of internet,Private life problems,Teaching language,Not having a good (powerful) computer,"Guergour, thabet, dib, w abdou jirani, nahkiw mashi n9raw ( w mouchaal lol)",2.0,No,3.0,4.0,You do not care about,5-7 hours,3.0,7.0,8.0,6.0,6.0,Lack of time,Positively,3,2.0,16.0,15.0,17.0,Moderate,Moderate,Very Low,Moderate,Very High,Moderate,Moderate,High,Moderate,Moderate,Low,Very High,Very High,Very High,Very High,Very High,High,Very High,Very High,Very High,Very High,Moderate,11.0,11.0,Moderate,Moderate,Moderate,High,Low,Moderate,Low,Moderate,Moderate,Very Low,Very Low,Low,Moderate,Moderate,High,High,Moderate,Moderate,Moderate,Moderate,Moderate,Moderate,Moderate,Moderate,High,High,High
406,Male,Third year,Mathematics,18-25,In your room (dorms),Alone,"Learning by practicing, Project-based learning","Books, Online documents",No,Private life problems,Lack of previous knowledge or experience in the field,Not having a good (powerful) computer,Lack of previous knowledge or experience in the field,Not having a good (powerful) computer,Lack of time,Bad quality of internet,Teaching language,"Guergour, thabet, dib, w abdou jirani, nahkiw mashi n9raw ( w mouchaal lol)",3.0,Yes,4.0,5.0,You do not care about,5-7 hours,3.0,9.0,8.0,8.0,7.0,Teachers' teaching method,You do not care about,3,2.0,16.0,15.0,17.0,Moderate,Moderate,Very Low,Moderate,Very High,Moderate,Moderate,High,Moderate,Moderate,Low,Very High,Very High,Very High,Very High,Very High,High,Very High,Very High,Very High,Very High,High,11.0,13.0,Moderate,Moderate,Moderate,High,Low,Moderate,Low,Moderate,Moderate,Very Low,Very Low,Low,Moderate,Moderate,Very High,High,High,High,High,High,Low,Moderate,High,High,High,High,High
407,Male,Third year,Mathematics,18-25,In your room (dorms),Alone,"Lectures, Learning by practicing, Project-based learning, Online courses and tutorials","Online tutorials, YouTube videos",No,Bad quality of internet,Lack of previous knowledge or experience in the field,Teachers' teaching method,Lack of previous knowledge or experience in the field,Not having a good (powerful) computer,Pressure,Teaching language,Private life problems,"Guergour, thabet, dib, w abdou jirani, nahkiw mashi n9raw ( w mouchaal lol)",3.0,No,5.0,5.0,You do not care about,5-7 hours,4.0,7.0,8.0,8.0,8.0,Lack of time,Positively,3,2.0,16.0,15.0,17.0,Moderate,Moderate,Very Low,Moderate,Very High,Moderate,Moderate,High,Moderate,Moderate,Low,Very High,Very High,Very High,Very High,Very High,High,Very High,Very High,Very High,Very High,High,12.0,13.0,Moderate,High,Moderate,High,Low,Moderate,Low,Moderate,Moderate,Very Low,Very Low,Low,Moderate,Moderate,Very High,High,Moderate,High,High,High,Moderate,High,High,High,High,High,High
408,Female,Third year,Mathematics,34-41,In the school's library,Alone,"Project-based learning, Mind mapping and visualization","Online tutorials, YouTube videos",Yes,Pressure,Lack of previous knowledge or experience in the field,Lack of time,Lack of previous knowledge or experience in the field,Bad quality of internet,Private life problems,Not having a good (powerful) computer,Teaching language,"Guergour, thabet, dib, w abdou jirani, nahkiw mashi n9raw ( w mouchaal lol)",2.0,No,4.0,5.0,You do not care about,5-7 hours,4.0,8.0,8.0,8.0,7.0,Teachers' teaching method,You do not care about,3,2.0,16.0,15.0,17.0,Moderate,Moderate,Very Low,Moderate,Very High,Moderate,Moderate,High,Moderate,Moderate,Low,Very High,Very High,Very High,Very High,Very High,High,Very High,Very High,Very High,Very High,High,12.0,13.0,Moderate,High,Moderate,Very High,Low,Moderate,Low,Moderate,Moderate,Very Low,Very Low,Low,Moderate,Moderate,High,High,High,High,High,High,Low,Moderate,High,High,High,High,High
409,Female,Third year,Mathematics,10-17,In your room (dorms),Alone,"Lectures, Learning by practicing",Online documents,Yes,Bad quality of internet,Lack of previous knowledge or experience in the field,Private life problems,Lack of previous knowledge or experience in the field,Pressure,Lack of time,Not having a good (powerful) computer,Not having a good (powerful) computer,"Guergour, thabet, dib, w abdou jirani, nahkiw mashi n9raw ( w mouchaal lol)",4.0,No,4.0,4.0,You do not care about,5-7 hours,3.0,9.0,8.0,9.0,4.0,Teachers' teaching method,You do not care about,3,2.0,16.0,15.0,17.0,Moderate,Moderate,Very Low,Moderate,Very High,Moderate,Moderate,High,Moderate,Moderate,Low,Very High,Very High,Very High,Very High,Very High,High,Very High,Very High,Very High,Very High,High,13.0,13.0,Moderate,High,Moderate,High,Low,Moderate,Low,Moderate,Moderate,Very Low,Very Low,Low,Moderate,Moderate,High,High,High,High,High,Moderate,Moderate,High,High,High,High,High,High
410,Female,Third year,Mathematics,10-17,In your room (dorms),Alone,"Learning by practicing, Mind mapping and visualization, Online courses and tutorials","Online tutorials, YouTube videos",No,Bad quality of internet,Lack of previous knowledge or experience in the field,Teachers' teaching method,Lack of previous knowledge or experience in the field,Lack of time,Pressure,Not having a good (powerful) computer,Teaching language,"Guergour, thabet, dib, w abdou jirani, nahkiw mashi n9raw ( w mouchaal lol)",3.0,Yes,3.0,2.0,You do not care about,5-7 hours,3.0,9.0,8.0,7.0,7.0,Private life problems,Positively,3,2.0,16.0,15.0,17.0,Moderate,Moderate,Very Low,Moderate,Very High,Moderate,Moderate,High,Moderate,Moderate,Low,Very High,Very High,Very High,Very High,Very High,High,Very High,Very High,Very High,Very High,High,12.0,14.0,Moderate,High,Moderate,High,Low,Moderate,Low,Moderate,Moderate,Very Low,Very Low,Low,Moderate,Moderate,Very High,Very High,High,Very High,High,High,Moderate,High,High,High,High,Moderate,High
411,Female,Third year,Mathematics,10-17,In your room (dorms),Alone,"Learning by practicing, Project-based learning, Mind mapping and visualization, Online courses and tutorials","Books, Online tutorials, Online documents, YouTube videos",Yes,Teachers' teaching method,Lack of previous knowledge or experience in the field,Bad quality of internet,Lack of previous knowledge or experience in the field,Teachers' teaching method,Teachers' teaching method,Teachers' teaching method,Teachers' teaching method,"Guergour, thabet, dib, w abdou jirani, nahkiw mashi n9raw ( w mouchaal lol)",3.0,No,3.0,5.0,You do not care about,5-7 hours,4.0,9.0,8.0,8.0,7.0,Teachers' teaching method,Positively,3,2.0,16.0,15.0,17.0,Moderate,Moderate,Very Low,Moderate,Very High,Moderate,Moderate,High,Moderate,Moderate,Low,Very High,Very High,Very High,Very High,Very High,High,Very High,Very High,Very High,Very High,High,13.0,14.0,Moderate,High,Moderate,High,Low,Moderate,Low,Moderate,Moderate,Very Low,Very Low,Low,Moderate,Moderate,Very High,High,Very High,Very High,High,High,Moderate,Moderate,High,High,High,High,High
416,Female,Third year,Mathematics,10-17,In your room (dorms),Alone,"Learning by practicing, Project-based learning, Online courses and tutorials","Online tutorials, Online documents, YouTube videos",Yes,Bad quality of internet,Lack of time,Pressure,Lack of previous knowledge or experience in the field,Not having a good (powerful) computer,Private life problems,Lack of previous knowledge or experience in the field,Teaching language,"Guergour, thabet, dib, w abdou jirani, nahkiw mashi n9raw ( w mouchaal lol)",3.0,No,3.0,4.0,You do not care about,5-7 hours,3.0,9.0,8.0,7.0,7.0,Teachers' teaching method,You do not care about,3,2.0,16.0,15.0,17.0,Moderate,Moderate,Very Low,Moderate,Very High,Moderate,Moderate,High,Moderate,Moderate,Low,Very High,Very High,Very High,Very High,Very High,High,Very High,Very High,Very High,Very High,High,12.0,13.0,Moderate,High,Moderate,High,Low,Moderate,Low,Moderate,Moderate,Very Low,Very Low,Low,Moderate,Moderate,Very High,High,High,High,Moderate,Moderate,Moderate,Moderate,High,High,High,High,Very High
417,Female,Third year,Mathematics,10-17,In your room (dorms),In peer,"Lectures, Learning by practicing, Project-based learning","Online tutorials, Online documents",No,Teachers' teaching method,Lack of time,Lack of previous knowledge or experience in the field,Lack of previous knowledge or experience in the field,Bad quality of internet,Private life problems,Not having a good (powerful) computer,Teaching language,"Guergour, thabet, dib, w abdou jirani, nahkiw mashi n9raw ( w mouchaal lol)",2.0,Yes,3.0,5.0,You do not care about,5-7 hours,3.0,8.0,8.0,8.0,9.0,Pressure,You do not care about,3,2.0,16.0,15.0,17.0,Moderate,Moderate,Very Low,Moderate,Very High,Moderate,Moderate,High,Moderate,Moderate,Low,Very High,Very High,Very High,Very High,Very High,High,Very High,Very High,Very High,Very High,High,12.0,13.0,Moderate,Moderate,Moderate,High,Low,Moderate,Low,Moderate,Moderate,Very Low,Very Low,Low,Moderate,Moderate,Very High,High,Moderate,High,High,High,Moderate,Moderate,Moderate,High,High,High,High
432,Female,Second year,Mathematics,18-25,At home,Alone,"Lectures, Learning by practicing, Project-based learning, Online courses and tutorials","Books, Online documents, YouTube videos",Yes,Lack of previous knowledge or experience in the field,Pressure,Lack of time,Lack of previous knowledge or experience in the field,Not having a good (powerful) computer,Private life problems,Teachers' teaching method,Teaching language,Lack of motivation,3.0,No,5.0,5.0,You do not care about,5-7 hours,4.0,9.0,8.0,8.0,8.0,Bad quality of internet,You do not care about,2,2.0,16.0,15.0,17.0,Moderate,Moderate,Very Low,Moderate,Very High,Moderate,Moderate,High,Moderate,Moderate,Low,Very High,Very High,Very High,Very High,Very High,High,Very High,Very High,Very High,Very High,High,9.0,11.0,Moderate,High,Moderate,High,Low,Moderate,Low,Moderate,Moderate,Very Low,Very Low,Low,Moderate,Moderate,High,High,Moderate,Moderate,Moderate,Moderate,Low,Low,Low,Moderate,High,Moderate,Very High
433,Female,Third year,Technical maths,26-33,In the school's library,In peer,"Lectures, Learning by practicing, Mind mapping and visualization, Interactive workshops, Online courses and tutorials","Online tutorials, YouTube videos",Yes,Bad quality of internet,Pressure,Teachers' teaching method,Lack of previous knowledge or experience in the field,Lack of previous knowledge or experience in the field,Teaching language,Bad quality of internet,Bad quality of internet,"Guergour, thabet, dib, w abdou jirani, nahkiw mashi n9raw ( w mouchaal lol)",2.0,Yes,3.0,5.0,You do not care about,5-7 hours,3.0,8.0,8.0,8.0,6.0,Lack of time,Positively,3,2.0,16.0,15.0,17.0,Moderate,Moderate,Very Low,Moderate,Very High,Moderate,Moderate,High,Moderate,Moderate,Low,Very High,Very High,Very High,Very High,Very High,High,Very High,Very High,Very High,Very High,High,11.0,12.0,Moderate,Moderate,Moderate,High,Low,Moderate,Low,Moderate,Moderate,Very Low,Very Low,Low,Moderate,Moderate,Very High,High,High,High,Moderate,Moderate,Low,High,High,High,High,High,High
434,Male,Third year,Mathematics,18-25,In the school's library,Alone,"Learning by practicing, Mind mapping and visualization, Online courses and tutorials","Books, Online documents, YouTube videos",No,Private life problems,Pressure,Lack of time,Lack of previous knowledge or experience in the field,Not having a good (powerful) computer,Teachers' teaching method,Lack of previous knowledge or experience in the field,Teaching language,"Guergour, thabet, dib, w abdou jirani, nahkiw mashi n9raw ( w mouchaal lol)",3.0,No,4.0,4.0,You do not care about,8 hours or more,3.0,7.0,8.0,7.0,7.0,Bad quality of internet,You do not care about,3,2.0,16.0,15.0,17.0,Moderate,Moderate,Very Low,Moderate,Very High,Moderate,Moderate,High,Moderate,Moderate,Low,Very High,Very High,Very High,Very High,Very High,High,Very High,Very High,Very High,Very High,Very High,15.0,16.0,Moderate,Very High,Moderate,High,Low,Moderate,Low,Moderate,Moderate,Very Low,Very Low,Low,Moderate,Moderate,Very High,High,Very High,Very High,Very High,High,High,High,High,Very High,High,High,High
439,Female,Third year,Technical maths,10-17,At home,Alone,"Learning by practicing, Project-based learning, Mind mapping and visualization","Online tutorials, Online documents",No,Pressure,Private life problems,Lack of previous knowledge or experience in the field,Lack of previous knowledge or experience in the field,Not having a good (powerful) computer,Teachers' teaching method,Bad quality of internet,Teaching language,"Guergour, thabet, dib, w abdou jirani, nahkiw mashi n9raw ( w mouchaal lol)",3.0,No,4.0,4.0,You do not care about,8 hours or more,3.0,9.0,8.0,7.0,5.0,Lack of time,You do not care about,3,2.0,16.0,15.0,17.0,Moderate,Moderate,Very Low,Moderate,Very High,Moderate,Moderate,High,Moderate,Moderate,Low,Very High,Very High,Very High,Very High,Very High,High,Very High,Very High,Very High,Very High,Moderate,9.0,10.0,Moderate,Moderate,Moderate,High,Low,Moderate,Low,Moderate,Moderate,Very Low,Very Low,Low,Moderate,Moderate,Moderate,Moderate,Moderate,Moderate,Moderate,Moderate,Low,Moderate,Low,Moderate,Moderate,Moderate,High
440,Female,Third year,Mathematics,10-17,In your room (dorms),Alone,"Lectures, Learning by practicing, Project-based learning, Mind mapping and visualization","Online documents, YouTube videos",No,Pressure,Private life problems,Lack of time,Lack of previous knowledge or experience in the field,Lack of previous knowledge or experience in the field,Teachers' teaching method,Not having a good (powerful) computer,Teaching language,"Guergour, thabet, dib, w abdou jirani, nahkiw mashi n9raw ( w mouchaal lol)",3.0,Yes,4.0,4.0,You do not care about,8 hours or more,3.0,8.0,8.0,7.0,7.0,Bad quality of internet,You do not care about,3,2.0,16.0,15.0,17.0,Moderate,Moderate,Very Low,Moderate,Very High,Moderate,Moderate,High,Moderate,Moderate,Low,Very High,Very High,Very High,Very High,Very High,High,Very High,Very High,Very High,Very High,High,12.0,13.0,Moderate,High,Moderate,High,Low,Moderate,Low,Moderate,Moderate,Very Low,Very Low,Low,Moderate,Moderate,Very High,High,Moderate,Moderate,Moderate,High,Low,High,High,High,High,High,High
441,Male,Third year,Mathematics,10-17,In the school's library,Alone,"Learning by practicing, Project-based learning, Online courses and tutorials","Online tutorials, YouTube videos",No,Teachers' teaching method,Private life problems,Bad quality of internet,Lack of previous knowledge or experience in the field,Lack of previous knowledge or experience in the field,Lack of time,Teaching language,Pressure,"Guergour, thabet, dib, w abdou jirani, nahkiw mashi n9raw ( w mouchaal lol)",3.0,Yes,3.0,3.0,You do not care about,8 hours or more,5.0,8.0,8.0,8.0,2.0,Not having a good (powerful) computer,You do not care about,3,2.0,16.0,15.0,17.0,Moderate,Moderate,Very Low,Moderate,Very High,Moderate,Moderate,High,Moderate,Moderate,Low,Very High,Very High,Very High,Very High,Very High,High,Very High,Very High,Very High,Very High,High,13.0,13.0,Moderate,High,Moderate,High,Low,Moderate,Low,Moderate,Moderate,Very Low,Very Low,Low,Moderate,Moderate,High,Very High,Moderate,Moderate,Moderate,Moderate,Moderate,High,High,High,High,High,High
444,Female,Third year,Technical maths,26-33,In the school's library,Alone,"Lectures, Learning by practicing, Mind mapping and visualization, Interactive workshops","Books, Online tutorials, Online documents",Yes,Lack of previous knowledge or experience in the field,Teachers' teaching method,Bad quality of internet,Lack of previous knowledge or experience in the field,Pressure,Teaching language,Not having a good (powerful) computer,Private life problems,"Guergour, thabet, dib, w abdou jirani, nahkiw mashi n9raw ( w mouchaal lol)",3.0,Yes,4.0,5.0,You do not care about,5-7 hours,4.0,8.0,8.0,7.0,8.0,Lack of time,You do not care about,3,2.0,16.0,15.0,17.0,Moderate,Moderate,Very Low,Moderate,Very High,Moderate,Moderate,High,Moderate,Moderate,Low,Very High,Very High,Very High,Very High,Very High,High,Very High,Very High,Very High,Very High,High,11.0,11.0,Moderate,High,Moderate,High,Low,Moderate,Low,Moderate,Moderate,Very Low,Very Low,Low,Moderate,Moderate,High,Moderate,Moderate,Moderate,Moderate,Moderate,Low,Moderate,Moderate,High,High,Moderate,High
445,Female,Third year,Mathematics,10-17,In the school's library,In peer,"Lectures, Mind mapping and visualization, Online courses and tutorials","Books, Online tutorials, Online documents",Yes,Private life problems,Teachers' teaching method,Pressure,Lack of previous knowledge or experience in the field,Lack of time,Not having a good (powerful) computer,Lack of previous knowledge or experience in the field,Teaching language,"Guergour, thabet, dib, w abdou jirani, nahkiw mashi n9raw ( w mouchaal lol)",2.0,Yes,3.0,3.0,You do not care about,5-7 hours,2.0,10.0,8.0,8.0,7.0,Bad quality of internet,You do not care about,3,2.0,16.0,15.0,17.0,Moderate,Moderate,Very Low,Moderate,Very High,Moderate,Moderate,High,Moderate,Moderate,Low,Very High,Very High,Very High,Very High,Very High,High,Very High,Very High,Very High,Very High,Moderate,12.0,11.0,Moderate,Moderate,Moderate,High,Low,Moderate,Low,Moderate,Moderate,Very Low,Very Low,Low,Moderate,Moderate,High,High,Moderate,Moderate,Moderate,Moderate,Low,Moderate,High,High,High,High,High
446,Male,Third year,Mathematics,10-17,In your room (dorms),Alone,"Learning by practicing, Project-based learning, Online courses and tutorials","Online tutorials, YouTube videos",No,Bad quality of internet,Teachers' teaching method,Pressure,Lack of previous knowledge or experience in the field,Lack of time,Teaching language,Pressure,Pressure,"Guergour, thabet, dib, w abdou jirani, nahkiw mashi n9raw ( w mouchaal lol)",2.0,Yes,4.0,5.0,You do not care about,8 hours or more,3.0,6.0,8.0,7.0,7.0,Lack of previous knowledge or experience in the field,You do not care about,3,2.0,16.0,15.0,17.0,Moderate,Moderate,Very Low,Moderate,Very High,Moderate,Moderate,High,Moderate,Moderate,Low,Very High,Very High,Very High,Very High,Very High,High,Very High,Very High,Very High,Very High,High,12.0,12.0,Moderate,Moderate,Moderate,High,Low,Moderate,Low,Moderate,Moderate,Very Low,Very Low,Low,Moderate,Moderate,High,Moderate,High,Moderate,Moderate,High,Moderate,High,High,High,High,High,High
456,Male,Third year,Mathematics,10-17,In your room (dorms),Alone,"Learning by practicing, Project-based learning","Books, Online tutorials",No,Lack of previous knowledge or experience in the field,Lack of time,Teachers' teaching method,Lack of previous knowledge or experience in the field,Private life problems,Bad quality of internet,Teaching language,Not having a good (powerful) computer,"Guergour, thabet, dib, w abdou jirani, nahkiw mashi n9raw ( w mouchaal lol)",3.0,No,3.0,4.0,You do not care about,5-7 hours,4.0,7.0,9.0,9.0,7.0,Pressure,Positively,3,2.0,16.0,15.0,17.0,Moderate,Moderate,Very Low,Moderate,Very High,Moderate,Moderate,High,Moderate,Moderate,Low,Very High,Very High,Very High,Very High,Very High,High,Very High,Very High,Very High,Very High,High,14.0,14.0,Moderate,High,Moderate,High,Low,Moderate,Low,Moderate,Moderate,Very Low,Very Low,Low,Moderate,Moderate,High,High,Very High,High,High,High,High,High,Very High,Very High,Very High,High,High
475,Male,Third year,Mathematics,10-17,In your room (dorms),Alone,"Learning by practicing, Mind mapping and visualization, Online courses and tutorials","Books, Online tutorials, YouTube videos",No,Pressure,Teachers' teaching method,Lack of time,Lack of previous knowledge or experience in the field,Lack of time,Lack of previous knowledge or experience in the field,Teaching language,Private life problems,"Guergour, thabet, dib, w abdou jirani, nahkiw mashi n9raw ( w mouchaal lol)",3.0,Yes,5.0,5.0,You do not care about,5-7 hours,3.0,9.0,10.0,10.0,6.0,Bad quality of internet,You do not care about,3,2.0,16.0,15.0,17.0,Moderate,Moderate,Very Low,Moderate,Very High,Moderate,Moderate,High,Moderate,Moderate,Low,Very High,Very High,Very High,Very High,Very High,High,Very High,Very High,Very High,Very High,High,14.0,14.0,Moderate,High,Moderate,Very High,Low,Moderate,Low,Moderate,Moderate,Very Low,Very Low,Low,Moderate,Moderate,High,High,Very High,Very High,High,High,High,Moderate,High,Very High,Very High,High,High
